2026-05-14 10:03:59 | INFO    | binance_eth.analyzer | Fetching 100 klines for ETHUSDT 1h
2026-05-14 10:03:59 | INFO    | binance_eth.storage | Database initialized at /home/lmx/claudetest/data/market.db
2026-05-14 10:03:59 | INFO    | binance_eth.storage | Saved 100 klines to DB (ETHUSDT 1h)
2026-05-14 10:03:59 | INFO    | binance_eth.storage | Saved 100 klines to CSV: /home/lmx/claudetest/data/ETHUSDT_1h.csv
2026-05-14 10:03:59 | INFO    | binance_eth.analyzer | ============================================================
2026-05-14 10:03:59 | INFO    | binance_eth.analyzer | 技术分析报告: ETHUSDT 1h
2026-05-14 10:03:59 | INFO    | binance_eth.analyzer | ============================================================
2026-05-14 10:03:59 | INFO    | binance_eth.analyzer | 时间: 2026-05-14 02:00:00
2026-05-14 10:03:59 | INFO    | binance_eth.analyzer | 收盘价: 2264.68
2026-05-14 10:03:59 | INFO    | binance_eth.analyzer | 24K 最高: 2323.36 | 最低: 2234.13
2026-05-14 10:03:59 | INFO    | binance_eth.analyzer | 
2026-05-14 10:03:59 | INFO    | binance_eth.analyzer | 移动平均线:
2026-05-14 10:03:59 | INFO    | binance_eth.analyzer |   SMA(20): 2272.97
2026-05-14 10:03:59 | INFO    | binance_eth.analyzer |   EMA(12): 2264.80 | EMA(26): 2272.97
2026-05-14 10:03:59 | INFO    | binance_eth.analyzer | 
2026-05-14 10:03:59 | INFO    | binance_eth.analyzer | RSI(14): 48.33
2026-05-14 10:03:59 | INFO    | binance_eth.analyzer |   → 中性区域
2026-05-14 10:03:59 | INFO    | binance_eth.analyzer | 
2026-05-14 10:03:59 | INFO    | binance_eth.analyzer | MACD:
2026-05-14 10:03:59 | INFO    | binance_eth.analyzer |   MACD: -8.1734 | Signal: -9.0013 | Hist: 0.8280
2026-05-14 10:03:59 | INFO    | binance_eth.analyzer | 
2026-05-14 10:03:59 | INFO    | binance_eth.analyzer | 布林带:
2026-05-14 10:03:59 | INFO    | binance_eth.analyzer |   上轨: 2320.66 | 中轨: 2272.97 | 下轨: 2225.28
2026-05-14 10:03:59 | INFO    | binance_eth.analyzer |   当前位置: 41.3% (0%=下轨, 100%=上轨)
2026-05-14 10:03:59 | INFO    | binance_eth.analyzer | ============================================================
2026-05-14 10:04:08 | INFO    | binance_eth.backtest | ============================================================
2026-05-14 10:04:08 | INFO    | binance_eth.backtest | 回测报告: ETHUSDT 1h
2026-05-14 10:04:08 | INFO    | binance_eth.backtest | ============================================================
2026-05-14 10:04:08 | INFO    | binance_eth.backtest | 策略: MA(10) × MA(30) 金叉
2026-05-14 10:04:08 | INFO    | binance_eth.backtest | 数据范围: 2026-05-11 04:00:00 至 2026-05-14 02:00:00
2026-05-14 10:04:08 | INFO    | binance_eth.backtest | K线数量: 71
2026-05-14 10:04:08 | INFO    | binance_eth.backtest | 
2026-05-14 10:04:08 | INFO    | binance_eth.backtest | 初始资金: $10000.00
2026-05-14 10:04:08 | INFO    | binance_eth.backtest | 最终资金: $9791.28
2026-05-14 10:04:08 | INFO    | binance_eth.backtest | 总收益率: -2.09%
2026-05-14 10:04:08 | INFO    | binance_eth.backtest | 最大回撤: -3.65%
2026-05-14 10:04:08 | INFO    | binance_eth.backtest | 
2026-05-14 10:04:08 | INFO    | binance_eth.backtest | 交易次数: 1
2026-05-14 10:04:08 | INFO    | binance_eth.backtest | 胜率: 0.0% (0/1)
2026-05-14 10:04:08 | INFO    | binance_eth.backtest | 手续费率: 0.10%
2026-05-14 10:04:08 | INFO    | binance_eth.backtest | ============================================================
2026-05-14 10:04:19 | INFO    | binance_eth.storage | Database initialized at /home/lmx/claudetest/data/market.db
2026-05-14 10:04:19 | INFO    | binance_eth.storage | Saved 50 klines to DB (ETHUSDT 15m)
2026-05-14 10:04:19 | INFO    | binance_eth.storage | Saved 50 klines to CSV: /home/lmx/claudetest/data/ETHUSDT_15m.csv
2026-05-14 10:06:35 | INFO    | binance_eth.analyzer | Fetching 500 klines for ETHUSDT 1h
2026-05-14 10:06:36 | INFO    | binance_eth.storage | Database initialized at /home/lmx/claudetest/data/market.db
2026-05-14 10:06:36 | INFO    | binance_eth.storage | Saved 500 klines to DB (ETHUSDT 1h)
2026-05-14 10:06:36 | INFO    | binance_eth.storage | Saved 500 klines to CSV: /home/lmx/claudetest/data/ETHUSDT_1h.csv
2026-05-14 10:06:36 | INFO    | binance_eth.analyzer | ============================================================
2026-05-14 10:06:36 | INFO    | binance_eth.analyzer | 技术分析报告: ETHUSDT 1h
2026-05-14 10:06:36 | INFO    | binance_eth.analyzer | ============================================================
2026-05-14 10:06:36 | INFO    | binance_eth.analyzer | 时间: 2026-05-14 02:00:00
2026-05-14 10:06:36 | INFO    | binance_eth.analyzer | 收盘价: 2264.12
2026-05-14 10:06:36 | INFO    | binance_eth.analyzer | 24K 最高: 2323.36 | 最低: 2234.13
2026-05-14 10:06:36 | INFO    | binance_eth.analyzer | 
2026-05-14 10:06:36 | INFO    | binance_eth.analyzer | 移动平均线:
2026-05-14 10:06:36 | INFO    | binance_eth.analyzer |   SMA(20): 2272.94
2026-05-14 10:06:36 | INFO    | binance_eth.analyzer |   EMA(12): 2264.71 | EMA(26): 2272.92
2026-05-14 10:06:36 | INFO    | binance_eth.analyzer | 
2026-05-14 10:06:36 | INFO    | binance_eth.analyzer | RSI(14): 47.72
2026-05-14 10:06:36 | INFO    | binance_eth.analyzer |   → 中性区域
2026-05-14 10:06:36 | INFO    | binance_eth.analyzer | 
2026-05-14 10:06:36 | INFO    | binance_eth.analyzer | MACD:
2026-05-14 10:06:36 | INFO    | binance_eth.analyzer |   MACD: -8.2142 | Signal: -9.0047 | Hist: 0.7904
2026-05-14 10:06:36 | INFO    | binance_eth.analyzer | 
2026-05-14 10:06:36 | INFO    | binance_eth.analyzer | 布林带:
2026-05-14 10:06:36 | INFO    | binance_eth.analyzer |   上轨: 2320.65 | 中轨: 2272.94 | 下轨: 2225.23
2026-05-14 10:06:36 | INFO    | binance_eth.analyzer |   当前位置: 40.8% (0%=下轨, 100%=上轨)
2026-05-14 10:06:36 | INFO    | binance_eth.analyzer | ============================================================
2026-05-14 10:07:02 | INFO    | binance_eth.monitor | Starting price monitor for ETHUSDT (poll=10s, pct_alert=1.00%, upper=None, lower=None)
2026-05-14 10:07:02 | INFO    | binance_eth.monitor | ETHUSDT | Price: 2264.35 | 24h: -1.12% | High: 2323.36 | Low: 2234.13 | Vol: 256962.06
2026-05-14 10:07:12 | INFO    | binance_eth.monitor | ETHUSDT | Price: 2264.16 | 24h: -1.12% | High: 2323.36 | Low: 2234.13 | Vol: 256962.55
2026-05-14 10:07:23 | INFO    | binance_eth.monitor | ETHUSDT | Price: 2264.05 | 24h: -1.13% | High: 2323.36 | Low: 2234.13 | Vol: 256968.21
2026-05-14 10:07:33 | INFO    | binance_eth.monitor | Monitor stopped by user
2026-05-14 10:13:16 | WARNING | binance_eth.trader | ================================================================================
2026-05-14 10:13:16 | WARNING | binance_eth.trader | ⚠️  交易策略推荐系统 - 仅供参考，不构成投资建议
2026-05-14 10:13:16 | WARNING | binance_eth.trader | ⚠️  杠杆交易风险极高，可能导致全部本金损失
2026-05-14 10:13:16 | WARNING | binance_eth.trader | ================================================================================
2026-05-14 10:13:16 | INFO    | binance_eth.trader | 交易对: ETHUSDT | K线周期: 5m
2026-05-14 10:13:16 | INFO    | binance_eth.trader | 本金: 1000.00 USDT | 杠杆: 20x | 单笔风险: 2.0%
2026-05-14 10:13:16 | INFO    | binance_eth.trader | 止损: 2.0% | 止盈: 4.0%
2026-05-14 10:13:16 | INFO    | binance_eth.trader | 检查间隔: 10 秒
2026-05-14 10:13:16 | INFO    | binance_eth.trader | ================================================================================
2026-05-14 10:13:16 | INFO    | binance_eth.trader | 当前价格: 2263.84 | 信号不足
2026-05-14 10:13:26 | INFO    | binance_eth.trader | 当前价格: 2263.98 | 信号不足
2026-05-14 10:13:37 | INFO    | binance_eth.trader | 当前价格: 2263.90 | 信号不足
2026-05-14 10:13:47 | INFO    | binance_eth.trader | 当前价格: 2263.72 | 信号不足
2026-05-14 10:13:57 | INFO    | binance_eth.trader | 当前价格: 2262.34 | 信号不足
2026-05-14 10:14:08 | INFO    | binance_eth.trader | 当前价格: 2262.05 | 信号不足
2026-05-14 10:15:18 | WARNING | binance_eth.trader | ================================================================================
2026-05-14 10:15:18 | WARNING | binance_eth.trader | ⚠️  交易策略推荐系统 - 仅供参考，不构成投资建议
2026-05-14 10:15:18 | WARNING | binance_eth.trader | ⚠️  杠杆交易风险极高，可能导致全部本金损失
2026-05-14 10:15:18 | WARNING | binance_eth.trader | ================================================================================
2026-05-14 10:15:18 | INFO    | binance_eth.trader | 交易对: ETHUSDT | K线周期: 5m
2026-05-14 10:15:18 | INFO    | binance_eth.trader | 本金: 1000.00 USDT | 杠杆: 20x | 单笔风险: 2.0%
2026-05-14 10:15:18 | INFO    | binance_eth.trader | 止损: 2.0% | 止盈: 4.0%
2026-05-14 10:15:18 | INFO    | binance_eth.trader | 检查间隔: 30 秒
2026-05-14 10:15:18 | INFO    | binance_eth.trader | ================================================================================
2026-05-14 10:15:19 | INFO    | binance_eth.trader | 当前价格: 2262.10 | 信号不足
2026-05-14 10:15:49 | INFO    | binance_eth.trader | 当前价格: 2262.57 | 信号不足
2026-05-14 10:16:19 | INFO    | binance_eth.trader | 当前价格: 2262.10 | 信号不足
2026-05-14 10:16:49 | INFO    | binance_eth.trader | 当前价格: 2261.55 | 信号不足
2026-05-14 10:17:19 | INFO    | binance_eth.trader | 当前价格: 2261.73 | 信号不足
2026-05-14 10:17:49 | INFO    | binance_eth.trader | 当前价格: 2261.15 | 信号不足
2026-05-14 10:18:20 | INFO    | binance_eth.trader | 当前价格: 2261.15 | 信号不足
2026-05-14 10:18:50 | INFO    | binance_eth.trader | 当前价格: 2261.15 | 信号不足
2026-05-14 10:19:20 | INFO    | binance_eth.trader | 当前价格: 2261.05 | 信号不足
2026-05-14 10:19:50 | INFO    | binance_eth.trader | 当前价格: 2261.35 | 信号不足
2026-05-14 10:20:20 | INFO    | binance_eth.trader | 当前价格: 2262.92 | 信号不足
2026-05-14 10:20:48 | INFO    | binance_eth.trader | ================================================================================
2026-05-14 10:20:48 | INFO    | binance_eth.trader | 交易策略回测报告
2026-05-14 10:20:48 | INFO    | binance_eth.trader | ================================================================================
2026-05-14 10:20:48 | INFO    | binance_eth.trader | 交易对: ETHUSDT | K线周期: 1h | 数据量: 500
2026-05-14 10:20:48 | INFO    | binance_eth.trader | 时间范围: 2026-04-23 07:00:00 至 2026-05-14 02:00:00
2026-05-14 10:20:48 | INFO    | binance_eth.trader | 初始资金: 1000.00 USDT | 杠杆: 20x
2026-05-14 10:20:48 | INFO    | binance_eth.trader | 止损: 2.0% | 止盈: 4.0% | 单笔风险: 2.0%
2026-05-14 10:20:48 | INFO    | binance_eth.trader | ================================================================================
2026-05-14 10:20:48 | INFO    | binance_eth.trader | [2026-04-25 15:00:00] 🟢 开多 | 价格: 2308.09 | 仓位: 0.4333 | 止损: 2261.93 | 止盈: 2400.41 | 原因: RSI超卖(<30) | MACD死叉 | 价格触及布林下轨
2026-05-14 10:20:48 | INFO    | binance_eth.trader | [2026-04-26 05:00:00] ⬆️  平多 | 价格: 2327.84 | 盈亏: +17.11% (+171.14 USDT) | 原因: RSI超买，建议止盈
2026-05-14 10:20:48 | INFO    | binance_eth.trader | [2026-04-26 06:00:00] 🔴 开空 | 价格: 2329.99 | 仓位: 0.4292 | 止损: 2376.59 | 止盈: 2236.79 | 原因: RSI超买(>70) | 价格触及布林上轨
2026-05-14 10:20:48 | INFO    | binance_eth.trader | [2026-04-27 00:00:00] ⬇️  平空 | 价格: 2390.76 | 盈亏: -52.16% (-521.63 USDT) | 原因: 触发止损 (入场:2329.99 止损:2376.59)
2026-05-14 10:20:48 | INFO    | binance_eth.trader | [2026-04-27 01:00:00] 🔴 开空 | 价格: 2394.61 | 仓位: 0.4176 | 止损: 2442.50 | 止盈: 2298.83 | 原因: RSI超买(>70) | 价格触及布林上轨
2026-05-14 10:20:48 | INFO    | binance_eth.trader | [2026-04-27 05:00:00] ⬇️  平空 | 价格: 2323.18 | 盈亏: +59.66% (+596.59 USDT) | 原因: RSI超卖，建议止盈
2026-05-14 10:20:49 | INFO    | binance_eth.trader | [2026-04-29 03:00:00] 🔴 开空 | 价格: 2311.52 | 仓位: 0.4326 | 止损: 2357.75 | 止盈: 2219.06 | 原因: RSI超买(>70) | 价格触及布林上轨
2026-05-14 10:20:49 | INFO    | binance_eth.trader | [2026-04-29 15:00:00] ⬇️  平空 | 价格: 2272.51 | 盈亏: +33.75% (+337.53 USDT) | 原因: RSI超卖，建议止盈
2026-05-14 10:20:49 | INFO    | binance_eth.trader | [2026-04-29 18:00:00] 🟢 开多 | 价格: 2239.41 | 仓位: 0.4465 | 止损: 2194.62 | 止盈: 2328.99 | 原因: RSI超卖(<30) | 价格触及布林下轨
2026-05-14 10:20:49 | INFO    | binance_eth.trader | [2026-05-01 03:00:00] ⬆️  平多 | 价格: 2282.87 | 盈亏: +38.81% (+388.14 USDT) | 原因: RSI超买，建议止盈
2026-05-14 10:20:49 | INFO    | binance_eth.trader | [2026-05-01 04:00:00] 🔴 开空 | 价格: 2280.12 | 仓位: 0.4386 | 止损: 2325.72 | 止盈: 2188.92 | 原因: RSI超买(>70) | 价格触及布林上轨
2026-05-14 10:20:49 | INFO    | binance_eth.trader | [2026-05-02 21:00:00] ⬇️  平空 | 价格: 2325.62 | 盈亏: -39.91% (-399.10 USDT) | 原因: MACD金叉信号
2026-05-14 10:20:49 | INFO    | binance_eth.trader | [2026-05-02 22:00:00] 🔴 开空 | 价格: 2327.00 | 仓位: 0.4297 | 止损: 2373.54 | 止盈: 2233.92 | 原因: RSI超买(>70) | 价格触及布林上轨
2026-05-14 10:20:49 | INFO    | binance_eth.trader | [2026-05-03 11:00:00] ⬇️  平空 | 价格: 2319.63 | 盈亏: +6.33% (+63.34 USDT) | 原因: MACD金叉信号
2026-05-14 10:20:49 | INFO    | binance_eth.trader | [2026-05-04 01:00:00] 🟢 开多 | 价格: 2351.20 | 仓位: 0.4253 | 止损: 2304.18 | 止盈: 2445.25 | 原因: MACD金叉 | 价格触及布林上轨
2026-05-14 10:20:49 | INFO    | binance_eth.trader | [2026-05-04 02:00:00] ⬆️  平多 | 价格: 2374.73 | 盈亏: +20.02% (+200.15 USDT) | 原因: RSI超买，建议止盈
2026-05-14 10:20:49 | INFO    | binance_eth.trader | [2026-05-04 03:00:00] 🔴 开空 | 价格: 2385.12 | 仓位: 0.4193 | 止损: 2432.82 | 止盈: 2289.72 | 原因: RSI超买(>70) | 价格触及布林上轨
2026-05-14 10:20:49 | INFO    | binance_eth.trader | [2026-05-05 03:00:00] ⬇️  平空 | 价格: 2382.43 | 盈亏: +2.26% (+22.56 USDT) | 原因: MACD金叉信号
2026-05-14 10:20:49 | INFO    | binance_eth.trader | [2026-05-06 08:00:00] 🟢 开多 | 价格: 2394.33 | 仓位: 0.4177 | 止损: 2346.44 | 止盈: 2490.10 | 原因: RSI超买(>70) | MACD金叉 | 价格触及布林上轨
2026-05-14 10:20:49 | INFO    | binance_eth.trader | [2026-05-06 09:00:00] ⬆️  平多 | 价格: 2412.76 | 盈亏: +15.39% (+153.95 USDT) | 原因: RSI超买，建议止盈
2026-05-14 10:20:49 | INFO    | binance_eth.trader | [2026-05-06 10:00:00] 🔴 开空 | 价格: 2410.20 | 仓位: 0.4149 | 止损: 2458.40 | 止盈: 2313.79 | 原因: RSI超买(>70) | 价格触及布林上轨
2026-05-14 10:20:49 | INFO    | binance_eth.trader | [2026-05-06 17:00:00] ⬇️  平空 | 价格: 2349.70 | 盈亏: +50.20% (+502.03 USDT) | 原因: RSI超卖，建议止盈
2026-05-14 10:20:49 | INFO    | binance_eth.trader | [2026-05-07 13:00:00] 🔴 开空 | 价格: 2314.32 | 仓位: 0.4321 | 止损: 2360.61 | 止盈: 2221.75 | 原因: RSI超卖(<30) | MACD死叉
2026-05-14 10:20:49 | INFO    | binance_eth.trader | [2026-05-07 14:00:00] ⬇️  平空 | 价格: 2298.98 | 盈亏: +13.26% (+132.57 USDT) | 原因: RSI超卖，建议止盈
2026-05-14 10:20:49 | INFO    | binance_eth.trader | [2026-05-07 15:00:00] 🟢 开多 | 价格: 2294.82 | 仓位: 0.4358 | 止损: 2248.92 | 止盈: 2386.61 | 原因: RSI超卖(<30) | 价格触及布林下轨
2026-05-14 10:20:49 | INFO    | binance_eth.trader | [2026-05-08 18:00:00] ⬆️  平多 | 价格: 2313.49 | 盈亏: +16.27% (+162.71 USDT) | 原因: RSI超买，建议止盈
2026-05-14 10:20:49 | INFO    | binance_eth.trader | [2026-05-08 19:00:00] 🔴 开空 | 价格: 2316.05 | 仓位: 0.4318 | 止损: 2362.37 | 止盈: 2223.41 | 原因: RSI超买(>70) | 价格触及布林上轨
2026-05-14 10:20:49 | INFO    | binance_eth.trader | [2026-05-09 17:00:00] ⬇️  平空 | 价格: 2329.45 | 盈亏: -11.57% (-115.71 USDT) | 原因: MACD金叉信号
2026-05-14 10:20:49 | INFO    | binance_eth.trader | [2026-05-09 18:00:00] 🔴 开空 | 价格: 2330.22 | 仓位: 0.4291 | 止损: 2376.82 | 止盈: 2237.01 | 原因: RSI超买(>70) | 价格触及布林上轨
2026-05-14 10:20:49 | INFO    | binance_eth.trader | [2026-05-10 15:00:00] ⬇️  平空 | 价格: 2347.56 | 盈亏: -14.88% (-148.83 USDT) | 原因: MACD金叉信号
2026-05-14 10:20:49 | INFO    | binance_eth.trader | [2026-05-10 16:00:00] 🔴 开空 | 价格: 2350.00 | 仓位: 0.4255 | 止损: 2397.00 | 止盈: 2256.00 | 原因: RSI超买(>70) | 价格触及布林上轨
2026-05-14 10:20:49 | INFO    | binance_eth.trader | [2026-05-10 22:00:00] ⬇️  平空 | 价格: 2373.78 | 盈亏: -20.24% (-202.38 USDT) | 原因: MACD金叉信号
2026-05-14 10:20:49 | INFO    | binance_eth.trader | [2026-05-12 01:00:00] 🟢 开多 | 价格: 2311.41 | 仓位: 0.4326 | 止损: 2265.18 | 止盈: 2403.87 | 原因: RSI超卖(<30) | MACD死叉 | 价格触及布林下轨
2026-05-14 10:20:49 | INFO    | binance_eth.trader | [2026-05-12 15:00:00] ⬆️  平多 | 价格: 2261.85 | 盈亏: -42.88% (-428.83 USDT) | 原因: 触发止损 (入场:2311.41 止损:2265.18)
2026-05-14 10:20:49 | INFO    | binance_eth.trader | [2026-05-13 04:00:00] 🔴 开空 | 价格: 2306.67 | 仓位: 0.4335 | 止损: 2352.80 | 止盈: 2214.40 | 原因: RSI超买(>70) | 价格触及布林上轨
2026-05-14 10:20:49 | INFO    | binance_eth.trader | [2026-05-13 13:00:00] ⬇️  平空 | 价格: 2262.80 | 盈亏: +38.04% (+380.38 USDT) | 原因: RSI超卖，建议止盈
2026-05-14 10:20:49 | INFO    | binance_eth.trader | [2026-05-13 15:00:00] 🟢 开多 | 价格: 2236.49 | 仓位: 0.4471 | 止损: 2191.76 | 止盈: 2325.95 | 原因: RSI超卖(<30) | 价格触及布林下轨
2026-05-14 10:20:50 | WARNING | binance_eth.trader | 回测结束时仍有持仓，强制平仓
2026-05-14 10:20:50 | INFO    | binance_eth.trader | ================================================================================
2026-05-14 10:20:50 | INFO    | binance_eth.trader | 回测结果汇总
2026-05-14 10:20:50 | INFO    | binance_eth.trader | ================================================================================
2026-05-14 10:20:50 | INFO    | binance_eth.trader | 初始资金: 1000.00 USDT
2026-05-14 10:20:50 | INFO    | binance_eth.trader | 最终资金: 2541.68 USDT
2026-05-14 10:20:50 | INFO    | binance_eth.trader | 总收益率: +154.17%
2026-05-14 10:20:50 | INFO    | binance_eth.trader | 最大回撤: -44.54%
2026-05-14 10:20:50 | INFO    | binance_eth.trader | 
2026-05-14 10:20:50 | INFO    | binance_eth.trader | 交易统计:
2026-05-14 10:20:50 | INFO    | binance_eth.trader |   总交易次数: 19
2026-05-14 10:20:50 | INFO    | binance_eth.trader |   盈利次数: 13 | 亏损次数: 6
2026-05-14 10:20:50 | INFO    | binance_eth.trader |   胜率: 68.4%
2026-05-14 10:20:50 | INFO    | binance_eth.trader |   平均盈利: 258.32 USDT | 平均亏损: -302.75 USDT
2026-05-14 10:20:50 | INFO    | binance_eth.trader |   盈亏比: 1.85
2026-05-14 10:20:50 | INFO    | binance_eth.trader | 
2026-05-14 10:20:50 | INFO    | binance_eth.trader | 交易明细:
2026-05-14 10:20:50 | INFO    | binance_eth.trader |   #1 [LONG] 入场: 2308.09 | 出场: 2327.84 | 盈亏: +17.11% (+171.14 USDT) | RSI超买，建议止盈
2026-05-14 10:20:50 | INFO    | binance_eth.trader |   #2 [SHORT] 入场: 2329.99 | 出场: 2390.76 | 盈亏: -52.16% (-521.63 USDT) | 触发止损 (入场:2329.99 止损:2376.59)
2026-05-14 10:20:50 | INFO    | binance_eth.trader |   #3 [SHORT] 入场: 2394.61 | 出场: 2323.18 | 盈亏: +59.66% (+596.59 USDT) | RSI超卖，建议止盈
2026-05-14 10:20:50 | INFO    | binance_eth.trader |   #4 [SHORT] 入场: 2311.52 | 出场: 2272.51 | 盈亏: +33.75% (+337.53 USDT) | RSI超卖，建议止盈
2026-05-14 10:20:50 | INFO    | binance_eth.trader |   #5 [LONG] 入场: 2239.41 | 出场: 2282.87 | 盈亏: +38.81% (+388.14 USDT) | RSI超买，建议止盈
2026-05-14 10:20:50 | INFO    | binance_eth.trader |   #6 [SHORT] 入场: 2280.12 | 出场: 2325.62 | 盈亏: -39.91% (-399.10 USDT) | MACD金叉信号
2026-05-14 10:20:50 | INFO    | binance_eth.trader |   #7 [SHORT] 入场: 2327.00 | 出场: 2319.63 | 盈亏: +6.33% (+63.34 USDT) | MACD金叉信号
2026-05-14 10:20:50 | INFO    | binance_eth.trader |   #8 [LONG] 入场: 2351.20 | 出场: 2374.73 | 盈亏: +20.02% (+200.15 USDT) | RSI超买，建议止盈
2026-05-14 10:20:50 | INFO    | binance_eth.trader |   #9 [SHORT] 入场: 2385.12 | 出场: 2382.43 | 盈亏: +2.26% (+22.56 USDT) | MACD金叉信号
2026-05-14 10:20:50 | INFO    | binance_eth.trader |   #10 [LONG] 入场: 2394.33 | 出场: 2412.76 | 盈亏: +15.39% (+153.95 USDT) | RSI超买，建议止盈
2026-05-14 10:20:50 | INFO    | binance_eth.trader |   #11 [SHORT] 入场: 2410.20 | 出场: 2349.70 | 盈亏: +50.20% (+502.03 USDT) | RSI超卖，建议止盈
2026-05-14 10:20:50 | INFO    | binance_eth.trader |   #12 [SHORT] 入场: 2314.32 | 出场: 2298.98 | 盈亏: +13.26% (+132.57 USDT) | RSI超卖，建议止盈
2026-05-14 10:20:50 | INFO    | binance_eth.trader |   #13 [LONG] 入场: 2294.82 | 出场: 2313.49 | 盈亏: +16.27% (+162.71 USDT) | RSI超买，建议止盈
2026-05-14 10:20:50 | INFO    | binance_eth.trader |   #14 [SHORT] 入场: 2316.05 | 出场: 2329.45 | 盈亏: -11.57% (-115.71 USDT) | MACD金叉信号
2026-05-14 10:20:50 | INFO    | binance_eth.trader |   #15 [SHORT] 入场: 2330.22 | 出场: 2347.56 | 盈亏: -14.88% (-148.83 USDT) | MACD金叉信号
2026-05-14 10:20:50 | INFO    | binance_eth.trader |   #16 [SHORT] 入场: 2350.00 | 出场: 2373.78 | 盈亏: -20.24% (-202.38 USDT) | MACD金叉信号
2026-05-14 10:20:50 | INFO    | binance_eth.trader |   #17 [LONG] 入场: 2311.41 | 出场: 2261.85 | 盈亏: -42.88% (-428.83 USDT) | 触发止损 (入场:2311.41 止损:2265.18)
2026-05-14 10:20:50 | INFO    | binance_eth.trader |   #18 [SHORT] 入场: 2306.67 | 出场: 2262.80 | 盈亏: +38.04% (+380.38 USDT) | RSI超卖，建议止盈
2026-05-14 10:20:50 | INFO    | binance_eth.trader |   #19 [LONG] 入场: 2236.49 | 出场: 2264.12 | 盈亏: +24.71% (+247.08 USDT) | 回测结束强制平仓
2026-05-14 10:20:50 | INFO    | binance_eth.trader | ================================================================================
2026-05-14 10:20:50 | INFO    | binance_eth.trader | 当前价格: 2263.57 | 信号不足
2026-05-14 10:21:20 | INFO    | binance_eth.trader | 当前价格: 2263.57 | 信号不足
2026-05-14 10:21:51 | INFO    | binance_eth.trader | 当前价格: 2263.19 | 信号不足
2026-05-14 10:22:21 | INFO    | binance_eth.trader | 当前价格: 2263.20 | 信号不足
2026-05-14 10:22:27 | INFO    | binance_eth.trader | 交易推荐系统已停止
2026-05-14 10:22:29 | INFO    | binance_eth.trader | ================================================================================
2026-05-14 10:22:29 | INFO    | binance_eth.trader | 交易策略回测报告
2026-05-14 10:22:29 | INFO    | binance_eth.trader | ================================================================================
2026-05-14 10:22:29 | INFO    | binance_eth.trader | 交易对: ETHUSDT | K线周期: 1h | 数据量: 500
2026-05-14 10:22:29 | INFO    | binance_eth.trader | 时间范围: 2026-04-23 07:00:00 至 2026-05-14 02:00:00
2026-05-14 10:22:29 | INFO    | binance_eth.trader | 初始资金: 1000.00 USDT | 杠杆: 20x
2026-05-14 10:22:29 | INFO    | binance_eth.trader | 止损: 1.5% | 止盈: 3.0% | 单笔风险: 2.0%
2026-05-14 10:22:29 | INFO    | binance_eth.trader | ================================================================================
2026-05-14 10:22:29 | INFO    | binance_eth.trader | [2026-04-25 15:00:00] 🟢 开多 | 价格: 2308.09 | 仓位: 0.5777 | 止损: 2273.47 | 止盈: 2377.33 | 原因: RSI超卖(<30) | MACD死叉 | 价格触及布林下轨
2026-05-14 10:22:29 | INFO    | binance_eth.trader | [2026-04-26 05:00:00] ⬆️  平多 | 价格: 2327.84 | 盈亏: +17.11% (+171.14 USDT) | 原因: RSI超买，建议止盈
2026-05-14 10:22:29 | INFO    | binance_eth.trader | [2026-04-26 06:00:00] 🔴 开空 | 价格: 2329.99 | 仓位: 0.5722 | 止损: 2364.94 | 止盈: 2260.09 | 原因: RSI超买(>70) | 价格触及布林上轨
2026-05-14 10:22:30 | INFO    | binance_eth.trader | [2026-04-26 19:00:00] ⬇️  平空 | 价格: 2367.40 | 盈亏: -32.11% (-321.12 USDT) | 原因: 触发止损 (入场:2329.99 止损:2364.94)
2026-05-14 10:22:30 | INFO    | binance_eth.trader | [2026-04-27 00:00:00] 🔴 开空 | 价格: 2390.76 | 仓位: 0.5577 | 止损: 2426.62 | 止盈: 2319.04 | 原因: RSI超买(>70) | 价格触及布林上轨
2026-05-14 10:22:30 | INFO    | binance_eth.trader | [2026-04-27 05:00:00] ⬇️  平空 | 价格: 2323.18 | 盈亏: +56.53% (+565.34 USDT) | 原因: RSI超卖，建议止盈
2026-05-14 10:22:30 | INFO    | binance_eth.trader | [2026-04-29 03:00:00] 🔴 开空 | 价格: 2311.52 | 仓位: 0.5768 | 止损: 2346.19 | 止盈: 2242.17 | 原因: RSI超买(>70) | 价格触及布林上轨
2026-05-14 10:22:30 | INFO    | binance_eth.trader | [2026-04-29 15:00:00] ⬇️  平空 | 价格: 2272.51 | 盈亏: +33.75% (+337.53 USDT) | 原因: RSI超卖，建议止盈
2026-05-14 10:22:30 | INFO    | binance_eth.trader | [2026-04-29 18:00:00] 🟢 开多 | 价格: 2239.41 | 仓位: 0.5954 | 止损: 2205.82 | 止盈: 2306.59 | 原因: RSI超卖(<30) | 价格触及布林下轨
2026-05-14 10:22:30 | INFO    | binance_eth.trader | [2026-05-01 03:00:00] ⬆️  平多 | 价格: 2282.87 | 盈亏: +38.81% (+388.14 USDT) | 原因: RSI超买，建议止盈
2026-05-14 10:22:30 | INFO    | binance_eth.trader | [2026-05-01 04:00:00] 🔴 开空 | 价格: 2280.12 | 仓位: 0.5848 | 止损: 2314.32 | 止盈: 2211.72 | 原因: RSI超买(>70) | 价格触及布林上轨
2026-05-14 10:22:30 | INFO    | binance_eth.trader | [2026-05-01 13:00:00] ⬇️  平空 | 价格: 2318.22 | 盈亏: -33.42% (-334.19 USDT) | 原因: 触发止损 (入场:2280.12 止损:2314.32)
2026-05-14 10:22:30 | INFO    | binance_eth.trader | [2026-05-02 21:00:00] 🟢 开多 | 价格: 2325.62 | 仓位: 0.5733 | 止损: 2290.74 | 止盈: 2395.39 | 原因: RSI超买(>70) | MACD金叉 | 价格触及布林上轨
2026-05-14 10:22:30 | INFO    | binance_eth.trader | [2026-05-02 22:00:00] ⬆️  平多 | 价格: 2327.00 | 盈亏: +1.19% (+11.87 USDT) | 原因: RSI超买，建议止盈
2026-05-14 10:22:30 | INFO    | binance_eth.trader | [2026-05-03 11:00:00] 🟢 开多 | 价格: 2319.63 | 仓位: 0.5748 | 止损: 2284.84 | 止盈: 2389.22 | 原因: MACD金叉
2026-05-14 10:22:30 | INFO    | binance_eth.trader | [2026-05-03 12:00:00] ⬆️  平多 | 价格: 2325.71 | 盈亏: +5.24% (+52.42 USDT) | 原因: RSI超买，建议止盈
2026-05-14 10:22:30 | INFO    | binance_eth.trader | [2026-05-04 01:00:00] 🟢 开多 | 价格: 2351.20 | 仓位: 0.5671 | 止损: 2315.93 | 止盈: 2421.74 | 原因: MACD金叉 | 价格触及布林上轨
2026-05-14 10:22:30 | INFO    | binance_eth.trader | [2026-05-04 02:00:00] ⬆️  平多 | 价格: 2374.73 | 盈亏: +20.02% (+200.15 USDT) | 原因: RSI超买，建议止盈
2026-05-14 10:22:30 | INFO    | binance_eth.trader | [2026-05-04 03:00:00] 🔴 开空 | 价格: 2385.12 | 仓位: 0.5590 | 止损: 2420.90 | 止盈: 2313.57 | 原因: RSI超买(>70) | 价格触及布林上轨
2026-05-14 10:22:30 | INFO    | binance_eth.trader | [2026-05-05 03:00:00] ⬇️  平空 | 价格: 2382.43 | 盈亏: +2.26% (+22.56 USDT) | 原因: MACD金叉信号
2026-05-14 10:22:30 | INFO    | binance_eth.trader | [2026-05-06 08:00:00] 🟢 开多 | 价格: 2394.33 | 仓位: 0.5569 | 止损: 2358.42 | 止盈: 2466.16 | 原因: RSI超买(>70) | MACD金叉 | 价格触及布林上轨
2026-05-14 10:22:30 | INFO    | binance_eth.trader | [2026-05-06 09:00:00] ⬆️  平多 | 价格: 2412.76 | 盈亏: +15.39% (+153.95 USDT) | 原因: RSI超买，建议止盈
2026-05-14 10:22:30 | INFO    | binance_eth.trader | [2026-05-06 10:00:00] 🔴 开空 | 价格: 2410.20 | 仓位: 0.5532 | 止损: 2446.35 | 止盈: 2337.89 | 原因: RSI超买(>70) | 价格触及布林上轨
2026-05-14 10:22:30 | INFO    | binance_eth.trader | [2026-05-06 17:00:00] ⬇️  平空 | 价格: 2349.70 | 盈亏: +50.20% (+502.03 USDT) | 原因: RSI超卖，建议止盈
2026-05-14 10:22:30 | INFO    | binance_eth.trader | [2026-05-07 13:00:00] 🔴 开空 | 价格: 2314.32 | 仓位: 0.5761 | 止损: 2349.03 | 止盈: 2244.89 | 原因: RSI超卖(<30) | MACD死叉
2026-05-14 10:22:30 | INFO    | binance_eth.trader | [2026-05-07 14:00:00] ⬇️  平空 | 价格: 2298.98 | 盈亏: +13.26% (+132.57 USDT) | 原因: RSI超卖，建议止盈
2026-05-14 10:22:30 | INFO    | binance_eth.trader | [2026-05-07 15:00:00] 🟢 开多 | 价格: 2294.82 | 仓位: 0.5810 | 止损: 2260.40 | 止盈: 2363.66 | 原因: RSI超卖(<30) | 价格触及布林下轨
2026-05-14 10:22:30 | INFO    | binance_eth.trader | [2026-05-08 18:00:00] ⬆️  平多 | 价格: 2313.49 | 盈亏: +16.27% (+162.71 USDT) | 原因: RSI超买，建议止盈
2026-05-14 10:22:30 | INFO    | binance_eth.trader | [2026-05-08 19:00:00] 🔴 开空 | 价格: 2316.05 | 仓位: 0.5757 | 止损: 2350.79 | 止盈: 2246.57 | 原因: RSI超买(>70) | 价格触及布林上轨
2026-05-14 10:22:30 | INFO    | binance_eth.trader | [2026-05-09 17:00:00] ⬇️  平空 | 价格: 2329.45 | 盈亏: -11.57% (-115.71 USDT) | 原因: MACD金叉信号
2026-05-14 10:22:30 | INFO    | binance_eth.trader | [2026-05-09 18:00:00] 🔴 开空 | 价格: 2330.22 | 仓位: 0.5722 | 止损: 2365.17 | 止盈: 2260.31 | 原因: RSI超买(>70) | 价格触及布林上轨
2026-05-14 10:22:30 | INFO    | binance_eth.trader | [2026-05-10 15:00:00] ⬇️  平空 | 价格: 2347.56 | 盈亏: -14.88% (-148.83 USDT) | 原因: MACD金叉信号
2026-05-14 10:22:30 | INFO    | binance_eth.trader | [2026-05-10 16:00:00] 🔴 开空 | 价格: 2350.00 | 仓位: 0.5674 | 止损: 2385.25 | 止盈: 2279.50 | 原因: RSI超买(>70) | 价格触及布林上轨
2026-05-14 10:22:30 | INFO    | binance_eth.trader | [2026-05-10 22:00:00] ⬇️  平空 | 价格: 2373.78 | 盈亏: -20.24% (-202.38 USDT) | 原因: MACD金叉信号
2026-05-14 10:22:30 | INFO    | binance_eth.trader | [2026-05-12 01:00:00] 🟢 开多 | 价格: 2311.41 | 仓位: 0.5768 | 止损: 2276.74 | 止盈: 2380.75 | 原因: RSI超卖(<30) | MACD死叉 | 价格触及布林下轨
2026-05-14 10:22:31 | INFO    | binance_eth.trader | [2026-05-12 13:00:00] ⬆️  平多 | 价格: 2271.99 | 盈亏: -34.11% (-341.09 USDT) | 原因: 触发止损 (入场:2311.41 止损:2276.74)
2026-05-14 10:22:31 | INFO    | binance_eth.trader | [2026-05-13 04:00:00] 🔴 开空 | 价格: 2306.67 | 仓位: 0.5780 | 止损: 2341.27 | 止盈: 2237.47 | 原因: RSI超买(>70) | 价格触及布林上轨
2026-05-14 10:22:31 | INFO    | binance_eth.trader | [2026-05-13 13:00:00] ⬇️  平空 | 价格: 2262.80 | 盈亏: +38.04% (+380.38 USDT) | 原因: RSI超卖，建议止盈
2026-05-14 10:22:31 | INFO    | binance_eth.trader | [2026-05-13 15:00:00] 🟢 开多 | 价格: 2236.49 | 仓位: 0.5962 | 止损: 2202.94 | 止盈: 2303.58 | 原因: RSI超卖(<30) | 价格触及布林下轨
2026-05-14 10:22:31 | WARNING | binance_eth.trader | 回测结束时仍有持仓，强制平仓
2026-05-14 10:22:31 | INFO    | binance_eth.trader | ================================================================================
2026-05-14 10:22:31 | INFO    | binance_eth.trader | 回测结果汇总
2026-05-14 10:22:31 | INFO    | binance_eth.trader | ================================================================================
2026-05-14 10:22:31 | INFO    | binance_eth.trader | 初始资金: 1000.00 USDT
2026-05-14 10:22:31 | INFO    | binance_eth.trader | 最终资金: 2864.54 USDT
2026-05-14 10:22:31 | INFO    | binance_eth.trader | 总收益率: +186.45%
2026-05-14 10:22:31 | INFO    | binance_eth.trader | 最大回撤: -27.42%
2026-05-14 10:22:31 | INFO    | binance_eth.trader | 
2026-05-14 10:22:31 | INFO    | binance_eth.trader | 交易统计:
2026-05-14 10:22:31 | INFO    | binance_eth.trader |   总交易次数: 20
2026-05-14 10:22:31 | INFO    | binance_eth.trader |   盈利次数: 14 | 亏损次数: 6
2026-05-14 10:22:31 | INFO    | binance_eth.trader |   胜率: 70.0%
2026-05-14 10:22:31 | INFO    | binance_eth.trader |   平均盈利: 237.70 USDT | 平均亏损: -243.89 USDT
2026-05-14 10:22:31 | INFO    | binance_eth.trader |   盈亏比: 2.27
2026-05-14 10:22:31 | INFO    | binance_eth.trader | 
2026-05-14 10:22:31 | INFO    | binance_eth.trader | 交易明细:
2026-05-14 10:22:31 | INFO    | binance_eth.trader |   #1 [LONG] 入场: 2308.09 | 出场: 2327.84 | 盈亏: +17.11% (+171.14 USDT) | RSI超买，建议止盈
2026-05-14 10:22:31 | INFO    | binance_eth.trader |   #2 [SHORT] 入场: 2329.99 | 出场: 2367.40 | 盈亏: -32.11% (-321.12 USDT) | 触发止损 (入场:2329.99 止损:2364.94)
2026-05-14 10:22:31 | INFO    | binance_eth.trader |   #3 [SHORT] 入场: 2390.76 | 出场: 2323.18 | 盈亏: +56.53% (+565.34 USDT) | RSI超卖，建议止盈
2026-05-14 10:22:31 | INFO    | binance_eth.trader |   #4 [SHORT] 入场: 2311.52 | 出场: 2272.51 | 盈亏: +33.75% (+337.53 USDT) | RSI超卖，建议止盈
2026-05-14 10:22:31 | INFO    | binance_eth.trader |   #5 [LONG] 入场: 2239.41 | 出场: 2282.87 | 盈亏: +38.81% (+388.14 USDT) | RSI超买，建议止盈
2026-05-14 10:22:31 | INFO    | binance_eth.trader |   #6 [SHORT] 入场: 2280.12 | 出场: 2318.22 | 盈亏: -33.42% (-334.19 USDT) | 触发止损 (入场:2280.12 止损:2314.32)
2026-05-14 10:22:31 | INFO    | binance_eth.trader |   #7 [LONG] 入场: 2325.62 | 出场: 2327.00 | 盈亏: +1.19% (+11.87 USDT) | RSI超买，建议止盈
2026-05-14 10:22:31 | INFO    | binance_eth.trader |   #8 [LONG] 入场: 2319.63 | 出场: 2325.71 | 盈亏: +5.24% (+52.42 USDT) | RSI超买，建议止盈
2026-05-14 10:22:31 | INFO    | binance_eth.trader |   #9 [LONG] 入场: 2351.20 | 出场: 2374.73 | 盈亏: +20.02% (+200.15 USDT) | RSI超买，建议止盈
2026-05-14 10:22:31 | INFO    | binance_eth.trader |   #10 [SHORT] 入场: 2385.12 | 出场: 2382.43 | 盈亏: +2.26% (+22.56 USDT) | MACD金叉信号
2026-05-14 10:22:31 | INFO    | binance_eth.trader |   #11 [LONG] 入场: 2394.33 | 出场: 2412.76 | 盈亏: +15.39% (+153.95 USDT) | RSI超买，建议止盈
2026-05-14 10:22:31 | INFO    | binance_eth.trader |   #12 [SHORT] 入场: 2410.20 | 出场: 2349.70 | 盈亏: +50.20% (+502.03 USDT) | RSI超卖，建议止盈
2026-05-14 10:22:31 | INFO    | binance_eth.trader |   #13 [SHORT] 入场: 2314.32 | 出场: 2298.98 | 盈亏: +13.26% (+132.57 USDT) | RSI超卖，建议止盈
2026-05-14 10:22:31 | INFO    | binance_eth.trader |   #14 [LONG] 入场: 2294.82 | 出场: 2313.49 | 盈亏: +16.27% (+162.71 USDT) | RSI超买，建议止盈
2026-05-14 10:22:31 | INFO    | binance_eth.trader |   #15 [SHORT] 入场: 2316.05 | 出场: 2329.45 | 盈亏: -11.57% (-115.71 USDT) | MACD金叉信号
2026-05-14 10:22:31 | INFO    | binance_eth.trader |   #16 [SHORT] 入场: 2330.22 | 出场: 2347.56 | 盈亏: -14.88% (-148.83 USDT) | MACD金叉信号
2026-05-14 10:22:31 | INFO    | binance_eth.trader |   #17 [SHORT] 入场: 2350.00 | 出场: 2373.78 | 盈亏: -20.24% (-202.38 USDT) | MACD金叉信号
2026-05-14 10:22:31 | INFO    | binance_eth.trader |   #18 [LONG] 入场: 2311.41 | 出场: 2271.99 | 盈亏: -34.11% (-341.09 USDT) | 触发止损 (入场:2311.41 止损:2276.74)
2026-05-14 10:22:31 | INFO    | binance_eth.trader |   #19 [SHORT] 入场: 2306.67 | 出场: 2262.80 | 盈亏: +38.04% (+380.38 USDT) | RSI超卖，建议止盈
2026-05-14 10:22:31 | INFO    | binance_eth.trader |   #20 [LONG] 入场: 2236.49 | 出场: 2264.12 | 盈亏: +24.71% (+247.08 USDT) | 回测结束强制平仓
2026-05-14 10:22:31 | INFO    | binance_eth.trader | ================================================================================
2026-05-14 10:30:39 | INFO    | binance_eth.trader | ================================================================================
2026-05-14 10:30:39 | INFO    | binance_eth.trader | 交易策略回测报告
2026-05-14 10:30:39 | INFO    | binance_eth.trader | ================================================================================
2026-05-14 10:30:39 | INFO    | binance_eth.trader | 交易对: ETHUSDT | K线周期: 1h | 数据量: 500
2026-05-14 10:30:39 | INFO    | binance_eth.trader | 时间范围: 2026-04-23 07:00:00 至 2026-05-14 02:00:00
2026-05-14 10:30:39 | INFO    | binance_eth.trader | 初始资金: 1000.00 USDT | 杠杆: 20x
2026-05-14 10:30:39 | INFO    | binance_eth.trader | 止损: 1.5% | 止盈: 3.0% | 单笔风险: 2.0%
2026-05-14 10:30:39 | INFO    | binance_eth.trader | ================================================================================
2026-05-14 10:30:39 | INFO    | binance_eth.trader | [2026-04-25 15:00:00] 🟢 开多 | 价格: 2308.09 | 仓位: 0.5777 | 止损: 2273.47 | 止盈: 2377.33 | 原因: RSI超卖(<30) | MACD死叉 | 价格触及布林下轨
2026-05-14 10:30:39 | INFO    | binance_eth.trader | [2026-04-26 05:00:00] ⬆️  平多 | 价格: 2327.84 | 盈亏: +17.11% (+171.14 USDT) | 原因: RSI超买，建议止盈
2026-05-14 10:30:39 | INFO    | binance_eth.trader | [2026-04-26 06:00:00] 🔴 开空 | 价格: 2329.99 | 仓位: 0.5722 | 止损: 2364.94 | 止盈: 2260.09 | 原因: RSI超买(>70) | 价格触及布林上轨
2026-05-14 10:30:39 | INFO    | binance_eth.trader | [2026-04-26 19:00:00] ⬇️  平空 | 价格: 2367.40 | 盈亏: -32.11% (-321.12 USDT) | 原因: 触发止损 (入场:2329.99 止损:2364.94)
2026-05-14 10:30:39 | INFO    | binance_eth.trader | [2026-04-27 00:00:00] 🔴 开空 | 价格: 2390.76 | 仓位: 0.5577 | 止损: 2426.62 | 止盈: 2319.04 | 原因: RSI超买(>70) | 价格触及布林上轨
2026-05-14 10:30:39 | INFO    | binance_eth.trader | [2026-04-27 05:00:00] ⬇️  平空 | 价格: 2323.18 | 盈亏: +56.53% (+565.34 USDT) | 原因: RSI超卖，建议止盈
2026-05-14 10:30:39 | INFO    | binance_eth.trader | [2026-04-29 03:00:00] 🔴 开空 | 价格: 2311.52 | 仓位: 0.5768 | 止损: 2346.19 | 止盈: 2242.17 | 原因: RSI超买(>70) | 价格触及布林上轨
2026-05-14 10:30:39 | INFO    | binance_eth.trader | [2026-04-29 15:00:00] ⬇️  平空 | 价格: 2272.51 | 盈亏: +33.75% (+337.53 USDT) | 原因: RSI超卖，建议止盈
2026-05-14 10:30:39 | INFO    | binance_eth.trader | [2026-04-29 18:00:00] 🟢 开多 | 价格: 2239.41 | 仓位: 0.5954 | 止损: 2205.82 | 止盈: 2306.59 | 原因: RSI超卖(<30) | 价格触及布林下轨
2026-05-14 10:30:39 | INFO    | binance_eth.trader | [2026-05-01 03:00:00] ⬆️  平多 | 价格: 2282.87 | 盈亏: +38.81% (+388.14 USDT) | 原因: RSI超买，建议止盈
2026-05-14 10:30:39 | INFO    | binance_eth.trader | [2026-05-01 04:00:00] 🔴 开空 | 价格: 2280.12 | 仓位: 0.5848 | 止损: 2314.32 | 止盈: 2211.72 | 原因: RSI超买(>70) | 价格触及布林上轨
2026-05-14 10:30:39 | INFO    | binance_eth.trader | [2026-05-01 13:00:00] ⬇️  平空 | 价格: 2318.22 | 盈亏: -33.42% (-334.19 USDT) | 原因: 触发止损 (入场:2280.12 止损:2314.32)
2026-05-14 10:30:39 | INFO    | binance_eth.trader | [2026-05-02 21:00:00] 🟢 开多 | 价格: 2325.62 | 仓位: 0.5733 | 止损: 2290.74 | 止盈: 2395.39 | 原因: RSI超买(>70) | MACD金叉 | 价格触及布林上轨
2026-05-14 10:30:39 | INFO    | binance_eth.trader | [2026-05-02 22:00:00] ⬆️  平多 | 价格: 2327.00 | 盈亏: +1.19% (+11.87 USDT) | 原因: RSI超买，建议止盈
2026-05-14 10:30:39 | INFO    | binance_eth.trader | [2026-05-03 11:00:00] 🟢 开多 | 价格: 2319.63 | 仓位: 0.5748 | 止损: 2284.84 | 止盈: 2389.22 | 原因: MACD金叉
2026-05-14 10:30:39 | INFO    | binance_eth.trader | [2026-05-03 12:00:00] ⬆️  平多 | 价格: 2325.71 | 盈亏: +5.24% (+52.42 USDT) | 原因: RSI超买，建议止盈
2026-05-14 10:30:39 | INFO    | binance_eth.trader | [2026-05-04 01:00:00] 🟢 开多 | 价格: 2351.20 | 仓位: 0.5671 | 止损: 2315.93 | 止盈: 2421.74 | 原因: MACD金叉 | 价格触及布林上轨
2026-05-14 10:30:39 | INFO    | binance_eth.trader | [2026-05-04 02:00:00] ⬆️  平多 | 价格: 2374.73 | 盈亏: +20.02% (+200.15 USDT) | 原因: RSI超买，建议止盈
2026-05-14 10:30:39 | INFO    | binance_eth.trader | [2026-05-04 03:00:00] 🔴 开空 | 价格: 2385.12 | 仓位: 0.5590 | 止损: 2420.90 | 止盈: 2313.57 | 原因: RSI超买(>70) | 价格触及布林上轨
2026-05-14 10:30:39 | INFO    | binance_eth.trader | [2026-05-05 03:00:00] ⬇️  平空 | 价格: 2382.43 | 盈亏: +2.26% (+22.56 USDT) | 原因: MACD金叉信号
2026-05-14 10:30:39 | INFO    | binance_eth.trader | [2026-05-06 08:00:00] 🟢 开多 | 价格: 2394.33 | 仓位: 0.5569 | 止损: 2358.42 | 止盈: 2466.16 | 原因: RSI超买(>70) | MACD金叉 | 价格触及布林上轨
2026-05-14 10:30:39 | INFO    | binance_eth.trader | [2026-05-06 09:00:00] ⬆️  平多 | 价格: 2412.76 | 盈亏: +15.39% (+153.95 USDT) | 原因: RSI超买，建议止盈
2026-05-14 10:30:39 | INFO    | binance_eth.trader | [2026-05-06 10:00:00] 🔴 开空 | 价格: 2410.20 | 仓位: 0.5532 | 止损: 2446.35 | 止盈: 2337.89 | 原因: RSI超买(>70) | 价格触及布林上轨
2026-05-14 10:30:40 | INFO    | binance_eth.trader | [2026-05-06 17:00:00] ⬇️  平空 | 价格: 2349.70 | 盈亏: +50.20% (+502.03 USDT) | 原因: RSI超卖，建议止盈
2026-05-14 10:30:40 | INFO    | binance_eth.trader | [2026-05-07 13:00:00] 🔴 开空 | 价格: 2314.32 | 仓位: 0.5761 | 止损: 2349.03 | 止盈: 2244.89 | 原因: RSI超卖(<30) | MACD死叉
2026-05-14 10:30:40 | INFO    | binance_eth.trader | [2026-05-07 14:00:00] ⬇️  平空 | 价格: 2298.98 | 盈亏: +13.26% (+132.57 USDT) | 原因: RSI超卖，建议止盈
2026-05-14 10:30:40 | INFO    | binance_eth.trader | [2026-05-07 15:00:00] 🟢 开多 | 价格: 2294.82 | 仓位: 0.5810 | 止损: 2260.40 | 止盈: 2363.66 | 原因: RSI超卖(<30) | 价格触及布林下轨
2026-05-14 10:30:40 | INFO    | binance_eth.trader | [2026-05-08 18:00:00] ⬆️  平多 | 价格: 2313.49 | 盈亏: +16.27% (+162.71 USDT) | 原因: RSI超买，建议止盈
2026-05-14 10:30:40 | INFO    | binance_eth.trader | [2026-05-08 19:00:00] 🔴 开空 | 价格: 2316.05 | 仓位: 0.5757 | 止损: 2350.79 | 止盈: 2246.57 | 原因: RSI超买(>70) | 价格触及布林上轨
2026-05-14 10:30:40 | INFO    | binance_eth.trader | [2026-05-09 17:00:00] ⬇️  平空 | 价格: 2329.45 | 盈亏: -11.57% (-115.71 USDT) | 原因: MACD金叉信号
2026-05-14 10:30:40 | INFO    | binance_eth.trader | [2026-05-09 18:00:00] 🔴 开空 | 价格: 2330.22 | 仓位: 0.5722 | 止损: 2365.17 | 止盈: 2260.31 | 原因: RSI超买(>70) | 价格触及布林上轨
2026-05-14 10:30:40 | INFO    | binance_eth.trader | [2026-05-10 15:00:00] ⬇️  平空 | 价格: 2347.56 | 盈亏: -14.88% (-148.83 USDT) | 原因: MACD金叉信号
2026-05-14 10:30:40 | INFO    | binance_eth.trader | [2026-05-10 16:00:00] 🔴 开空 | 价格: 2350.00 | 仓位: 0.5674 | 止损: 2385.25 | 止盈: 2279.50 | 原因: RSI超买(>70) | 价格触及布林上轨
2026-05-14 10:30:40 | INFO    | binance_eth.trader | [2026-05-10 22:00:00] ⬇️  平空 | 价格: 2373.78 | 盈亏: -20.24% (-202.38 USDT) | 原因: MACD金叉信号
2026-05-14 10:30:40 | INFO    | binance_eth.trader | [2026-05-12 01:00:00] 🟢 开多 | 价格: 2311.41 | 仓位: 0.5768 | 止损: 2276.74 | 止盈: 2380.75 | 原因: RSI超卖(<30) | MACD死叉 | 价格触及布林下轨
2026-05-14 10:30:40 | INFO    | binance_eth.trader | [2026-05-12 13:00:00] ⬆️  平多 | 价格: 2271.99 | 盈亏: -34.11% (-341.09 USDT) | 原因: 触发止损 (入场:2311.41 止损:2276.74)
2026-05-14 10:30:40 | INFO    | binance_eth.trader | [2026-05-13 04:00:00] 🔴 开空 | 价格: 2306.67 | 仓位: 0.5780 | 止损: 2341.27 | 止盈: 2237.47 | 原因: RSI超买(>70) | 价格触及布林上轨
2026-05-14 10:30:40 | INFO    | binance_eth.trader | [2026-05-13 13:00:00] ⬇️  平空 | 价格: 2262.80 | 盈亏: +38.04% (+380.38 USDT) | 原因: RSI超卖，建议止盈
2026-05-14 10:30:40 | INFO    | binance_eth.trader | [2026-05-13 15:00:00] 🟢 开多 | 价格: 2236.49 | 仓位: 0.5962 | 止损: 2202.94 | 止盈: 2303.58 | 原因: RSI超卖(<30) | 价格触及布林下轨
2026-05-14 10:30:40 | WARNING | binance_eth.trader | 回测结束时仍有持仓，强制平仓
2026-05-14 10:30:40 | INFO    | binance_eth.trader | ================================================================================
2026-05-14 10:30:40 | INFO    | binance_eth.trader | 回测结果汇总
2026-05-14 10:30:40 | INFO    | binance_eth.trader | ================================================================================
2026-05-14 10:30:40 | INFO    | binance_eth.trader | 初始资金: 1000.00 USDT
2026-05-14 10:30:40 | INFO    | binance_eth.trader | 最终资金: 2864.54 USDT
2026-05-14 10:30:40 | INFO    | binance_eth.trader | 总收益率: +186.45%
2026-05-14 10:30:40 | INFO    | binance_eth.trader | 最大回撤: -27.42%
2026-05-14 10:30:40 | INFO    | binance_eth.trader | 
2026-05-14 10:30:40 | INFO    | binance_eth.trader | 交易统计:
2026-05-14 10:30:40 | INFO    | binance_eth.trader |   总交易次数: 20
2026-05-14 10:30:40 | INFO    | binance_eth.trader |   盈利次数: 14 | 亏损次数: 6
2026-05-14 10:30:40 | INFO    | binance_eth.trader |   胜率: 70.0%
2026-05-14 10:30:40 | INFO    | binance_eth.trader |   平均盈利: 237.70 USDT | 平均亏损: -243.89 USDT
2026-05-14 10:30:40 | INFO    | binance_eth.trader |   盈亏比: 2.27
2026-05-14 10:30:40 | INFO    | binance_eth.trader | 
2026-05-14 10:30:40 | INFO    | binance_eth.trader | 交易明细:
2026-05-14 10:30:40 | INFO    | binance_eth.trader |   #1 [LONG] 入场: 2308.09 | 出场: 2327.84 | 盈亏: +17.11% (+171.14 USDT) | RSI超买，建议止盈
2026-05-14 10:30:40 | INFO    | binance_eth.trader |   #2 [SHORT] 入场: 2329.99 | 出场: 2367.40 | 盈亏: -32.11% (-321.12 USDT) | 触发止损 (入场:2329.99 止损:2364.94)
2026-05-14 10:30:40 | INFO    | binance_eth.trader |   #3 [SHORT] 入场: 2390.76 | 出场: 2323.18 | 盈亏: +56.53% (+565.34 USDT) | RSI超卖，建议止盈
2026-05-14 10:30:40 | INFO    | binance_eth.trader |   #4 [SHORT] 入场: 2311.52 | 出场: 2272.51 | 盈亏: +33.75% (+337.53 USDT) | RSI超卖，建议止盈
2026-05-14 10:30:40 | INFO    | binance_eth.trader |   #5 [LONG] 入场: 2239.41 | 出场: 2282.87 | 盈亏: +38.81% (+388.14 USDT) | RSI超买，建议止盈
2026-05-14 10:30:40 | INFO    | binance_eth.trader |   #6 [SHORT] 入场: 2280.12 | 出场: 2318.22 | 盈亏: -33.42% (-334.19 USDT) | 触发止损 (入场:2280.12 止损:2314.32)
2026-05-14 10:30:40 | INFO    | binance_eth.trader |   #7 [LONG] 入场: 2325.62 | 出场: 2327.00 | 盈亏: +1.19% (+11.87 USDT) | RSI超买，建议止盈
2026-05-14 10:30:40 | INFO    | binance_eth.trader |   #8 [LONG] 入场: 2319.63 | 出场: 2325.71 | 盈亏: +5.24% (+52.42 USDT) | RSI超买，建议止盈
2026-05-14 10:30:40 | INFO    | binance_eth.trader |   #9 [LONG] 入场: 2351.20 | 出场: 2374.73 | 盈亏: +20.02% (+200.15 USDT) | RSI超买，建议止盈
2026-05-14 10:30:40 | INFO    | binance_eth.trader |   #10 [SHORT] 入场: 2385.12 | 出场: 2382.43 | 盈亏: +2.26% (+22.56 USDT) | MACD金叉信号
2026-05-14 10:30:40 | INFO    | binance_eth.trader |   #11 [LONG] 入场: 2394.33 | 出场: 2412.76 | 盈亏: +15.39% (+153.95 USDT) | RSI超买，建议止盈
2026-05-14 10:30:40 | INFO    | binance_eth.trader |   #12 [SHORT] 入场: 2410.20 | 出场: 2349.70 | 盈亏: +50.20% (+502.03 USDT) | RSI超卖，建议止盈
2026-05-14 10:30:40 | INFO    | binance_eth.trader |   #13 [SHORT] 入场: 2314.32 | 出场: 2298.98 | 盈亏: +13.26% (+132.57 USDT) | RSI超卖，建议止盈
2026-05-14 10:30:40 | INFO    | binance_eth.trader |   #14 [LONG] 入场: 2294.82 | 出场: 2313.49 | 盈亏: +16.27% (+162.71 USDT) | RSI超买，建议止盈
2026-05-14 10:30:40 | INFO    | binance_eth.trader |   #15 [SHORT] 入场: 2316.05 | 出场: 2329.45 | 盈亏: -11.57% (-115.71 USDT) | MACD金叉信号
2026-05-14 10:30:40 | INFO    | binance_eth.trader |   #16 [SHORT] 入场: 2330.22 | 出场: 2347.56 | 盈亏: -14.88% (-148.83 USDT) | MACD金叉信号
2026-05-14 10:30:40 | INFO    | binance_eth.trader |   #17 [SHORT] 入场: 2350.00 | 出场: 2373.78 | 盈亏: -20.24% (-202.38 USDT) | MACD金叉信号
2026-05-14 10:30:40 | INFO    | binance_eth.trader |   #18 [LONG] 入场: 2311.41 | 出场: 2271.99 | 盈亏: -34.11% (-341.09 USDT) | 触发止损 (入场:2311.41 止损:2276.74)
2026-05-14 10:30:40 | INFO    | binance_eth.trader |   #19 [SHORT] 入场: 2306.67 | 出场: 2262.80 | 盈亏: +38.04% (+380.38 USDT) | RSI超卖，建议止盈
2026-05-14 10:30:40 | INFO    | binance_eth.trader |   #20 [LONG] 入场: 2236.49 | 出场: 2264.12 | 盈亏: +24.71% (+247.08 USDT) | 回测结束强制平仓
2026-05-14 10:30:40 | INFO    | binance_eth.trader | ================================================================================
2026-05-14 10:30:55 | ERROR   | binance_eth.trader | 数据不足，至少需要 100 根 K 线
2026-05-14 10:31:05 | INFO    | binance_eth.trader | 从 API 拉取 672 根 K 线用于回测
2026-05-14 10:31:06 | INFO    | binance_eth.trader | ================================================================================
2026-05-14 10:31:06 | INFO    | binance_eth.trader | 交易策略回测报告
2026-05-14 10:31:06 | INFO    | binance_eth.trader | ================================================================================
2026-05-14 10:31:06 | INFO    | binance_eth.trader | 交易对: ETHUSDT | K线周期: 15m | 数据量: 672
2026-05-14 10:31:06 | INFO    | binance_eth.trader | 时间范围: 2026-05-07 02:45:00 至 2026-05-14 02:30:00
2026-05-14 10:31:06 | INFO    | binance_eth.trader | 初始资金: 1000.00 USDT | 杠杆: 20x
2026-05-14 10:31:06 | INFO    | binance_eth.trader | 止损: 1.5% | 止盈: 3.0% | 单笔风险: 2.0%
2026-05-14 10:31:06 | INFO    | binance_eth.trader | ================================================================================
2026-05-14 10:31:06 | INFO    | binance_eth.trader | [2026-05-07 15:15:00] 🟢 开多 | 价格: 2291.19 | 仓位: 0.5819 | 止损: 2256.82 | 止盈: 2359.93 | 原因: RSI超卖(<30) | 价格触及布林下轨
2026-05-14 10:31:06 | INFO    | binance_eth.trader | [2026-05-08 02:00:00] ⬆️  平多 | 价格: 2277.84 | 盈亏: -11.65% (-116.53 USDT) | 原因: MACD死叉信号
2026-05-14 10:31:06 | INFO    | binance_eth.trader | [2026-05-08 02:15:00] 🟢 开多 | 价格: 2276.35 | 仓位: 0.5857 | 止损: 2242.20 | 止盈: 2344.64 | 原因: RSI超卖(<30) | 价格触及布林下轨
2026-05-14 10:31:06 | INFO    | binance_eth.trader | [2026-05-08 06:30:00] ⬆️  平多 | 价格: 2275.73 | 盈亏: -0.54% (-5.45 USDT) | 原因: MACD死叉信号
2026-05-14 10:31:06 | INFO    | binance_eth.trader | [2026-05-08 07:00:00] 🟢 开多 | 价格: 2268.51 | 仓位: 0.5878 | 止损: 2234.48 | 止盈: 2336.57 | 原因: RSI超卖(<30) | 价格触及布林下轨
2026-05-14 10:31:06 | INFO    | binance_eth.trader | [2026-05-08 09:00:00] ⬆️  平多 | 价格: 2289.20 | 盈亏: +18.24% (+182.41 USDT) | 原因: RSI超买，建议止盈
2026-05-14 10:31:06 | INFO    | binance_eth.trader | [2026-05-08 13:00:00] 🟢 开多 | 价格: 2276.12 | 仓位: 0.5858 | 止损: 2241.98 | 止盈: 2344.40 | 原因: RSI超卖(<30) | 价格触及布林下轨
2026-05-14 10:31:06 | INFO    | binance_eth.trader | [2026-05-08 17:15:00] ⬆️  平多 | 价格: 2301.62 | 盈亏: +22.41% (+224.07 USDT) | 原因: RSI超买，建议止盈
2026-05-14 10:31:06 | INFO    | binance_eth.trader | [2026-05-08 17:30:00] 🔴 开空 | 价格: 2309.99 | 仓位: 0.5772 | 止损: 2344.64 | 止盈: 2240.69 | 原因: RSI超买(>70) | 价格触及布林上轨
2026-05-14 10:31:06 | INFO    | binance_eth.trader | [2026-05-09 01:45:00] ⬇️  平空 | 价格: 2314.22 | 盈亏: -3.66% (-36.62 USDT) | 原因: MACD金叉信号
2026-05-14 10:31:06 | INFO    | binance_eth.trader | [2026-05-09 04:00:00] 🟢 开多 | 价格: 2321.41 | 仓位: 0.5744 | 止损: 2286.59 | 止盈: 2391.05 | 原因: MACD金叉
2026-05-14 10:31:06 | INFO    | binance_eth.trader | [2026-05-09 04:30:00] ⬆️  平多 | 价格: 2313.38 | 盈亏: -6.92% (-69.18 USDT) | 原因: MACD死叉信号
2026-05-14 10:31:06 | INFO    | binance_eth.trader | [2026-05-09 08:15:00] 🟢 开多 | 价格: 2319.05 | 仓位: 0.5749 | 止损: 2284.26 | 止盈: 2388.62 | 原因: MACD金叉
2026-05-14 10:31:06 | INFO    | binance_eth.trader | [2026-05-09 09:00:00] ⬆️  平多 | 价格: 2315.34 | 盈亏: -3.20% (-32.00 USDT) | 原因: MACD死叉信号
2026-05-14 10:31:06 | INFO    | binance_eth.trader | [2026-05-09 12:15:00] 🟢 开多 | 价格: 2316.85 | 仓位: 0.5755 | 止损: 2282.10 | 止盈: 2386.36 | 原因: MACD金叉
2026-05-14 10:31:06 | INFO    | binance_eth.trader | [2026-05-09 13:30:00] ⬆️  平多 | 价格: 2313.01 | 盈亏: -3.31% (-33.15 USDT) | 原因: MACD死叉信号
2026-05-14 10:31:06 | INFO    | binance_eth.trader | [2026-05-09 14:15:00] 🟢 开多 | 价格: 2308.03 | 仓位: 0.5777 | 止损: 2273.41 | 止盈: 2377.27 | 原因: RSI超卖(<30) | 价格触及布林下轨
2026-05-14 10:31:06 | INFO    | binance_eth.trader | [2026-05-09 16:00:00] ⬆️  平多 | 价格: 2321.00 | 盈亏: +11.24% (+112.39 USDT) | 原因: RSI超买，建议止盈
2026-05-14 10:31:06 | INFO    | binance_eth.trader | [2026-05-09 17:00:00] 🔴 开空 | 价格: 2330.33 | 仓位: 0.5722 | 止损: 2365.28 | 止盈: 2260.42 | 原因: RSI超买(>70) | 价格触及布林上轨
2026-05-14 10:31:06 | INFO    | binance_eth.trader | [2026-05-10 01:00:00] ⬇️  平空 | 价格: 2322.26 | 盈亏: +6.93% (+69.26 USDT) | 原因: RSI超卖，建议止盈
2026-05-14 10:31:06 | INFO    | binance_eth.trader | [2026-05-10 01:15:00] 🟢 开多 | 价格: 2319.96 | 仓位: 0.5747 | 止损: 2285.16 | 止盈: 2389.56 | 原因: RSI超卖(<30) | 价格触及布林下轨
2026-05-14 10:31:07 | INFO    | binance_eth.trader | [2026-05-10 07:45:00] ⬆️  平多 | 价格: 2327.36 | 盈亏: +6.38% (+63.79 USDT) | 原因: MACD死叉信号
2026-05-14 10:31:07 | INFO    | binance_eth.trader | [2026-05-10 08:15:00] 🟢 开多 | 价格: 2330.53 | 仓位: 0.5721 | 止损: 2295.57 | 止盈: 2400.45 | 原因: MACD金叉 | 价格触及布林上轨
2026-05-14 10:31:07 | INFO    | binance_eth.trader | [2026-05-10 09:30:00] ⬆️  平多 | 价格: 2327.49 | 盈亏: -2.61% (-26.09 USDT) | 原因: MACD死叉信号
2026-05-14 10:31:07 | INFO    | binance_eth.trader | [2026-05-10 11:30:00] 🟢 开多 | 价格: 2321.30 | 仓位: 0.5744 | 止损: 2286.48 | 止盈: 2390.94 | 原因: RSI超卖(<30) | 价格触及布林下轨
2026-05-14 10:31:07 | INFO    | binance_eth.trader | [2026-05-10 13:15:00] ⬆️  平多 | 价格: 2329.47 | 盈亏: +7.04% (+70.39 USDT) | 原因: RSI超买，建议止盈
2026-05-14 10:31:07 | INFO    | binance_eth.trader | [2026-05-10 15:00:00] 🔴 开空 | 价格: 2335.28 | 仓位: 0.5710 | 止损: 2370.31 | 止盈: 2265.22 | 原因: RSI超买(>70) | 价格触及布林上轨
2026-05-14 10:31:07 | INFO    | binance_eth.trader | [2026-05-10 20:30:00] ⬇️  平空 | 价格: 2335.31 | 盈亏: -0.03% (-0.26 USDT) | 原因: RSI超卖，建议止盈
2026-05-14 10:31:07 | INFO    | binance_eth.trader | [2026-05-10 20:45:00] 🟢 开多 | 价格: 2328.76 | 仓位: 0.5726 | 止损: 2293.83 | 止盈: 2398.62 | 原因: RSI超卖(<30) | 价格触及布林下轨
2026-05-14 10:31:07 | INFO    | binance_eth.trader | [2026-05-10 22:45:00] ⬆️  平多 | 价格: 2373.78 | 盈亏: +38.66% (+386.64 USDT) | 原因: RSI超买，建议止盈
2026-05-14 10:31:07 | INFO    | binance_eth.trader | [2026-05-11 03:00:00] 🟢 开多 | 价格: 2327.04 | 仓位: 0.5730 | 止损: 2292.13 | 止盈: 2396.85 | 原因: RSI超卖(<30) | 价格触及布林下轨
2026-05-14 10:31:07 | INFO    | binance_eth.trader | [2026-05-11 13:15:00] ⬆️  平多 | 价格: 2327.57 | 盈亏: +0.46% (+4.56 USDT) | 原因: MACD死叉信号
2026-05-14 10:31:07 | INFO    | binance_eth.trader | [2026-05-11 13:45:00] 🟢 开多 | 价格: 2322.32 | 仓位: 0.5741 | 止损: 2287.49 | 止盈: 2391.99 | 原因: RSI超卖(<30) | 价格触及布林下轨
2026-05-14 10:31:07 | INFO    | binance_eth.trader | [2026-05-11 20:45:00] ⬆️  平多 | 价格: 2338.15 | 盈亏: +13.63% (+136.33 USDT) | 原因: MACD死叉信号
2026-05-14 10:31:07 | INFO    | binance_eth.trader | [2026-05-11 21:00:00] 🟢 开多 | 价格: 2340.49 | 仓位: 0.5697 | 止损: 2305.38 | 止盈: 2410.70 | 原因: MACD金叉
2026-05-14 10:31:07 | INFO    | binance_eth.trader | [2026-05-11 21:15:00] ⬆️  平多 | 价格: 2337.37 | 盈亏: -2.67% (-26.66 USDT) | 原因: MACD死叉信号
2026-05-14 10:31:07 | INFO    | binance_eth.trader | [2026-05-11 22:00:00] 🟢 开多 | 价格: 2342.14 | 仓位: 0.5693 | 止损: 2307.01 | 止盈: 2412.40 | 原因: MACD金叉
2026-05-14 10:31:07 | INFO    | binance_eth.trader | [2026-05-11 22:15:00] ⬆️  平多 | 价格: 2338.80 | 盈亏: -2.85% (-28.52 USDT) | 原因: MACD死叉信号
2026-05-14 10:31:07 | INFO    | binance_eth.trader | [2026-05-12 01:00:00] 🟢 开多 | 价格: 2325.89 | 仓位: 0.5733 | 止损: 2291.00 | 止盈: 2395.67 | 原因: RSI超卖(<30) | 价格触及布林下轨
2026-05-14 10:31:07 | INFO    | binance_eth.trader | [2026-05-12 07:15:00] ⬆️  平多 | 价格: 2300.87 | 盈亏: -21.51% (-215.14 USDT) | 原因: MACD死叉信号
2026-05-14 10:31:07 | INFO    | binance_eth.trader | [2026-05-12 07:30:00] 🟢 开多 | 价格: 2296.96 | 仓位: 0.5805 | 止损: 2262.51 | 止盈: 2365.87 | 原因: RSI超卖(<30) | 价格触及布林下轨
2026-05-14 10:31:07 | INFO    | binance_eth.trader | [2026-05-12 13:45:00] ⬆️  平多 | 价格: 2271.99 | 盈亏: -21.74% (-217.42 USDT) | 原因: MACD死叉信号
2026-05-14 10:31:07 | INFO    | binance_eth.trader | [2026-05-12 15:15:00] 🟢 开多 | 价格: 2259.59 | 仓位: 0.5901 | 止损: 2225.70 | 止盈: 2327.38 | 原因: RSI超卖(<30) | 价格触及布林下轨
2026-05-14 10:31:07 | INFO    | binance_eth.trader | [2026-05-12 22:45:00] ⬆️  平多 | 价格: 2282.34 | 盈亏: +20.14% (+201.36 USDT) | 原因: MACD死叉信号
2026-05-14 10:31:07 | INFO    | binance_eth.trader | [2026-05-12 23:45:00] 🟢 开多 | 价格: 2274.96 | 仓位: 0.5861 | 止损: 2240.84 | 止盈: 2343.21 | 原因: RSI超卖(<30) | 价格触及布林下轨
2026-05-14 10:31:07 | INFO    | binance_eth.trader | [2026-05-13 01:30:00] ⬆️  平多 | 价格: 2292.55 | 盈亏: +15.46% (+154.64 USDT) | 原因: RSI超买，建议止盈
2026-05-14 10:31:07 | INFO    | binance_eth.trader | [2026-05-13 08:30:00] 🟢 开多 | 价格: 2313.68 | 仓位: 0.5763 | 止损: 2278.97 | 止盈: 2383.09 | 原因: RSI超买(>70) | MACD金叉 | 价格触及布林上轨
2026-05-14 10:31:07 | INFO    | binance_eth.trader | [2026-05-13 08:45:00] ⬆️  平多 | 价格: 2316.64 | 盈亏: +2.56% (+25.59 USDT) | 原因: RSI超买，建议止盈
2026-05-14 10:31:07 | INFO    | binance_eth.trader | [2026-05-13 09:00:00] 🔴 开空 | 价格: 2319.40 | 仓位: 0.5749 | 止损: 2354.19 | 止盈: 2249.82 | 原因: RSI超买(>70) | 价格触及布林上轨
2026-05-14 10:31:07 | INFO    | binance_eth.trader | [2026-05-13 12:30:00] ⬇️  平空 | 价格: 2281.78 | 盈亏: +32.44% (+324.39 USDT) | 原因: RSI超卖，建议止盈
2026-05-14 10:31:07 | INFO    | binance_eth.trader | [2026-05-13 12:45:00] 🟢 开多 | 价格: 2284.35 | 仓位: 0.5837 | 止损: 2250.08 | 止盈: 2352.88 | 原因: RSI超卖(<30) | 价格触及布林下轨
2026-05-14 10:31:07 | INFO    | binance_eth.trader | [2026-05-13 15:45:00] ⬆️  平多 | 价格: 2236.49 | 盈亏: -41.90% (-419.03 USDT) | 原因: 触发止损 (入场:2284.35 止损:2250.08)
2026-05-14 10:31:08 | INFO    | binance_eth.trader | [2026-05-14 00:00:00] 🔴 开空 | 价格: 2266.14 | 仓位: 0.5884 | 止损: 2300.13 | 止盈: 2198.16 | 原因: RSI超买(>70) | 价格触及布林上轨
2026-05-14 10:31:08 | WARNING | binance_eth.trader | 回测结束时仍有持仓，强制平仓
2026-05-14 10:31:08 | INFO    | binance_eth.trader | ================================================================================
2026-05-14 10:31:08 | INFO    | binance_eth.trader | 回测结果汇总
2026-05-14 10:31:08 | INFO    | binance_eth.trader | ================================================================================
2026-05-14 10:31:08 | INFO    | binance_eth.trader | 初始资金: 1000.00 USDT
2026-05-14 10:31:08 | INFO    | binance_eth.trader | 最终资金: 1757.14 USDT
2026-05-14 10:31:08 | INFO    | binance_eth.trader | 总收益率: +75.71%
2026-05-14 10:31:08 | INFO    | binance_eth.trader | 最大回撤: -25.26%
2026-05-14 10:31:08 | INFO    | binance_eth.trader | 
2026-05-14 10:31:08 | INFO    | binance_eth.trader | 交易统计:
2026-05-14 10:31:08 | INFO    | binance_eth.trader |   总交易次数: 27
2026-05-14 10:31:08 | INFO    | binance_eth.trader |   盈利次数: 14 | 亏损次数: 13
2026-05-14 10:31:08 | INFO    | binance_eth.trader |   胜率: 51.9%
2026-05-14 10:31:08 | INFO    | binance_eth.trader |   平均盈利: 141.66 USDT | 平均亏损: -94.31 USDT
2026-05-14 10:31:08 | INFO    | binance_eth.trader |   盈亏比: 1.62
2026-05-14 10:31:08 | INFO    | binance_eth.trader | 
2026-05-14 10:31:08 | INFO    | binance_eth.trader | 交易明细:
2026-05-14 10:31:08 | INFO    | binance_eth.trader |   #1 [LONG] 入场: 2291.19 | 出场: 2277.84 | 盈亏: -11.65% (-116.53 USDT) | MACD死叉信号
2026-05-14 10:31:08 | INFO    | binance_eth.trader |   #2 [LONG] 入场: 2276.35 | 出场: 2275.73 | 盈亏: -0.54% (-5.45 USDT) | MACD死叉信号
2026-05-14 10:31:08 | INFO    | binance_eth.trader |   #3 [LONG] 入场: 2268.51 | 出场: 2289.20 | 盈亏: +18.24% (+182.41 USDT) | RSI超买，建议止盈
2026-05-14 10:31:08 | INFO    | binance_eth.trader |   #4 [LONG] 入场: 2276.12 | 出场: 2301.62 | 盈亏: +22.41% (+224.07 USDT) | RSI超买，建议止盈
2026-05-14 10:31:08 | INFO    | binance_eth.trader |   #5 [SHORT] 入场: 2309.99 | 出场: 2314.22 | 盈亏: -3.66% (-36.62 USDT) | MACD金叉信号
2026-05-14 10:31:08 | INFO    | binance_eth.trader |   #6 [LONG] 入场: 2321.41 | 出场: 2313.38 | 盈亏: -6.92% (-69.18 USDT) | MACD死叉信号
2026-05-14 10:31:08 | INFO    | binance_eth.trader |   #7 [LONG] 入场: 2319.05 | 出场: 2315.34 | 盈亏: -3.20% (-32.00 USDT) | MACD死叉信号
2026-05-14 10:31:08 | INFO    | binance_eth.trader |   #8 [LONG] 入场: 2316.85 | 出场: 2313.01 | 盈亏: -3.31% (-33.15 USDT) | MACD死叉信号
2026-05-14 10:31:08 | INFO    | binance_eth.trader |   #9 [LONG] 入场: 2308.03 | 出场: 2321.00 | 盈亏: +11.24% (+112.39 USDT) | RSI超买，建议止盈
2026-05-14 10:31:08 | INFO    | binance_eth.trader |   #10 [SHORT] 入场: 2330.33 | 出场: 2322.26 | 盈亏: +6.93% (+69.26 USDT) | RSI超卖，建议止盈
2026-05-14 10:31:08 | INFO    | binance_eth.trader |   #11 [LONG] 入场: 2319.96 | 出场: 2327.36 | 盈亏: +6.38% (+63.79 USDT) | MACD死叉信号
2026-05-14 10:31:08 | INFO    | binance_eth.trader |   #12 [LONG] 入场: 2330.53 | 出场: 2327.49 | 盈亏: -2.61% (-26.09 USDT) | MACD死叉信号
2026-05-14 10:31:08 | INFO    | binance_eth.trader |   #13 [LONG] 入场: 2321.30 | 出场: 2329.47 | 盈亏: +7.04% (+70.39 USDT) | RSI超买，建议止盈
2026-05-14 10:31:08 | INFO    | binance_eth.trader |   #14 [SHORT] 入场: 2335.28 | 出场: 2335.31 | 盈亏: -0.03% (-0.26 USDT) | RSI超卖，建议止盈
2026-05-14 10:31:08 | INFO    | binance_eth.trader |   #15 [LONG] 入场: 2328.76 | 出场: 2373.78 | 盈亏: +38.66% (+386.64 USDT) | RSI超买，建议止盈
2026-05-14 10:31:08 | INFO    | binance_eth.trader |   #16 [LONG] 入场: 2327.04 | 出场: 2327.57 | 盈亏: +0.46% (+4.56 USDT) | MACD死叉信号
2026-05-14 10:31:08 | INFO    | binance_eth.trader |   #17 [LONG] 入场: 2322.32 | 出场: 2338.15 | 盈亏: +13.63% (+136.33 USDT) | MACD死叉信号
2026-05-14 10:31:08 | INFO    | binance_eth.trader |   #18 [LONG] 入场: 2340.49 | 出场: 2337.37 | 盈亏: -2.67% (-26.66 USDT) | MACD死叉信号
2026-05-14 10:31:08 | INFO    | binance_eth.trader |   #19 [LONG] 入场: 2342.14 | 出场: 2338.80 | 盈亏: -2.85% (-28.52 USDT) | MACD死叉信号
2026-05-14 10:31:08 | INFO    | binance_eth.trader |   #20 [LONG] 入场: 2325.89 | 出场: 2300.87 | 盈亏: -21.51% (-215.14 USDT) | MACD死叉信号
2026-05-14 10:31:08 | INFO    | binance_eth.trader |   #21 [LONG] 入场: 2296.96 | 出场: 2271.99 | 盈亏: -21.74% (-217.42 USDT) | MACD死叉信号
2026-05-14 10:31:08 | INFO    | binance_eth.trader |   #22 [LONG] 入场: 2259.59 | 出场: 2282.34 | 盈亏: +20.14% (+201.36 USDT) | MACD死叉信号
2026-05-14 10:31:08 | INFO    | binance_eth.trader |   #23 [LONG] 入场: 2274.96 | 出场: 2292.55 | 盈亏: +15.46% (+154.64 USDT) | RSI超买，建议止盈
2026-05-14 10:31:08 | INFO    | binance_eth.trader |   #24 [LONG] 入场: 2313.68 | 出场: 2316.64 | 盈亏: +2.56% (+25.59 USDT) | RSI超买，建议止盈
2026-05-14 10:31:08 | INFO    | binance_eth.trader |   #25 [SHORT] 入场: 2319.40 | 出场: 2281.78 | 盈亏: +32.44% (+324.39 USDT) | RSI超卖，建议止盈
2026-05-14 10:31:08 | INFO    | binance_eth.trader |   #26 [LONG] 入场: 2284.35 | 出场: 2236.49 | 盈亏: -41.90% (-419.03 USDT) | 触发止损 (入场:2284.35 止损:2250.08)
2026-05-14 10:31:08 | INFO    | binance_eth.trader |   #27 [SHORT] 入场: 2266.14 | 出场: 2263.04 | 盈亏: +2.74% (+27.36 USDT) | 回测结束强制平仓
2026-05-14 10:31:08 | INFO    | binance_eth.trader | ================================================================================
2026-05-14 10:36:54 | INFO    | binance_eth.trader | ================================================================================
2026-05-14 10:36:54 | INFO    | binance_eth.trader | 交易策略回测报告
2026-05-14 10:36:54 | INFO    | binance_eth.trader | ================================================================================
2026-05-14 10:36:54 | INFO    | binance_eth.trader | 交易对: ETHUSDT | K线周期: 1h | 数据量: 500
2026-05-14 10:36:54 | INFO    | binance_eth.trader | 时间范围: 2026-04-23 07:00:00 至 2026-05-14 02:00:00
2026-05-14 10:36:54 | INFO    | binance_eth.trader | 初始资金: 1000.00 USDT | 杠杆: 20x
2026-05-14 10:36:54 | INFO    | binance_eth.trader | 止损: 1.5% | 止盈: 3.0% | 单笔风险: 2.0%
2026-05-14 10:36:54 | INFO    | binance_eth.trader | ================================================================================
2026-05-14 10:36:54 | INFO    | binance_eth.trader | [2026-04-25 15:00:00] 🟢 开多 | 价格: 2308.09 | 仓位: 0.5777 | 止损: 2273.47 | 止盈: 2377.33 | 原因: RSI超卖(<30) | MACD死叉 | 价格触及布林下轨
2026-05-14 10:36:55 | INFO    | binance_eth.trader | [2026-04-26 05:00:00] ⬆️  平多 | 价格: 2327.84 | 盈亏: +17.11% (+171.14 USDT) | 原因: RSI超买，建议止盈
2026-05-14 10:36:55 | INFO    | binance_eth.trader | [2026-04-26 06:00:00] 🔴 开空 | 价格: 2329.99 | 仓位: 0.5722 | 止损: 2364.94 | 止盈: 2260.09 | 原因: RSI超买(>70) | 价格触及布林上轨
2026-05-14 10:36:55 | INFO    | binance_eth.trader | [2026-04-26 19:00:00] ⬇️  平空 | 价格: 2367.40 | 盈亏: -32.11% (-321.12 USDT) | 原因: 触发止损 (入场:2329.99 止损:2364.94)
2026-05-14 10:36:55 | INFO    | binance_eth.trader | [2026-04-27 00:00:00] 🔴 开空 | 价格: 2390.76 | 仓位: 0.5577 | 止损: 2426.62 | 止盈: 2319.04 | 原因: RSI超买(>70) | 价格触及布林上轨
2026-05-14 10:36:55 | INFO    | binance_eth.trader | [2026-04-27 05:00:00] ⬇️  平空 | 价格: 2323.18 | 盈亏: +56.53% (+565.34 USDT) | 原因: RSI超卖，建议止盈
2026-05-14 10:36:55 | INFO    | binance_eth.trader | [2026-04-29 03:00:00] 🔴 开空 | 价格: 2311.52 | 仓位: 0.5768 | 止损: 2346.19 | 止盈: 2242.17 | 原因: RSI超买(>70) | 价格触及布林上轨
2026-05-14 10:36:55 | INFO    | binance_eth.trader | [2026-04-29 15:00:00] ⬇️  平空 | 价格: 2272.51 | 盈亏: +33.75% (+337.53 USDT) | 原因: RSI超卖，建议止盈
2026-05-14 10:36:55 | INFO    | binance_eth.trader | [2026-04-29 18:00:00] 🟢 开多 | 价格: 2239.41 | 仓位: 0.5954 | 止损: 2205.82 | 止盈: 2306.59 | 原因: RSI超卖(<30) | 价格触及布林下轨
2026-05-14 10:36:55 | INFO    | binance_eth.trader | [2026-05-01 03:00:00] ⬆️  平多 | 价格: 2282.87 | 盈亏: +38.81% (+388.14 USDT) | 原因: RSI超买，建议止盈
2026-05-14 10:36:55 | INFO    | binance_eth.trader | [2026-05-01 04:00:00] 🔴 开空 | 价格: 2280.12 | 仓位: 0.5848 | 止损: 2314.32 | 止盈: 2211.72 | 原因: RSI超买(>70) | 价格触及布林上轨
2026-05-14 10:36:55 | INFO    | binance_eth.trader | [2026-05-01 13:00:00] ⬇️  平空 | 价格: 2318.22 | 盈亏: -33.42% (-334.19 USDT) | 原因: 触发止损 (入场:2280.12 止损:2314.32)
2026-05-14 10:36:55 | INFO    | binance_eth.trader | [2026-05-02 21:00:00] 🟢 开多 | 价格: 2325.62 | 仓位: 0.5733 | 止损: 2290.74 | 止盈: 2395.39 | 原因: RSI超买(>70) | MACD金叉 | 价格触及布林上轨
2026-05-14 10:36:55 | INFO    | binance_eth.trader | [2026-05-02 22:00:00] ⬆️  平多 | 价格: 2327.00 | 盈亏: +1.19% (+11.87 USDT) | 原因: RSI超买，建议止盈
2026-05-14 10:36:55 | INFO    | binance_eth.trader | [2026-05-03 11:00:00] 🟢 开多 | 价格: 2319.63 | 仓位: 0.5748 | 止损: 2284.84 | 止盈: 2389.22 | 原因: MACD金叉
2026-05-14 10:36:55 | INFO    | binance_eth.trader | [2026-05-03 12:00:00] ⬆️  平多 | 价格: 2325.71 | 盈亏: +5.24% (+52.42 USDT) | 原因: RSI超买，建议止盈
2026-05-14 10:36:55 | INFO    | binance_eth.trader | [2026-05-04 01:00:00] 🟢 开多 | 价格: 2351.20 | 仓位: 0.5671 | 止损: 2315.93 | 止盈: 2421.74 | 原因: MACD金叉 | 价格触及布林上轨
2026-05-14 10:36:55 | INFO    | binance_eth.trader | [2026-05-04 02:00:00] ⬆️  平多 | 价格: 2374.73 | 盈亏: +20.02% (+200.15 USDT) | 原因: RSI超买，建议止盈
2026-05-14 10:36:55 | INFO    | binance_eth.trader | [2026-05-04 03:00:00] 🔴 开空 | 价格: 2385.12 | 仓位: 0.5590 | 止损: 2420.90 | 止盈: 2313.57 | 原因: RSI超买(>70) | 价格触及布林上轨
2026-05-14 10:36:55 | INFO    | binance_eth.trader | [2026-05-05 03:00:00] ⬇️  平空 | 价格: 2382.43 | 盈亏: +2.26% (+22.56 USDT) | 原因: MACD金叉信号
2026-05-14 10:36:55 | INFO    | binance_eth.trader | [2026-05-06 08:00:00] 🟢 开多 | 价格: 2394.33 | 仓位: 0.5569 | 止损: 2358.42 | 止盈: 2466.16 | 原因: RSI超买(>70) | MACD金叉 | 价格触及布林上轨
2026-05-14 10:36:55 | INFO    | binance_eth.trader | [2026-05-06 09:00:00] ⬆️  平多 | 价格: 2412.76 | 盈亏: +15.39% (+153.95 USDT) | 原因: RSI超买，建议止盈
2026-05-14 10:36:55 | INFO    | binance_eth.trader | [2026-05-06 10:00:00] 🔴 开空 | 价格: 2410.20 | 仓位: 0.5532 | 止损: 2446.35 | 止盈: 2337.89 | 原因: RSI超买(>70) | 价格触及布林上轨
2026-05-14 10:36:55 | INFO    | binance_eth.trader | [2026-05-06 17:00:00] ⬇️  平空 | 价格: 2349.70 | 盈亏: +50.20% (+502.03 USDT) | 原因: RSI超卖，建议止盈
2026-05-14 10:36:55 | INFO    | binance_eth.trader | [2026-05-07 13:00:00] 🔴 开空 | 价格: 2314.32 | 仓位: 0.5761 | 止损: 2349.03 | 止盈: 2244.89 | 原因: RSI超卖(<30) | MACD死叉
2026-05-14 10:36:55 | INFO    | binance_eth.trader | [2026-05-07 14:00:00] ⬇️  平空 | 价格: 2298.98 | 盈亏: +13.26% (+132.57 USDT) | 原因: RSI超卖，建议止盈
2026-05-14 10:36:55 | INFO    | binance_eth.trader | [2026-05-07 15:00:00] 🟢 开多 | 价格: 2294.82 | 仓位: 0.5810 | 止损: 2260.40 | 止盈: 2363.66 | 原因: RSI超卖(<30) | 价格触及布林下轨
2026-05-14 10:36:55 | INFO    | binance_eth.trader | [2026-05-08 18:00:00] ⬆️  平多 | 价格: 2313.49 | 盈亏: +16.27% (+162.71 USDT) | 原因: RSI超买，建议止盈
2026-05-14 10:36:55 | INFO    | binance_eth.trader | [2026-05-08 19:00:00] 🔴 开空 | 价格: 2316.05 | 仓位: 0.5757 | 止损: 2350.79 | 止盈: 2246.57 | 原因: RSI超买(>70) | 价格触及布林上轨
2026-05-14 10:36:55 | INFO    | binance_eth.trader | [2026-05-09 17:00:00] ⬇️  平空 | 价格: 2329.45 | 盈亏: -11.57% (-115.71 USDT) | 原因: MACD金叉信号
2026-05-14 10:36:55 | INFO    | binance_eth.trader | [2026-05-09 18:00:00] 🔴 开空 | 价格: 2330.22 | 仓位: 0.5722 | 止损: 2365.17 | 止盈: 2260.31 | 原因: RSI超买(>70) | 价格触及布林上轨
2026-05-14 10:36:55 | INFO    | binance_eth.trader | [2026-05-10 15:00:00] ⬇️  平空 | 价格: 2347.56 | 盈亏: -14.88% (-148.83 USDT) | 原因: MACD金叉信号
2026-05-14 10:36:55 | INFO    | binance_eth.trader | [2026-05-10 16:00:00] 🔴 开空 | 价格: 2350.00 | 仓位: 0.5674 | 止损: 2385.25 | 止盈: 2279.50 | 原因: RSI超买(>70) | 价格触及布林上轨
2026-05-14 10:36:55 | INFO    | binance_eth.trader | [2026-05-10 22:00:00] ⬇️  平空 | 价格: 2373.78 | 盈亏: -20.24% (-202.38 USDT) | 原因: MACD金叉信号
2026-05-14 10:36:56 | INFO    | binance_eth.trader | [2026-05-12 01:00:00] 🟢 开多 | 价格: 2311.41 | 仓位: 0.5768 | 止损: 2276.74 | 止盈: 2380.75 | 原因: RSI超卖(<30) | MACD死叉 | 价格触及布林下轨
2026-05-14 10:36:56 | INFO    | binance_eth.trader | [2026-05-12 13:00:00] ⬆️  平多 | 价格: 2271.99 | 盈亏: -34.11% (-341.09 USDT) | 原因: 触发止损 (入场:2311.41 止损:2276.74)
2026-05-14 10:36:56 | INFO    | binance_eth.trader | [2026-05-13 04:00:00] 🔴 开空 | 价格: 2306.67 | 仓位: 0.5780 | 止损: 2341.27 | 止盈: 2237.47 | 原因: RSI超买(>70) | 价格触及布林上轨
2026-05-14 10:36:56 | INFO    | binance_eth.trader | [2026-05-13 13:00:00] ⬇️  平空 | 价格: 2262.80 | 盈亏: +38.04% (+380.38 USDT) | 原因: RSI超卖，建议止盈
2026-05-14 10:36:56 | INFO    | binance_eth.trader | [2026-05-13 15:00:00] 🟢 开多 | 价格: 2236.49 | 仓位: 0.5962 | 止损: 2202.94 | 止盈: 2303.58 | 原因: RSI超卖(<30) | 价格触及布林下轨
2026-05-14 10:36:56 | WARNING | binance_eth.trader | 回测结束时仍有持仓，强制平仓
2026-05-14 10:36:56 | INFO    | binance_eth.trader | ================================================================================
2026-05-14 10:36:56 | INFO    | binance_eth.trader | 回测结果汇总
2026-05-14 10:36:56 | INFO    | binance_eth.trader | ================================================================================
2026-05-14 10:36:56 | INFO    | binance_eth.trader | 初始资金: 1000.00 USDT
2026-05-14 10:36:56 | INFO    | binance_eth.trader | 最终资金: 2864.54 USDT
2026-05-14 10:36:56 | INFO    | binance_eth.trader | 总收益率: +186.45%
2026-05-14 10:36:56 | INFO    | binance_eth.trader | 最大回撤: -27.42%
2026-05-14 10:36:56 | INFO    | binance_eth.trader | 
2026-05-14 10:36:56 | INFO    | binance_eth.trader | 交易统计:
2026-05-14 10:36:56 | INFO    | binance_eth.trader |   总交易次数: 20
2026-05-14 10:36:56 | INFO    | binance_eth.trader |   盈利次数: 14 | 亏损次数: 6
2026-05-14 10:36:56 | INFO    | binance_eth.trader |   胜率: 70.0%
2026-05-14 10:36:56 | INFO    | binance_eth.trader |   平均盈利: 237.70 USDT | 平均亏损: -243.89 USDT
2026-05-14 10:36:56 | INFO    | binance_eth.trader |   盈亏比: 2.27
2026-05-14 10:36:56 | INFO    | binance_eth.trader | 
2026-05-14 10:36:56 | INFO    | binance_eth.trader | 交易明细:
2026-05-14 10:36:56 | INFO    | binance_eth.trader |   #1 [LONG] 入场: 2308.09 | 出场: 2327.84 | 盈亏: +17.11% (+171.14 USDT) | RSI超买，建议止盈
2026-05-14 10:36:56 | INFO    | binance_eth.trader |   #2 [SHORT] 入场: 2329.99 | 出场: 2367.40 | 盈亏: -32.11% (-321.12 USDT) | 触发止损 (入场:2329.99 止损:2364.94)
2026-05-14 10:36:56 | INFO    | binance_eth.trader |   #3 [SHORT] 入场: 2390.76 | 出场: 2323.18 | 盈亏: +56.53% (+565.34 USDT) | RSI超卖，建议止盈
2026-05-14 10:36:56 | INFO    | binance_eth.trader |   #4 [SHORT] 入场: 2311.52 | 出场: 2272.51 | 盈亏: +33.75% (+337.53 USDT) | RSI超卖，建议止盈
2026-05-14 10:36:56 | INFO    | binance_eth.trader |   #5 [LONG] 入场: 2239.41 | 出场: 2282.87 | 盈亏: +38.81% (+388.14 USDT) | RSI超买，建议止盈
2026-05-14 10:36:56 | INFO    | binance_eth.trader |   #6 [SHORT] 入场: 2280.12 | 出场: 2318.22 | 盈亏: -33.42% (-334.19 USDT) | 触发止损 (入场:2280.12 止损:2314.32)
2026-05-14 10:36:56 | INFO    | binance_eth.trader |   #7 [LONG] 入场: 2325.62 | 出场: 2327.00 | 盈亏: +1.19% (+11.87 USDT) | RSI超买，建议止盈
2026-05-14 10:36:56 | INFO    | binance_eth.trader |   #8 [LONG] 入场: 2319.63 | 出场: 2325.71 | 盈亏: +5.24% (+52.42 USDT) | RSI超买，建议止盈
2026-05-14 10:36:56 | INFO    | binance_eth.trader |   #9 [LONG] 入场: 2351.20 | 出场: 2374.73 | 盈亏: +20.02% (+200.15 USDT) | RSI超买，建议止盈
2026-05-14 10:36:56 | INFO    | binance_eth.trader |   #10 [SHORT] 入场: 2385.12 | 出场: 2382.43 | 盈亏: +2.26% (+22.56 USDT) | MACD金叉信号
2026-05-14 10:36:56 | INFO    | binance_eth.trader |   #11 [LONG] 入场: 2394.33 | 出场: 2412.76 | 盈亏: +15.39% (+153.95 USDT) | RSI超买，建议止盈
2026-05-14 10:36:56 | INFO    | binance_eth.trader |   #12 [SHORT] 入场: 2410.20 | 出场: 2349.70 | 盈亏: +50.20% (+502.03 USDT) | RSI超卖，建议止盈
2026-05-14 10:36:56 | INFO    | binance_eth.trader |   #13 [SHORT] 入场: 2314.32 | 出场: 2298.98 | 盈亏: +13.26% (+132.57 USDT) | RSI超卖，建议止盈
2026-05-14 10:36:56 | INFO    | binance_eth.trader |   #14 [LONG] 入场: 2294.82 | 出场: 2313.49 | 盈亏: +16.27% (+162.71 USDT) | RSI超买，建议止盈
2026-05-14 10:36:56 | INFO    | binance_eth.trader |   #15 [SHORT] 入场: 2316.05 | 出场: 2329.45 | 盈亏: -11.57% (-115.71 USDT) | MACD金叉信号
2026-05-14 10:36:56 | INFO    | binance_eth.trader |   #16 [SHORT] 入场: 2330.22 | 出场: 2347.56 | 盈亏: -14.88% (-148.83 USDT) | MACD金叉信号
2026-05-14 10:36:56 | INFO    | binance_eth.trader |   #17 [SHORT] 入场: 2350.00 | 出场: 2373.78 | 盈亏: -20.24% (-202.38 USDT) | MACD金叉信号
2026-05-14 10:36:56 | INFO    | binance_eth.trader |   #18 [LONG] 入场: 2311.41 | 出场: 2271.99 | 盈亏: -34.11% (-341.09 USDT) | 触发止损 (入场:2311.41 止损:2276.74)
2026-05-14 10:36:56 | INFO    | binance_eth.trader |   #19 [SHORT] 入场: 2306.67 | 出场: 2262.80 | 盈亏: +38.04% (+380.38 USDT) | RSI超卖，建议止盈
2026-05-14 10:36:56 | INFO    | binance_eth.trader |   #20 [LONG] 入场: 2236.49 | 出场: 2264.12 | 盈亏: +24.71% (+247.08 USDT) | 回测结束强制平仓
2026-05-14 10:36:56 | INFO    | binance_eth.trader | ================================================================================
2026-05-14 10:37:49 | ERROR   | binance_eth.trader | 数据不足，至少需要 100 根 K 线
2026-05-14 10:38:06 | WARNING | binance_eth.trader | DB 无数据，从 API 拉取
2026-05-14 10:38:06 | INFO    | binance_eth.trader | 从 API 拉取 43200 根 K 线用于回测
2026-05-14 10:38:06 | INFO    | binance_eth.trader | ================================================================================
2026-05-14 10:38:06 | INFO    | binance_eth.trader | 交易策略回测报告
2026-05-14 10:38:06 | INFO    | binance_eth.trader | ================================================================================
2026-05-14 10:38:06 | INFO    | binance_eth.trader | 交易对: ETHUSDT | K线周期: 1m | 数据量: 1000
2026-05-14 10:38:06 | INFO    | binance_eth.trader | 时间范围: 2026-05-13 09:59:00 至 2026-05-14 02:38:00
2026-05-14 10:38:06 | INFO    | binance_eth.trader | 初始资金: 1000.00 USDT | 杠杆: 20x
2026-05-14 10:38:06 | INFO    | binance_eth.trader | 止损: 1.5% | 止盈: 3.0% | 单笔风险: 2.0%
2026-05-14 10:38:06 | INFO    | binance_eth.trader | ================================================================================
2026-05-14 10:38:06 | INFO    | binance_eth.trader | [2026-05-13 11:03:00] 🟢 开多 | 价格: 2306.15 | 仓位: 0.5782 | 止损: 2271.56 | 止盈: 2375.33 | 原因: RSI超卖(<30) | MACD死叉 | 价格触及布林下轨
2026-05-14 10:38:07 | INFO    | binance_eth.trader | [2026-05-13 11:44:00] ⬆️  平多 | 价格: 2306.68 | 盈亏: +0.46% (+4.60 USDT) | 原因: RSI超买，建议止盈
2026-05-14 10:38:07 | INFO    | binance_eth.trader | [2026-05-13 11:50:00] 🟢 开多 | 价格: 2301.25 | 仓位: 0.5794 | 止损: 2266.73 | 止盈: 2370.29 | 原因: RSI超卖(<30) | 价格触及布林下轨
2026-05-14 10:38:07 | INFO    | binance_eth.trader | [2026-05-13 12:04:00] ⬆️  平多 | 价格: 2307.19 | 盈亏: +5.16% (+51.62 USDT) | 原因: RSI超买，建议止盈
2026-05-14 10:38:07 | INFO    | binance_eth.trader | [2026-05-13 12:22:00] 🟢 开多 | 价格: 2295.39 | 仓位: 0.5809 | 止损: 2260.96 | 止盈: 2364.25 | 原因: RSI超卖(<30) | 价格触及布林下轨
2026-05-14 10:38:07 | INFO    | binance_eth.trader | [2026-05-13 13:01:00] ⬆️  平多 | 价格: 2287.47 | 盈亏: -6.90% (-69.01 USDT) | 原因: RSI超买，建议止盈
2026-05-14 10:38:07 | INFO    | binance_eth.trader | [2026-05-13 13:18:00] 🟢 开多 | 价格: 2286.86 | 仓位: 0.5830 | 止损: 2252.56 | 止盈: 2355.47 | 原因: MACD金叉
2026-05-14 10:38:07 | INFO    | binance_eth.trader | [2026-05-13 13:19:00] ⬆️  平多 | 价格: 2285.67 | 盈亏: -1.04% (-10.41 USDT) | 原因: MACD死叉信号
2026-05-14 10:38:07 | INFO    | binance_eth.trader | [2026-05-13 13:24:00] 🟢 开多 | 价格: 2283.31 | 仓位: 0.5839 | 止损: 2249.06 | 止盈: 2351.81 | 原因: RSI超卖(<30) | 价格触及布林下轨
2026-05-14 10:38:07 | INFO    | binance_eth.trader | [2026-05-13 14:01:00] ⬆️  平多 | 价格: 2258.00 | 盈亏: -22.17% (-221.70 USDT) | 原因: MACD死叉信号
2026-05-14 10:38:07 | INFO    | binance_eth.trader | [2026-05-13 14:23:00] 🔴 开空 | 价格: 2267.36 | 仓位: 0.5881 | 止损: 2301.37 | 止盈: 2199.34 | 原因: RSI超买(>70) | 价格触及布林上轨
2026-05-14 10:38:07 | INFO    | binance_eth.trader | [2026-05-13 14:48:00] ⬇️  平空 | 价格: 2263.15 | 盈亏: +3.71% (+37.14 USDT) | 原因: RSI超卖，建议止盈
2026-05-14 10:38:07 | INFO    | binance_eth.trader | [2026-05-13 14:49:00] 🟢 开多 | 价格: 2262.79 | 仓位: 0.5892 | 止损: 2228.85 | 止盈: 2330.67 | 原因: RSI超卖(<30) | 价格触及布林下轨
2026-05-14 10:38:07 | INFO    | binance_eth.trader | [2026-05-13 15:02:00] ⬆️  平多 | 价格: 2269.36 | 盈亏: +5.81% (+58.07 USDT) | 原因: RSI超买，建议止盈
2026-05-14 10:38:07 | INFO    | binance_eth.trader | [2026-05-13 15:08:00] 🟢 开多 | 价格: 2261.88 | 仓位: 0.5895 | 止损: 2227.95 | 止盈: 2329.74 | 原因: RSI超卖(<30) | 价格触及布林下轨
2026-05-14 10:38:07 | INFO    | binance_eth.trader | [2026-05-13 15:50:00] ⬆️  平多 | 价格: 2248.24 | 盈亏: -12.06% (-120.61 USDT) | 原因: MACD死叉信号
2026-05-14 10:38:07 | INFO    | binance_eth.trader | [2026-05-13 15:51:00] 🟢 开多 | 价格: 2245.97 | 仓位: 0.5937 | 止损: 2212.28 | 止盈: 2313.35 | 原因: RSI超卖(<30) | 价格触及布林下轨
2026-05-14 10:38:07 | INFO    | binance_eth.trader | [2026-05-13 16:23:00] ⬆️  平多 | 价格: 2249.34 | 盈亏: +3.00% (+30.01 USDT) | 原因: RSI超买，建议止盈
2026-05-14 10:38:07 | INFO    | binance_eth.trader | [2026-05-13 16:32:00] 🔴 开空 | 价格: 2251.84 | 仓位: 0.5921 | 止损: 2285.62 | 止盈: 2184.28 | 原因: RSI超买(>70) | 价格触及布林上轨
2026-05-14 10:38:07 | INFO    | binance_eth.trader | [2026-05-13 17:00:00] ⬇️  平空 | 价格: 2255.90 | 盈亏: -3.61% (-36.06 USDT) | 原因: MACD金叉信号
2026-05-14 10:38:07 | INFO    | binance_eth.trader | [2026-05-13 17:01:00] 🔴 开空 | 价格: 2255.29 | 仓位: 0.5912 | 止损: 2289.12 | 止盈: 2187.63 | 原因: RSI超买(>70) | 价格触及布林上轨
2026-05-14 10:38:07 | INFO    | binance_eth.trader | [2026-05-13 17:19:00] ⬇️  平空 | 价格: 2256.53 | 盈亏: -1.10% (-11.00 USDT) | 原因: MACD金叉信号
2026-05-14 10:38:08 | INFO    | binance_eth.trader | [2026-05-13 17:44:00] 🟢 开多 | 价格: 2257.35 | 仓位: 0.5907 | 止损: 2223.49 | 止盈: 2325.07 | 原因: MACD金叉
2026-05-14 10:38:08 | INFO    | binance_eth.trader | [2026-05-13 17:51:00] ⬆️  平多 | 价格: 2260.92 | 盈亏: +3.16% (+31.63 USDT) | 原因: RSI超买，建议止盈
2026-05-14 10:38:08 | INFO    | binance_eth.trader | [2026-05-13 17:52:00] 🔴 开空 | 价格: 2261.12 | 仓位: 0.5897 | 止损: 2295.04 | 止盈: 2193.29 | 原因: RSI超买(>70) | 价格触及布林上轨
2026-05-14 10:38:08 | INFO    | binance_eth.trader | [2026-05-13 18:02:00] ⬇️  平空 | 价格: 2260.28 | 盈亏: +0.74% (+7.43 USDT) | 原因: MACD金叉信号
2026-05-14 10:38:08 | INFO    | binance_eth.trader | [2026-05-13 18:08:00] 🟢 开多 | 价格: 2261.86 | 仓位: 0.5895 | 止损: 2227.93 | 止盈: 2329.72 | 原因: MACD金叉
2026-05-14 10:38:08 | INFO    | binance_eth.trader | [2026-05-13 18:09:00] ⬆️  平多 | 价格: 2262.37 | 盈亏: +0.45% (+4.51 USDT) | 原因: RSI超买，建议止盈
2026-05-14 10:38:08 | INFO    | binance_eth.trader | [2026-05-13 18:19:00] 🔴 开空 | 价格: 2265.18 | 仓位: 0.5886 | 止损: 2299.16 | 止盈: 2197.22 | 原因: RSI超买(>70) | 价格触及布林上轨
2026-05-14 10:38:08 | INFO    | binance_eth.trader | [2026-05-13 18:43:00] ⬇️  平空 | 价格: 2263.31 | 盈亏: +1.65% (+16.51 USDT) | 原因: RSI超卖，建议止盈
2026-05-14 10:38:08 | INFO    | binance_eth.trader | [2026-05-13 18:44:00] 🟢 开多 | 价格: 2262.43 | 仓位: 0.5893 | 止损: 2228.49 | 止盈: 2330.30 | 原因: RSI超卖(<30) | 价格触及布林下轨
2026-05-14 10:38:08 | INFO    | binance_eth.trader | [2026-05-13 18:59:00] ⬆️  平多 | 价格: 2259.68 | 盈亏: -2.43% (-24.31 USDT) | 原因: MACD死叉信号
2026-05-14 10:38:08 | INFO    | binance_eth.trader | [2026-05-13 19:02:00] 🟢 开多 | 价格: 2257.51 | 仓位: 0.5906 | 止损: 2223.65 | 止盈: 2325.24 | 原因: RSI超卖(<30) | MACD死叉 | 价格触及布林下轨
2026-05-14 10:38:08 | INFO    | binance_eth.trader | [2026-05-13 19:16:00] ⬆️  平多 | 价格: 2253.56 | 盈亏: -3.50% (-34.99 USDT) | 原因: MACD死叉信号
2026-05-14 10:38:08 | INFO    | binance_eth.trader | [2026-05-13 19:24:00] 🟢 开多 | 价格: 2251.72 | 仓位: 0.5921 | 止损: 2217.94 | 止盈: 2319.27 | 原因: RSI超卖(<30) | MACD死叉 | 价格触及布林下轨
2026-05-14 10:38:08 | INFO    | binance_eth.trader | [2026-05-13 19:38:00] ⬆️  平多 | 价格: 2258.71 | 盈亏: +6.21% (+62.09 USDT) | 原因: RSI超买，建议止盈
2026-05-14 10:38:08 | INFO    | binance_eth.trader | [2026-05-13 19:58:00] 🟢 开多 | 价格: 2257.03 | 仓位: 0.5907 | 止损: 2223.17 | 止盈: 2324.74 | 原因: MACD金叉
2026-05-14 10:38:08 | INFO    | binance_eth.trader | [2026-05-13 20:01:00] ⬆️  平多 | 价格: 2258.31 | 盈亏: +1.13% (+11.34 USDT) | 原因: RSI超买，建议止盈
2026-05-14 10:38:08 | INFO    | binance_eth.trader | [2026-05-13 20:10:00] 🔴 开空 | 价格: 2260.40 | 仓位: 0.5899 | 止损: 2294.31 | 止盈: 2192.59 | 原因: RSI超买(>70) | 价格触及布林上轨
2026-05-14 10:38:08 | INFO    | binance_eth.trader | [2026-05-13 20:33:00] ⬇️  平空 | 价格: 2262.74 | 盈亏: -2.07% (-20.70 USDT) | 原因: MACD金叉信号
2026-05-14 10:38:08 | INFO    | binance_eth.trader | [2026-05-13 20:40:00] 🟢 开多 | 价格: 2263.09 | 仓位: 0.5892 | 止损: 2229.14 | 止盈: 2330.98 | 原因: MACD金叉
2026-05-14 10:38:08 | INFO    | binance_eth.trader | [2026-05-13 20:43:00] ⬆️  平多 | 价格: 2263.87 | 盈亏: +0.69% (+6.89 USDT) | 原因: RSI超买，建议止盈
2026-05-14 10:38:08 | INFO    | binance_eth.trader | [2026-05-13 21:00:00] 🟢 开多 | 价格: 2264.07 | 仓位: 0.5889 | 止损: 2230.11 | 止盈: 2331.99 | 原因: RSI超买(>70) | MACD金叉
2026-05-14 10:38:08 | INFO    | binance_eth.trader | [2026-05-13 21:02:00] ⬆️  平多 | 价格: 2261.61 | 盈亏: -2.17% (-21.73 USDT) | 原因: MACD死叉信号
2026-05-14 10:38:08 | INFO    | binance_eth.trader | [2026-05-13 21:03:00] 🟢 开多 | 价格: 2260.88 | 仓位: 0.5897 | 止损: 2226.97 | 止盈: 2328.71 | 原因: RSI超卖(<30) | 价格触及布林下轨
2026-05-14 10:38:08 | INFO    | binance_eth.trader | [2026-05-13 21:24:00] ⬆️  平多 | 价格: 2255.29 | 盈亏: -4.94% (-49.45 USDT) | 原因: MACD死叉信号
2026-05-14 10:38:08 | INFO    | binance_eth.trader | [2026-05-13 21:51:00] 🔴 开空 | 价格: 2259.08 | 仓位: 0.5902 | 止损: 2292.97 | 止盈: 2191.31 | 原因: RSI超买(>70) | 价格触及布林上轨
2026-05-14 10:38:08 | INFO    | binance_eth.trader | [2026-05-13 22:05:00] ⬇️  平空 | 价格: 2251.83 | 盈亏: +6.42% (+64.19 USDT) | 原因: RSI超卖，建议止盈
2026-05-14 10:38:08 | INFO    | binance_eth.trader | [2026-05-13 22:06:00] 🟢 开多 | 价格: 2251.88 | 仓位: 0.5921 | 止损: 2218.10 | 止盈: 2319.44 | 原因: RSI超卖(<30) | 价格触及布林下轨
2026-05-14 10:38:08 | INFO    | binance_eth.trader | [2026-05-13 22:19:00] ⬆️  平多 | 价格: 2252.01 | 盈亏: +0.12% (+1.15 USDT) | 原因: MACD死叉信号
2026-05-14 10:38:08 | INFO    | binance_eth.trader | [2026-05-13 22:41:00] 🔴 开空 | 价格: 2256.71 | 仓位: 0.5908 | 止损: 2290.56 | 止盈: 2189.01 | 原因: RSI超买(>70) | 价格触及布林上轨
2026-05-14 10:38:08 | INFO    | binance_eth.trader | [2026-05-13 23:26:00] ⬇️  平空 | 价格: 2261.07 | 盈亏: -3.86% (-38.64 USDT) | 原因: MACD金叉信号
2026-05-14 10:38:08 | INFO    | binance_eth.trader | [2026-05-13 23:28:00] 🟢 开多 | 价格: 2257.36 | 仓位: 0.5907 | 止损: 2223.50 | 止盈: 2325.08 | 原因: RSI超卖(<30) | MACD死叉 | 价格触及布林下轨
2026-05-14 10:38:09 | INFO    | binance_eth.trader | [2026-05-13 23:48:00] ⬆️  平多 | 价格: 2258.72 | 盈亏: +1.20% (+12.05 USDT) | 原因: RSI超买，建议止盈
2026-05-14 10:38:09 | INFO    | binance_eth.trader | [2026-05-14 00:00:00] 🔴 开空 | 价格: 2261.90 | 仓位: 0.5895 | 止损: 2295.83 | 止盈: 2194.04 | 原因: RSI超买(>70) | 价格触及布林上轨
2026-05-14 10:38:09 | INFO    | binance_eth.trader | [2026-05-14 00:32:00] ⬇️  平空 | 价格: 2267.28 | 盈亏: -4.76% (-47.57 USDT) | 原因: MACD金叉信号
2026-05-14 10:38:09 | INFO    | binance_eth.trader | [2026-05-14 00:46:00] 🟢 开多 | 价格: 2268.66 | 仓位: 0.5877 | 止损: 2234.63 | 止盈: 2336.72 | 原因: RSI超买(>70) | MACD金叉
2026-05-14 10:38:09 | INFO    | binance_eth.trader | [2026-05-14 00:48:00] ⬆️  平多 | 价格: 2267.91 | 盈亏: -0.66% (-6.61 USDT) | 原因: MACD死叉信号
2026-05-14 10:38:09 | INFO    | binance_eth.trader | [2026-05-14 01:02:00] 🟢 开多 | 价格: 2268.68 | 仓位: 0.5877 | 止损: 2234.65 | 止盈: 2336.74 | 原因: MACD金叉
2026-05-14 10:38:09 | INFO    | binance_eth.trader | [2026-05-14 01:03:00] ⬆️  平多 | 价格: 2266.85 | 盈亏: -1.61% (-16.13 USDT) | 原因: MACD死叉信号
2026-05-14 10:38:09 | INFO    | binance_eth.trader | [2026-05-14 01:04:00] 🟢 开多 | 价格: 2268.23 | 仓位: 0.5878 | 止损: 2234.21 | 止盈: 2336.28 | 原因: MACD金叉
2026-05-14 10:38:09 | INFO    | binance_eth.trader | [2026-05-14 01:05:00] ⬆️  平多 | 价格: 2267.27 | 盈亏: -0.85% (-8.46 USDT) | 原因: MACD死叉信号
2026-05-14 10:38:09 | INFO    | binance_eth.trader | [2026-05-14 01:50:00] 🔴 开空 | 价格: 2265.89 | 仓位: 0.5884 | 止损: 2299.88 | 止盈: 2197.91 | 原因: RSI超买(>70) | 价格触及布林上轨
2026-05-14 10:38:09 | INFO    | binance_eth.trader | [2026-05-14 02:14:00] ⬇️  平空 | 价格: 2261.89 | 盈亏: +3.53% (+35.31 USDT) | 原因: RSI超卖，建议止盈
2026-05-14 10:38:09 | INFO    | binance_eth.trader | [2026-05-14 02:34:00] 🔴 开空 | 价格: 2262.23 | 仓位: 0.5894 | 止损: 2296.16 | 止盈: 2194.36 | 原因: MACD死叉
2026-05-14 10:38:09 | WARNING | binance_eth.trader | 回测结束时仍有持仓，强制平仓
2026-05-14 10:38:09 | INFO    | binance_eth.trader | ================================================================================
2026-05-14 10:38:09 | INFO    | binance_eth.trader | 回测结果汇总
2026-05-14 10:38:09 | INFO    | binance_eth.trader | ================================================================================
2026-05-14 10:38:09 | INFO    | binance_eth.trader | 初始资金: 1000.00 USDT
2026-05-14 10:38:09 | INFO    | binance_eth.trader | 最终资金: 700.69 USDT
2026-05-14 10:38:09 | INFO    | binance_eth.trader | 总收益率: -29.93%
2026-05-14 10:38:09 | INFO    | binance_eth.trader | 最大回撤: -37.34%
2026-05-14 10:38:09 | INFO    | binance_eth.trader | 
2026-05-14 10:38:09 | INFO    | binance_eth.trader | 交易统计:
2026-05-14 10:38:09 | INFO    | binance_eth.trader |   总交易次数: 33
2026-05-14 10:38:09 | INFO    | binance_eth.trader |   盈利次数: 17 | 亏损次数: 16
2026-05-14 10:38:09 | INFO    | binance_eth.trader |   胜率: 51.5%
2026-05-14 10:38:09 | INFO    | binance_eth.trader |   平均盈利: 25.77 USDT | 平均亏损: -46.09 USDT
2026-05-14 10:38:09 | INFO    | binance_eth.trader |   盈亏比: 0.59
2026-05-14 10:38:09 | INFO    | binance_eth.trader | 
2026-05-14 10:38:09 | INFO    | binance_eth.trader | 交易明细:
2026-05-14 10:38:09 | INFO    | binance_eth.trader |   #1 [LONG] 入场: 2306.15 | 出场: 2306.68 | 盈亏: +0.46% (+4.60 USDT) | RSI超买，建议止盈
2026-05-14 10:38:09 | INFO    | binance_eth.trader |   #2 [LONG] 入场: 2301.25 | 出场: 2307.19 | 盈亏: +5.16% (+51.62 USDT) | RSI超买，建议止盈
2026-05-14 10:38:09 | INFO    | binance_eth.trader |   #3 [LONG] 入场: 2295.39 | 出场: 2287.47 | 盈亏: -6.90% (-69.01 USDT) | RSI超买，建议止盈
2026-05-14 10:38:09 | INFO    | binance_eth.trader |   #4 [LONG] 入场: 2286.86 | 出场: 2285.67 | 盈亏: -1.04% (-10.41 USDT) | MACD死叉信号
2026-05-14 10:38:09 | INFO    | binance_eth.trader |   #5 [LONG] 入场: 2283.31 | 出场: 2258.00 | 盈亏: -22.17% (-221.70 USDT) | MACD死叉信号
2026-05-14 10:38:09 | INFO    | binance_eth.trader |   #6 [SHORT] 入场: 2267.36 | 出场: 2263.15 | 盈亏: +3.71% (+37.14 USDT) | RSI超卖，建议止盈
2026-05-14 10:38:09 | INFO    | binance_eth.trader |   #7 [LONG] 入场: 2262.79 | 出场: 2269.36 | 盈亏: +5.81% (+58.07 USDT) | RSI超买，建议止盈
2026-05-14 10:38:09 | INFO    | binance_eth.trader |   #8 [LONG] 入场: 2261.88 | 出场: 2248.24 | 盈亏: -12.06% (-120.61 USDT) | MACD死叉信号
2026-05-14 10:38:09 | INFO    | binance_eth.trader |   #9 [LONG] 入场: 2245.97 | 出场: 2249.34 | 盈亏: +3.00% (+30.01 USDT) | RSI超买，建议止盈
2026-05-14 10:38:09 | INFO    | binance_eth.trader |   #10 [SHORT] 入场: 2251.84 | 出场: 2255.90 | 盈亏: -3.61% (-36.06 USDT) | MACD金叉信号
2026-05-14 10:38:09 | INFO    | binance_eth.trader |   #11 [SHORT] 入场: 2255.29 | 出场: 2256.53 | 盈亏: -1.10% (-11.00 USDT) | MACD金叉信号
2026-05-14 10:38:09 | INFO    | binance_eth.trader |   #12 [LONG] 入场: 2257.35 | 出场: 2260.92 | 盈亏: +3.16% (+31.63 USDT) | RSI超买，建议止盈
2026-05-14 10:38:09 | INFO    | binance_eth.trader |   #13 [SHORT] 入场: 2261.12 | 出场: 2260.28 | 盈亏: +0.74% (+7.43 USDT) | MACD金叉信号
2026-05-14 10:38:09 | INFO    | binance_eth.trader |   #14 [LONG] 入场: 2261.86 | 出场: 2262.37 | 盈亏: +0.45% (+4.51 USDT) | RSI超买，建议止盈
2026-05-14 10:38:09 | INFO    | binance_eth.trader |   #15 [SHORT] 入场: 2265.18 | 出场: 2263.31 | 盈亏: +1.65% (+16.51 USDT) | RSI超卖，建议止盈
2026-05-14 10:38:09 | INFO    | binance_eth.trader |   #16 [LONG] 入场: 2262.43 | 出场: 2259.68 | 盈亏: -2.43% (-24.31 USDT) | MACD死叉信号
2026-05-14 10:38:09 | INFO    | binance_eth.trader |   #17 [LONG] 入场: 2257.51 | 出场: 2253.56 | 盈亏: -3.50% (-34.99 USDT) | MACD死叉信号
2026-05-14 10:38:09 | INFO    | binance_eth.trader |   #18 [LONG] 入场: 2251.72 | 出场: 2258.71 | 盈亏: +6.21% (+62.09 USDT) | RSI超买，建议止盈
2026-05-14 10:38:09 | INFO    | binance_eth.trader |   #19 [LONG] 入场: 2257.03 | 出场: 2258.31 | 盈亏: +1.13% (+11.34 USDT) | RSI超买，建议止盈
2026-05-14 10:38:09 | INFO    | binance_eth.trader |   #20 [SHORT] 入场: 2260.40 | 出场: 2262.74 | 盈亏: -2.07% (-20.70 USDT) | MACD金叉信号
2026-05-14 10:38:09 | INFO    | binance_eth.trader |   #21 [LONG] 入场: 2263.09 | 出场: 2263.87 | 盈亏: +0.69% (+6.89 USDT) | RSI超买，建议止盈
2026-05-14 10:38:09 | INFO    | binance_eth.trader |   #22 [LONG] 入场: 2264.07 | 出场: 2261.61 | 盈亏: -2.17% (-21.73 USDT) | MACD死叉信号
2026-05-14 10:38:09 | INFO    | binance_eth.trader |   #23 [LONG] 入场: 2260.88 | 出场: 2255.29 | 盈亏: -4.94% (-49.45 USDT) | MACD死叉信号
2026-05-14 10:38:09 | INFO    | binance_eth.trader |   #24 [SHORT] 入场: 2259.08 | 出场: 2251.83 | 盈亏: +6.42% (+64.19 USDT) | RSI超卖，建议止盈
2026-05-14 10:38:09 | INFO    | binance_eth.trader |   #25 [LONG] 入场: 2251.88 | 出场: 2252.01 | 盈亏: +0.12% (+1.15 USDT) | MACD死叉信号
2026-05-14 10:38:09 | INFO    | binance_eth.trader |   #26 [SHORT] 入场: 2256.71 | 出场: 2261.07 | 盈亏: -3.86% (-38.64 USDT) | MACD金叉信号
2026-05-14 10:38:09 | INFO    | binance_eth.trader |   #27 [LONG] 入场: 2257.36 | 出场: 2258.72 | 盈亏: +1.20% (+12.05 USDT) | RSI超买，建议止盈
2026-05-14 10:38:09 | INFO    | binance_eth.trader |   #28 [SHORT] 入场: 2261.90 | 出场: 2267.28 | 盈亏: -4.76% (-47.57 USDT) | MACD金叉信号
2026-05-14 10:38:09 | INFO    | binance_eth.trader |   #29 [LONG] 入场: 2268.66 | 出场: 2267.91 | 盈亏: -0.66% (-6.61 USDT) | MACD死叉信号
2026-05-14 10:38:09 | INFO    | binance_eth.trader |   #30 [LONG] 入场: 2268.68 | 出场: 2266.85 | 盈亏: -1.61% (-16.13 USDT) | MACD死叉信号
2026-05-14 10:38:09 | INFO    | binance_eth.trader |   #31 [LONG] 入场: 2268.23 | 出场: 2267.27 | 盈亏: -0.85% (-8.46 USDT) | MACD死叉信号
2026-05-14 10:38:09 | INFO    | binance_eth.trader |   #32 [SHORT] 入场: 2265.89 | 出场: 2261.89 | 盈亏: +3.53% (+35.31 USDT) | RSI超卖，建议止盈
2026-05-14 10:38:09 | INFO    | binance_eth.trader |   #33 [SHORT] 入场: 2262.23 | 出场: 2261.83 | 盈亏: +0.35% (+3.54 USDT) | 回测结束强制平仓
2026-05-14 10:38:09 | INFO    | binance_eth.trader | ================================================================================
2026-05-14 10:40:06 | INFO    | binance_eth.trader | ================================================================================
2026-05-14 10:40:06 | INFO    | binance_eth.trader | 交易策略回测报告
2026-05-14 10:40:06 | INFO    | binance_eth.trader | ================================================================================
2026-05-14 10:40:06 | INFO    | binance_eth.trader | 交易对: ETHUSDT | K线周期: 1h | 数据量: 500
2026-05-14 10:40:06 | INFO    | binance_eth.trader | 时间范围: 2026-04-23 07:00:00 至 2026-05-14 02:00:00
2026-05-14 10:40:06 | INFO    | binance_eth.trader | 初始资金: 1000.00 USDT | 杠杆: 20x
2026-05-14 10:40:06 | INFO    | binance_eth.trader | 止损: 1.5% | 止盈: 3.0% | 单笔风险: 2.0%
2026-05-14 10:40:06 | INFO    | binance_eth.trader | ================================================================================
2026-05-14 10:40:06 | INFO    | binance_eth.trader | [2026-04-25 15:00:00] 🟢 开多 | 价格: 2308.09 | 仓位: 0.5777 | 止损: 2273.47 | 止盈: 2377.33 | 原因: RSI超卖(<30) | MACD死叉 | 价格触及布林下轨
2026-05-14 10:40:06 | INFO    | binance_eth.trader | [2026-04-26 05:00:00] ⬆️  平多 | 价格: 2327.84 | 盈亏: +17.11% (+171.14 USDT) | 原因: RSI超买，建议止盈
2026-05-14 10:40:06 | INFO    | binance_eth.trader | [2026-04-26 06:00:00] 🔴 开空 | 价格: 2329.99 | 仓位: 0.5722 | 止损: 2364.94 | 止盈: 2260.09 | 原因: RSI超买(>70) | 价格触及布林上轨
2026-05-14 10:40:06 | INFO    | binance_eth.trader | [2026-04-26 19:00:00] ⬇️  平空 | 价格: 2367.40 | 盈亏: -32.11% (-321.12 USDT) | 原因: 触发止损 (入场:2329.99 止损:2364.94)
2026-05-14 10:40:06 | INFO    | binance_eth.trader | [2026-04-27 00:00:00] 🔴 开空 | 价格: 2390.76 | 仓位: 0.5577 | 止损: 2426.62 | 止盈: 2319.04 | 原因: RSI超买(>70) | 价格触及布林上轨
2026-05-14 10:40:07 | INFO    | binance_eth.trader | [2026-04-27 05:00:00] ⬇️  平空 | 价格: 2323.18 | 盈亏: +56.53% (+565.34 USDT) | 原因: RSI超卖，建议止盈
2026-05-14 10:40:07 | INFO    | binance_eth.trader | [2026-04-29 03:00:00] 🔴 开空 | 价格: 2311.52 | 仓位: 0.5768 | 止损: 2346.19 | 止盈: 2242.17 | 原因: RSI超买(>70) | 价格触及布林上轨
2026-05-14 10:40:07 | INFO    | binance_eth.trader | [2026-04-29 15:00:00] ⬇️  平空 | 价格: 2272.51 | 盈亏: +33.75% (+337.53 USDT) | 原因: RSI超卖，建议止盈
2026-05-14 10:40:07 | INFO    | binance_eth.trader | [2026-04-29 18:00:00] 🟢 开多 | 价格: 2239.41 | 仓位: 0.5954 | 止损: 2205.82 | 止盈: 2306.59 | 原因: RSI超卖(<30) | 价格触及布林下轨
2026-05-14 10:40:07 | INFO    | binance_eth.trader | [2026-05-01 03:00:00] ⬆️  平多 | 价格: 2282.87 | 盈亏: +38.81% (+388.14 USDT) | 原因: RSI超买，建议止盈
2026-05-14 10:40:07 | INFO    | binance_eth.trader | [2026-05-01 04:00:00] 🔴 开空 | 价格: 2280.12 | 仓位: 0.5848 | 止损: 2314.32 | 止盈: 2211.72 | 原因: RSI超买(>70) | 价格触及布林上轨
2026-05-14 10:40:07 | INFO    | binance_eth.trader | [2026-05-01 13:00:00] ⬇️  平空 | 价格: 2318.22 | 盈亏: -33.42% (-334.19 USDT) | 原因: 触发止损 (入场:2280.12 止损:2314.32)
2026-05-14 10:40:07 | INFO    | binance_eth.trader | [2026-05-02 21:00:00] 🟢 开多 | 价格: 2325.62 | 仓位: 0.5733 | 止损: 2290.74 | 止盈: 2395.39 | 原因: RSI超买(>70) | MACD金叉 | 价格触及布林上轨
2026-05-14 10:40:07 | INFO    | binance_eth.trader | [2026-05-02 22:00:00] ⬆️  平多 | 价格: 2327.00 | 盈亏: +1.19% (+11.87 USDT) | 原因: RSI超买，建议止盈
2026-05-14 10:40:07 | INFO    | binance_eth.trader | [2026-05-03 11:00:00] 🟢 开多 | 价格: 2319.63 | 仓位: 0.5748 | 止损: 2284.84 | 止盈: 2389.22 | 原因: MACD金叉
2026-05-14 10:40:07 | INFO    | binance_eth.trader | [2026-05-03 12:00:00] ⬆️  平多 | 价格: 2325.71 | 盈亏: +5.24% (+52.42 USDT) | 原因: RSI超买，建议止盈
2026-05-14 10:40:07 | INFO    | binance_eth.trader | [2026-05-04 01:00:00] 🟢 开多 | 价格: 2351.20 | 仓位: 0.5671 | 止损: 2315.93 | 止盈: 2421.74 | 原因: MACD金叉 | 价格触及布林上轨
2026-05-14 10:40:07 | INFO    | binance_eth.trader | [2026-05-04 02:00:00] ⬆️  平多 | 价格: 2374.73 | 盈亏: +20.02% (+200.15 USDT) | 原因: RSI超买，建议止盈
2026-05-14 10:40:07 | INFO    | binance_eth.trader | [2026-05-04 03:00:00] 🔴 开空 | 价格: 2385.12 | 仓位: 0.5590 | 止损: 2420.90 | 止盈: 2313.57 | 原因: RSI超买(>70) | 价格触及布林上轨
2026-05-14 10:40:07 | INFO    | binance_eth.trader | [2026-05-05 03:00:00] ⬇️  平空 | 价格: 2382.43 | 盈亏: +2.26% (+22.56 USDT) | 原因: MACD金叉信号
2026-05-14 10:40:07 | INFO    | binance_eth.trader | [2026-05-06 08:00:00] 🟢 开多 | 价格: 2394.33 | 仓位: 0.5569 | 止损: 2358.42 | 止盈: 2466.16 | 原因: RSI超买(>70) | MACD金叉 | 价格触及布林上轨
2026-05-14 10:40:07 | INFO    | binance_eth.trader | [2026-05-06 09:00:00] ⬆️  平多 | 价格: 2412.76 | 盈亏: +15.39% (+153.95 USDT) | 原因: RSI超买，建议止盈
2026-05-14 10:40:07 | INFO    | binance_eth.trader | [2026-05-06 10:00:00] 🔴 开空 | 价格: 2410.20 | 仓位: 0.5532 | 止损: 2446.35 | 止盈: 2337.89 | 原因: RSI超买(>70) | 价格触及布林上轨
2026-05-14 10:40:07 | INFO    | binance_eth.trader | [2026-05-06 17:00:00] ⬇️  平空 | 价格: 2349.70 | 盈亏: +50.20% (+502.03 USDT) | 原因: RSI超卖，建议止盈
2026-05-14 10:40:07 | INFO    | binance_eth.trader | [2026-05-07 13:00:00] 🔴 开空 | 价格: 2314.32 | 仓位: 0.5761 | 止损: 2349.03 | 止盈: 2244.89 | 原因: RSI超卖(<30) | MACD死叉
2026-05-14 10:40:07 | INFO    | binance_eth.trader | [2026-05-07 14:00:00] ⬇️  平空 | 价格: 2298.98 | 盈亏: +13.26% (+132.57 USDT) | 原因: RSI超卖，建议止盈
2026-05-14 10:40:07 | INFO    | binance_eth.trader | [2026-05-07 15:00:00] 🟢 开多 | 价格: 2294.82 | 仓位: 0.5810 | 止损: 2260.40 | 止盈: 2363.66 | 原因: RSI超卖(<30) | 价格触及布林下轨
2026-05-14 10:40:07 | INFO    | binance_eth.trader | [2026-05-08 18:00:00] ⬆️  平多 | 价格: 2313.49 | 盈亏: +16.27% (+162.71 USDT) | 原因: RSI超买，建议止盈
2026-05-14 10:40:07 | INFO    | binance_eth.trader | [2026-05-08 19:00:00] 🔴 开空 | 价格: 2316.05 | 仓位: 0.5757 | 止损: 2350.79 | 止盈: 2246.57 | 原因: RSI超买(>70) | 价格触及布林上轨
2026-05-14 10:40:07 | INFO    | binance_eth.trader | [2026-05-09 17:00:00] ⬇️  平空 | 价格: 2329.45 | 盈亏: -11.57% (-115.71 USDT) | 原因: MACD金叉信号
2026-05-14 10:40:07 | INFO    | binance_eth.trader | [2026-05-09 18:00:00] 🔴 开空 | 价格: 2330.22 | 仓位: 0.5722 | 止损: 2365.17 | 止盈: 2260.31 | 原因: RSI超买(>70) | 价格触及布林上轨
2026-05-14 10:40:07 | INFO    | binance_eth.trader | [2026-05-10 15:00:00] ⬇️  平空 | 价格: 2347.56 | 盈亏: -14.88% (-148.83 USDT) | 原因: MACD金叉信号
2026-05-14 10:40:07 | INFO    | binance_eth.trader | [2026-05-10 16:00:00] 🔴 开空 | 价格: 2350.00 | 仓位: 0.5674 | 止损: 2385.25 | 止盈: 2279.50 | 原因: RSI超买(>70) | 价格触及布林上轨
2026-05-14 10:40:07 | INFO    | binance_eth.trader | [2026-05-10 22:00:00] ⬇️  平空 | 价格: 2373.78 | 盈亏: -20.24% (-202.38 USDT) | 原因: MACD金叉信号
2026-05-14 10:40:07 | INFO    | binance_eth.trader | [2026-05-12 01:00:00] 🟢 开多 | 价格: 2311.41 | 仓位: 0.5768 | 止损: 2276.74 | 止盈: 2380.75 | 原因: RSI超卖(<30) | MACD死叉 | 价格触及布林下轨
2026-05-14 10:40:07 | INFO    | binance_eth.trader | [2026-05-12 13:00:00] ⬆️  平多 | 价格: 2271.99 | 盈亏: -34.11% (-341.09 USDT) | 原因: 触发止损 (入场:2311.41 止损:2276.74)
2026-05-14 10:40:08 | INFO    | binance_eth.trader | [2026-05-13 04:00:00] 🔴 开空 | 价格: 2306.67 | 仓位: 0.5780 | 止损: 2341.27 | 止盈: 2237.47 | 原因: RSI超买(>70) | 价格触及布林上轨
2026-05-14 10:40:08 | INFO    | binance_eth.trader | [2026-05-13 13:00:00] ⬇️  平空 | 价格: 2262.80 | 盈亏: +38.04% (+380.38 USDT) | 原因: RSI超卖，建议止盈
2026-05-14 10:40:08 | INFO    | binance_eth.trader | [2026-05-13 15:00:00] 🟢 开多 | 价格: 2236.49 | 仓位: 0.5962 | 止损: 2202.94 | 止盈: 2303.58 | 原因: RSI超卖(<30) | 价格触及布林下轨
2026-05-14 10:40:08 | WARNING | binance_eth.trader | 回测结束时仍有持仓，强制平仓
2026-05-14 10:40:08 | INFO    | binance_eth.trader | ================================================================================
2026-05-14 10:40:08 | INFO    | binance_eth.trader | 回测结果汇总
2026-05-14 10:40:08 | INFO    | binance_eth.trader | ================================================================================
2026-05-14 10:40:08 | INFO    | binance_eth.trader | 初始资金: 1000.00 USDT
2026-05-14 10:40:08 | INFO    | binance_eth.trader | 最终资金: 2864.54 USDT
2026-05-14 10:40:08 | INFO    | binance_eth.trader | 总收益率: +186.45%
2026-05-14 10:40:08 | INFO    | binance_eth.trader | 最大回撤: -27.42%
2026-05-14 10:40:08 | INFO    | binance_eth.trader | 
2026-05-14 10:40:08 | INFO    | binance_eth.trader | 交易统计:
2026-05-14 10:40:08 | INFO    | binance_eth.trader |   总交易次数: 20
2026-05-14 10:40:08 | INFO    | binance_eth.trader |   盈利次数: 14 | 亏损次数: 6
2026-05-14 10:40:08 | INFO    | binance_eth.trader |   胜率: 70.0%
2026-05-14 10:40:08 | INFO    | binance_eth.trader |   平均盈利: 237.70 USDT | 平均亏损: -243.89 USDT
2026-05-14 10:40:08 | INFO    | binance_eth.trader |   盈亏比: 2.27
2026-05-14 10:40:08 | INFO    | binance_eth.trader | 
2026-05-14 10:40:08 | INFO    | binance_eth.trader | 交易明细:
2026-05-14 10:40:08 | INFO    | binance_eth.trader |   #1 [LONG] 入场: 2308.09 | 出场: 2327.84 | 盈亏: +17.11% (+171.14 USDT) | RSI超买，建议止盈
2026-05-14 10:40:08 | INFO    | binance_eth.trader |   #2 [SHORT] 入场: 2329.99 | 出场: 2367.40 | 盈亏: -32.11% (-321.12 USDT) | 触发止损 (入场:2329.99 止损:2364.94)
2026-05-14 10:40:08 | INFO    | binance_eth.trader |   #3 [SHORT] 入场: 2390.76 | 出场: 2323.18 | 盈亏: +56.53% (+565.34 USDT) | RSI超卖，建议止盈
2026-05-14 10:40:08 | INFO    | binance_eth.trader |   #4 [SHORT] 入场: 2311.52 | 出场: 2272.51 | 盈亏: +33.75% (+337.53 USDT) | RSI超卖，建议止盈
2026-05-14 10:40:08 | INFO    | binance_eth.trader |   #5 [LONG] 入场: 2239.41 | 出场: 2282.87 | 盈亏: +38.81% (+388.14 USDT) | RSI超买，建议止盈
2026-05-14 10:40:08 | INFO    | binance_eth.trader |   #6 [SHORT] 入场: 2280.12 | 出场: 2318.22 | 盈亏: -33.42% (-334.19 USDT) | 触发止损 (入场:2280.12 止损:2314.32)
2026-05-14 10:40:08 | INFO    | binance_eth.trader |   #7 [LONG] 入场: 2325.62 | 出场: 2327.00 | 盈亏: +1.19% (+11.87 USDT) | RSI超买，建议止盈
2026-05-14 10:40:08 | INFO    | binance_eth.trader |   #8 [LONG] 入场: 2319.63 | 出场: 2325.71 | 盈亏: +5.24% (+52.42 USDT) | RSI超买，建议止盈
2026-05-14 10:40:08 | INFO    | binance_eth.trader |   #9 [LONG] 入场: 2351.20 | 出场: 2374.73 | 盈亏: +20.02% (+200.15 USDT) | RSI超买，建议止盈
2026-05-14 10:40:08 | INFO    | binance_eth.trader |   #10 [SHORT] 入场: 2385.12 | 出场: 2382.43 | 盈亏: +2.26% (+22.56 USDT) | MACD金叉信号
2026-05-14 10:40:08 | INFO    | binance_eth.trader |   #11 [LONG] 入场: 2394.33 | 出场: 2412.76 | 盈亏: +15.39% (+153.95 USDT) | RSI超买，建议止盈
2026-05-14 10:40:08 | INFO    | binance_eth.trader |   #12 [SHORT] 入场: 2410.20 | 出场: 2349.70 | 盈亏: +50.20% (+502.03 USDT) | RSI超卖，建议止盈
2026-05-14 10:40:08 | INFO    | binance_eth.trader |   #13 [SHORT] 入场: 2314.32 | 出场: 2298.98 | 盈亏: +13.26% (+132.57 USDT) | RSI超卖，建议止盈
2026-05-14 10:40:08 | INFO    | binance_eth.trader |   #14 [LONG] 入场: 2294.82 | 出场: 2313.49 | 盈亏: +16.27% (+162.71 USDT) | RSI超买，建议止盈
2026-05-14 10:40:08 | INFO    | binance_eth.trader |   #15 [SHORT] 入场: 2316.05 | 出场: 2329.45 | 盈亏: -11.57% (-115.71 USDT) | MACD金叉信号
2026-05-14 10:40:08 | INFO    | binance_eth.trader |   #16 [SHORT] 入场: 2330.22 | 出场: 2347.56 | 盈亏: -14.88% (-148.83 USDT) | MACD金叉信号
2026-05-14 10:40:08 | INFO    | binance_eth.trader |   #17 [SHORT] 入场: 2350.00 | 出场: 2373.78 | 盈亏: -20.24% (-202.38 USDT) | MACD金叉信号
2026-05-14 10:40:08 | INFO    | binance_eth.trader |   #18 [LONG] 入场: 2311.41 | 出场: 2271.99 | 盈亏: -34.11% (-341.09 USDT) | 触发止损 (入场:2311.41 止损:2276.74)
2026-05-14 10:40:08 | INFO    | binance_eth.trader |   #19 [SHORT] 入场: 2306.67 | 出场: 2262.80 | 盈亏: +38.04% (+380.38 USDT) | RSI超卖，建议止盈
2026-05-14 10:40:08 | INFO    | binance_eth.trader |   #20 [LONG] 入场: 2236.49 | 出场: 2264.12 | 盈亏: +24.71% (+247.08 USDT) | 回测结束强制平仓
2026-05-14 10:40:08 | INFO    | binance_eth.trader | ================================================================================
2026-05-14 10:46:41 | INFO    | binance_eth.trader | ================================================================================
2026-05-14 10:46:41 | INFO    | binance_eth.trader | 交易策略回测报告
2026-05-14 10:46:41 | INFO    | binance_eth.trader | ================================================================================
2026-05-14 10:46:41 | INFO    | binance_eth.trader | 交易对: ETHUSDT | K线周期: 1h | 数据量: 500
2026-05-14 10:46:41 | INFO    | binance_eth.trader | 时间范围: 2026-04-23 07:00:00 至 2026-05-14 02:00:00
2026-05-14 10:46:41 | INFO    | binance_eth.trader | 初始资金: 1000.00 USDT | 杠杆: 20x
2026-05-14 10:46:41 | INFO    | binance_eth.trader | 止损: 1.5% | 止盈: 5.0% | 单笔风险: 2.0%
2026-05-14 10:46:41 | INFO    | binance_eth.trader | ================================================================================
2026-05-14 10:46:41 | INFO    | binance_eth.trader | [2026-04-25 15:00:00] 🟢 开多 | 价格: 2308.09 | 仓位: 0.5777 | 止损: 2273.47 | 止盈: 2423.49 | 原因: RSI超卖(<30) | MACD死叉 | 价格触及布林下轨
2026-05-14 10:46:41 | INFO    | binance_eth.trader | [2026-04-26 05:00:00] ⬆️  平多 | 价格: 2327.84 | 盈亏: +17.11% (+171.14 USDT) | 原因: RSI超买，建议止盈
2026-05-14 10:46:41 | INFO    | binance_eth.trader | [2026-04-26 06:00:00] 🔴 开空 | 价格: 2329.99 | 仓位: 0.5722 | 止损: 2364.94 | 止盈: 2213.49 | 原因: RSI超买(>70) | 价格触及布林上轨
2026-05-14 10:46:41 | INFO    | binance_eth.trader | [2026-04-26 19:00:00] ⬇️  平空 | 价格: 2367.40 | 盈亏: -32.11% (-321.12 USDT) | 原因: 触发止损 (入场:2329.99 止损:2364.94)
2026-05-14 10:46:41 | INFO    | binance_eth.trader | [2026-04-27 00:00:00] 🔴 开空 | 价格: 2390.76 | 仓位: 0.5577 | 止损: 2426.62 | 止盈: 2271.22 | 原因: RSI超买(>70) | 价格触及布林上轨
2026-05-14 10:46:41 | INFO    | binance_eth.trader | [2026-04-27 05:00:00] ⬇️  平空 | 价格: 2323.18 | 盈亏: +56.53% (+565.34 USDT) | 原因: RSI超卖，建议止盈
2026-05-14 10:46:41 | INFO    | binance_eth.trader | [2026-04-29 03:00:00] 🔴 开空 | 价格: 2311.52 | 仓位: 0.5768 | 止损: 2346.19 | 止盈: 2195.94 | 原因: RSI超买(>70) | 价格触及布林上轨
2026-05-14 10:46:41 | INFO    | binance_eth.trader | [2026-04-29 15:00:00] ⬇️  平空 | 价格: 2272.51 | 盈亏: +33.75% (+337.53 USDT) | 原因: RSI超卖，建议止盈
2026-05-14 10:46:41 | INFO    | binance_eth.trader | [2026-04-29 18:00:00] 🟢 开多 | 价格: 2239.41 | 仓位: 0.5954 | 止损: 2205.82 | 止盈: 2351.38 | 原因: RSI超卖(<30) | 价格触及布林下轨
2026-05-14 10:46:41 | INFO    | binance_eth.trader | [2026-05-01 03:00:00] ⬆️  平多 | 价格: 2282.87 | 盈亏: +38.81% (+388.14 USDT) | 原因: RSI超买，建议止盈
2026-05-14 10:46:41 | INFO    | binance_eth.trader | [2026-05-01 04:00:00] 🔴 开空 | 价格: 2280.12 | 仓位: 0.5848 | 止损: 2314.32 | 止盈: 2166.11 | 原因: RSI超买(>70) | 价格触及布林上轨
2026-05-14 10:46:41 | INFO    | binance_eth.trader | [2026-05-01 13:00:00] ⬇️  平空 | 价格: 2318.22 | 盈亏: -33.42% (-334.19 USDT) | 原因: 触发止损 (入场:2280.12 止损:2314.32)
2026-05-14 10:46:41 | INFO    | binance_eth.trader | [2026-05-02 21:00:00] 🟢 开多 | 价格: 2325.62 | 仓位: 0.5733 | 止损: 2290.74 | 止盈: 2441.90 | 原因: RSI超买(>70) | MACD金叉 | 价格触及布林上轨
2026-05-14 10:46:41 | INFO    | binance_eth.trader | [2026-05-02 22:00:00] ⬆️  平多 | 价格: 2327.00 | 盈亏: +1.19% (+11.87 USDT) | 原因: RSI超买，建议止盈
2026-05-14 10:46:41 | INFO    | binance_eth.trader | [2026-05-03 11:00:00] 🟢 开多 | 价格: 2319.63 | 仓位: 0.5748 | 止损: 2284.84 | 止盈: 2435.61 | 原因: MACD金叉
2026-05-14 10:46:41 | INFO    | binance_eth.trader | [2026-05-03 12:00:00] ⬆️  平多 | 价格: 2325.71 | 盈亏: +5.24% (+52.42 USDT) | 原因: RSI超买，建议止盈
2026-05-14 10:46:41 | INFO    | binance_eth.trader | [2026-05-04 01:00:00] 🟢 开多 | 价格: 2351.20 | 仓位: 0.5671 | 止损: 2315.93 | 止盈: 2468.76 | 原因: MACD金叉 | 价格触及布林上轨
2026-05-14 10:46:41 | INFO    | binance_eth.trader | [2026-05-04 02:00:00] ⬆️  平多 | 价格: 2374.73 | 盈亏: +20.02% (+200.15 USDT) | 原因: RSI超买，建议止盈
2026-05-14 10:46:41 | INFO    | binance_eth.trader | [2026-05-04 03:00:00] 🔴 开空 | 价格: 2385.12 | 仓位: 0.5590 | 止损: 2420.90 | 止盈: 2265.86 | 原因: RSI超买(>70) | 价格触及布林上轨
2026-05-14 10:46:41 | INFO    | binance_eth.trader | [2026-05-05 03:00:00] ⬇️  平空 | 价格: 2382.43 | 盈亏: +2.26% (+22.56 USDT) | 原因: MACD金叉信号
2026-05-14 10:46:41 | INFO    | binance_eth.trader | [2026-05-06 08:00:00] 🟢 开多 | 价格: 2394.33 | 仓位: 0.5569 | 止损: 2358.42 | 止盈: 2514.05 | 原因: RSI超买(>70) | MACD金叉 | 价格触及布林上轨
2026-05-14 10:46:41 | INFO    | binance_eth.trader | [2026-05-06 09:00:00] ⬆️  平多 | 价格: 2412.76 | 盈亏: +15.39% (+153.95 USDT) | 原因: RSI超买，建议止盈
2026-05-14 10:46:41 | INFO    | binance_eth.trader | [2026-05-06 10:00:00] 🔴 开空 | 价格: 2410.20 | 仓位: 0.5532 | 止损: 2446.35 | 止盈: 2289.69 | 原因: RSI超买(>70) | 价格触及布林上轨
2026-05-14 10:46:41 | INFO    | binance_eth.trader | [2026-05-06 17:00:00] ⬇️  平空 | 价格: 2349.70 | 盈亏: +50.20% (+502.03 USDT) | 原因: RSI超卖，建议止盈
2026-05-14 10:46:41 | INFO    | binance_eth.trader | [2026-05-07 13:00:00] 🔴 开空 | 价格: 2314.32 | 仓位: 0.5761 | 止损: 2349.03 | 止盈: 2198.60 | 原因: RSI超卖(<30) | MACD死叉
2026-05-14 10:46:41 | INFO    | binance_eth.trader | [2026-05-07 14:00:00] ⬇️  平空 | 价格: 2298.98 | 盈亏: +13.26% (+132.57 USDT) | 原因: RSI超卖，建议止盈
2026-05-14 10:46:41 | INFO    | binance_eth.trader | [2026-05-07 15:00:00] 🟢 开多 | 价格: 2294.82 | 仓位: 0.5810 | 止损: 2260.40 | 止盈: 2409.56 | 原因: RSI超卖(<30) | 价格触及布林下轨
2026-05-14 10:46:41 | INFO    | binance_eth.trader | [2026-05-08 18:00:00] ⬆️  平多 | 价格: 2313.49 | 盈亏: +16.27% (+162.71 USDT) | 原因: RSI超买，建议止盈
2026-05-14 10:46:41 | INFO    | binance_eth.trader | [2026-05-08 19:00:00] 🔴 开空 | 价格: 2316.05 | 仓位: 0.5757 | 止损: 2350.79 | 止盈: 2200.25 | 原因: RSI超买(>70) | 价格触及布林上轨
2026-05-14 10:46:42 | INFO    | binance_eth.trader | [2026-05-09 17:00:00] ⬇️  平空 | 价格: 2329.45 | 盈亏: -11.57% (-115.71 USDT) | 原因: MACD金叉信号
2026-05-14 10:46:42 | INFO    | binance_eth.trader | [2026-05-09 18:00:00] 🔴 开空 | 价格: 2330.22 | 仓位: 0.5722 | 止损: 2365.17 | 止盈: 2213.71 | 原因: RSI超买(>70) | 价格触及布林上轨
2026-05-14 10:46:42 | INFO    | binance_eth.trader | [2026-05-10 15:00:00] ⬇️  平空 | 价格: 2347.56 | 盈亏: -14.88% (-148.83 USDT) | 原因: MACD金叉信号
2026-05-14 10:46:42 | INFO    | binance_eth.trader | [2026-05-10 16:00:00] 🔴 开空 | 价格: 2350.00 | 仓位: 0.5674 | 止损: 2385.25 | 止盈: 2232.50 | 原因: RSI超买(>70) | 价格触及布林上轨
2026-05-14 10:46:42 | INFO    | binance_eth.trader | [2026-05-10 22:00:00] ⬇️  平空 | 价格: 2373.78 | 盈亏: -20.24% (-202.38 USDT) | 原因: MACD金叉信号
2026-05-14 10:46:42 | INFO    | binance_eth.trader | [2026-05-12 01:00:00] 🟢 开多 | 价格: 2311.41 | 仓位: 0.5768 | 止损: 2276.74 | 止盈: 2426.98 | 原因: RSI超卖(<30) | MACD死叉 | 价格触及布林下轨
2026-05-14 10:46:42 | INFO    | binance_eth.trader | [2026-05-12 13:00:00] ⬆️  平多 | 价格: 2271.99 | 盈亏: -34.11% (-341.09 USDT) | 原因: 触发止损 (入场:2311.41 止损:2276.74)
2026-05-14 10:46:42 | INFO    | binance_eth.trader | [2026-05-13 04:00:00] 🔴 开空 | 价格: 2306.67 | 仓位: 0.5780 | 止损: 2341.27 | 止盈: 2191.34 | 原因: RSI超买(>70) | 价格触及布林上轨
2026-05-14 10:46:42 | INFO    | binance_eth.trader | [2026-05-13 13:00:00] ⬇️  平空 | 价格: 2262.80 | 盈亏: +38.04% (+380.38 USDT) | 原因: RSI超卖，建议止盈
2026-05-14 10:46:42 | INFO    | binance_eth.trader | [2026-05-13 15:00:00] 🟢 开多 | 价格: 2236.49 | 仓位: 0.5962 | 止损: 2202.94 | 止盈: 2348.31 | 原因: RSI超卖(<30) | 价格触及布林下轨
2026-05-14 10:46:42 | WARNING | binance_eth.trader | 回测结束时仍有持仓，强制平仓
2026-05-14 10:46:42 | INFO    | binance_eth.trader | ================================================================================
2026-05-14 10:46:42 | INFO    | binance_eth.trader | 回测结果汇总
2026-05-14 10:46:42 | INFO    | binance_eth.trader | ================================================================================
2026-05-14 10:46:42 | INFO    | binance_eth.trader | 初始资金: 1000.00 USDT
2026-05-14 10:46:42 | INFO    | binance_eth.trader | 最终资金: 2864.54 USDT
2026-05-14 10:46:42 | INFO    | binance_eth.trader | 总收益率: +186.45%
2026-05-14 10:46:42 | INFO    | binance_eth.trader | 最大回撤: -27.42%
2026-05-14 10:46:42 | INFO    | binance_eth.trader | 
2026-05-14 10:46:42 | INFO    | binance_eth.trader | 交易统计:
2026-05-14 10:46:42 | INFO    | binance_eth.trader |   总交易次数: 20
2026-05-14 10:46:42 | INFO    | binance_eth.trader |   盈利次数: 14 | 亏损次数: 6
2026-05-14 10:46:42 | INFO    | binance_eth.trader |   胜率: 70.0%
2026-05-14 10:46:42 | INFO    | binance_eth.trader |   平均盈利: 237.70 USDT | 平均亏损: -243.89 USDT
2026-05-14 10:46:42 | INFO    | binance_eth.trader |   盈亏比: 2.27
2026-05-14 10:46:42 | INFO    | binance_eth.trader | 
2026-05-14 10:46:42 | INFO    | binance_eth.trader | 交易明细:
2026-05-14 10:46:42 | INFO    | binance_eth.trader |   #1 [LONG] 入场: 2308.09 | 出场: 2327.84 | 盈亏: +17.11% (+171.14 USDT) | RSI超买，建议止盈
2026-05-14 10:46:42 | INFO    | binance_eth.trader |   #2 [SHORT] 入场: 2329.99 | 出场: 2367.40 | 盈亏: -32.11% (-321.12 USDT) | 触发止损 (入场:2329.99 止损:2364.94)
2026-05-14 10:46:42 | INFO    | binance_eth.trader |   #3 [SHORT] 入场: 2390.76 | 出场: 2323.18 | 盈亏: +56.53% (+565.34 USDT) | RSI超卖，建议止盈
2026-05-14 10:46:42 | INFO    | binance_eth.trader |   #4 [SHORT] 入场: 2311.52 | 出场: 2272.51 | 盈亏: +33.75% (+337.53 USDT) | RSI超卖，建议止盈
2026-05-14 10:46:42 | INFO    | binance_eth.trader |   #5 [LONG] 入场: 2239.41 | 出场: 2282.87 | 盈亏: +38.81% (+388.14 USDT) | RSI超买，建议止盈
2026-05-14 10:46:42 | INFO    | binance_eth.trader |   #6 [SHORT] 入场: 2280.12 | 出场: 2318.22 | 盈亏: -33.42% (-334.19 USDT) | 触发止损 (入场:2280.12 止损:2314.32)
2026-05-14 10:46:42 | INFO    | binance_eth.trader |   #7 [LONG] 入场: 2325.62 | 出场: 2327.00 | 盈亏: +1.19% (+11.87 USDT) | RSI超买，建议止盈
2026-05-14 10:46:42 | INFO    | binance_eth.trader |   #8 [LONG] 入场: 2319.63 | 出场: 2325.71 | 盈亏: +5.24% (+52.42 USDT) | RSI超买，建议止盈
2026-05-14 10:46:42 | INFO    | binance_eth.trader |   #9 [LONG] 入场: 2351.20 | 出场: 2374.73 | 盈亏: +20.02% (+200.15 USDT) | RSI超买，建议止盈
2026-05-14 10:46:42 | INFO    | binance_eth.trader |   #10 [SHORT] 入场: 2385.12 | 出场: 2382.43 | 盈亏: +2.26% (+22.56 USDT) | MACD金叉信号
2026-05-14 10:46:42 | INFO    | binance_eth.trader |   #11 [LONG] 入场: 2394.33 | 出场: 2412.76 | 盈亏: +15.39% (+153.95 USDT) | RSI超买，建议止盈
2026-05-14 10:46:42 | INFO    | binance_eth.trader |   #12 [SHORT] 入场: 2410.20 | 出场: 2349.70 | 盈亏: +50.20% (+502.03 USDT) | RSI超卖，建议止盈
2026-05-14 10:46:42 | INFO    | binance_eth.trader |   #13 [SHORT] 入场: 2314.32 | 出场: 2298.98 | 盈亏: +13.26% (+132.57 USDT) | RSI超卖，建议止盈
2026-05-14 10:46:42 | INFO    | binance_eth.trader |   #14 [LONG] 入场: 2294.82 | 出场: 2313.49 | 盈亏: +16.27% (+162.71 USDT) | RSI超买，建议止盈
2026-05-14 10:46:42 | INFO    | binance_eth.trader |   #15 [SHORT] 入场: 2316.05 | 出场: 2329.45 | 盈亏: -11.57% (-115.71 USDT) | MACD金叉信号
2026-05-14 10:46:42 | INFO    | binance_eth.trader |   #16 [SHORT] 入场: 2330.22 | 出场: 2347.56 | 盈亏: -14.88% (-148.83 USDT) | MACD金叉信号
2026-05-14 10:46:42 | INFO    | binance_eth.trader |   #17 [SHORT] 入场: 2350.00 | 出场: 2373.78 | 盈亏: -20.24% (-202.38 USDT) | MACD金叉信号
2026-05-14 10:46:42 | INFO    | binance_eth.trader |   #18 [LONG] 入场: 2311.41 | 出场: 2271.99 | 盈亏: -34.11% (-341.09 USDT) | 触发止损 (入场:2311.41 止损:2276.74)
2026-05-14 10:46:42 | INFO    | binance_eth.trader |   #19 [SHORT] 入场: 2306.67 | 出场: 2262.80 | 盈亏: +38.04% (+380.38 USDT) | RSI超卖，建议止盈
2026-05-14 10:46:42 | INFO    | binance_eth.trader |   #20 [LONG] 入场: 2236.49 | 出场: 2264.12 | 盈亏: +24.71% (+247.08 USDT) | 回测结束强制平仓
2026-05-14 10:46:42 | INFO    | binance_eth.trader | ================================================================================
2026-05-14 10:47:33 | INFO    | binance_eth.trader | ================================================================================
2026-05-14 10:47:33 | INFO    | binance_eth.trader | 交易策略回测报告
2026-05-14 10:47:33 | INFO    | binance_eth.trader | ================================================================================
2026-05-14 10:47:33 | INFO    | binance_eth.trader | 交易对: ETHUSDT | K线周期: 1h | 数据量: 500
2026-05-14 10:47:33 | INFO    | binance_eth.trader | 时间范围: 2026-04-23 07:00:00 至 2026-05-14 02:00:00
2026-05-14 10:47:33 | INFO    | binance_eth.trader | 初始资金: 1000.00 USDT | 杠杆: 20x
2026-05-14 10:47:33 | INFO    | binance_eth.trader | 止损: 1.5% | 止盈: 5.0% | 单笔风险: 2.0%
2026-05-14 10:47:33 | INFO    | binance_eth.trader | ================================================================================
2026-05-14 10:47:33 | INFO    | binance_eth.trader | [2026-04-25 15:00:00] 🟢 开多 | 价格: 2308.09 | 仓位: 0.5777 | 止损: 2273.47 | 止盈: 2423.49 | 原因: RSI超卖(<30) | MACD死叉 | 价格触及布林下轨
2026-05-14 10:47:33 | INFO    | binance_eth.trader | [2026-04-26 05:00:00] ⬆️  平多 | 价格: 2327.84 | 盈亏: +17.11% (+171.14 USDT) | 原因: RSI超买，建议止盈
2026-05-14 10:47:33 | INFO    | binance_eth.trader | [2026-04-26 06:00:00] 🔴 开空 | 价格: 2329.99 | 仓位: 0.5722 | 止损: 2364.94 | 止盈: 2213.49 | 原因: RSI超买(>70) | 价格触及布林上轨
2026-05-14 10:47:33 | INFO    | binance_eth.trader | [2026-04-26 19:00:00] ⬇️  平空 | 价格: 2367.40 | 盈亏: -32.11% (-321.12 USDT) | 原因: 触发止损 (入场:2329.99 止损:2364.94)
2026-05-14 10:47:33 | INFO    | binance_eth.trader | [2026-04-27 00:00:00] 🔴 开空 | 价格: 2390.76 | 仓位: 0.5577 | 止损: 2426.62 | 止盈: 2271.22 | 原因: RSI超买(>70) | 价格触及布林上轨
2026-05-14 10:47:33 | INFO    | binance_eth.trader | [2026-04-27 05:00:00] ⬇️  平空 | 价格: 2323.18 | 盈亏: +56.53% (+565.34 USDT) | 原因: RSI超卖，建议止盈
2026-05-14 10:47:33 | INFO    | binance_eth.trader | [2026-04-29 03:00:00] 🔴 开空 | 价格: 2311.52 | 仓位: 0.5768 | 止损: 2346.19 | 止盈: 2195.94 | 原因: RSI超买(>70) | 价格触及布林上轨
2026-05-14 10:47:33 | INFO    | binance_eth.trader | [2026-04-29 15:00:00] ⬇️  平空 | 价格: 2272.51 | 盈亏: +33.75% (+337.53 USDT) | 原因: RSI超卖，建议止盈
2026-05-14 10:47:33 | INFO    | binance_eth.trader | [2026-04-29 18:00:00] 🟢 开多 | 价格: 2239.41 | 仓位: 0.5954 | 止损: 2205.82 | 止盈: 2351.38 | 原因: RSI超卖(<30) | 价格触及布林下轨
2026-05-14 10:47:33 | INFO    | binance_eth.trader | [2026-05-01 03:00:00] ⬆️  平多 | 价格: 2282.87 | 盈亏: +38.81% (+388.14 USDT) | 原因: RSI超买，建议止盈
2026-05-14 10:47:33 | INFO    | binance_eth.trader | [2026-05-01 04:00:00] 🔴 开空 | 价格: 2280.12 | 仓位: 0.5848 | 止损: 2314.32 | 止盈: 2166.11 | 原因: RSI超买(>70) | 价格触及布林上轨
2026-05-14 10:47:33 | INFO    | binance_eth.trader | [2026-05-01 13:00:00] ⬇️  平空 | 价格: 2318.22 | 盈亏: -33.42% (-334.19 USDT) | 原因: 触发止损 (入场:2280.12 止损:2314.32)
2026-05-14 10:47:34 | INFO    | binance_eth.trader | [2026-05-02 21:00:00] 🟢 开多 | 价格: 2325.62 | 仓位: 0.5733 | 止损: 2290.74 | 止盈: 2441.90 | 原因: RSI超买(>70) | MACD金叉 | 价格触及布林上轨
2026-05-14 10:47:34 | INFO    | binance_eth.trader | [2026-05-02 22:00:00] ⬆️  平多 | 价格: 2327.00 | 盈亏: +1.19% (+11.87 USDT) | 原因: RSI超买，建议止盈
2026-05-14 10:47:34 | INFO    | binance_eth.trader | [2026-05-03 11:00:00] 🟢 开多 | 价格: 2319.63 | 仓位: 0.5748 | 止损: 2284.84 | 止盈: 2435.61 | 原因: MACD金叉
2026-05-14 10:47:34 | INFO    | binance_eth.trader | [2026-05-03 12:00:00] ⬆️  平多 | 价格: 2325.71 | 盈亏: +5.24% (+52.42 USDT) | 原因: RSI超买，建议止盈
2026-05-14 10:47:34 | INFO    | binance_eth.trader | [2026-05-04 01:00:00] 🟢 开多 | 价格: 2351.20 | 仓位: 0.5671 | 止损: 2315.93 | 止盈: 2468.76 | 原因: MACD金叉 | 价格触及布林上轨
2026-05-14 10:47:34 | INFO    | binance_eth.trader | [2026-05-04 02:00:00] ⬆️  平多 | 价格: 2374.73 | 盈亏: +20.02% (+200.15 USDT) | 原因: RSI超买，建议止盈
2026-05-14 10:47:34 | INFO    | binance_eth.trader | [2026-05-04 03:00:00] 🔴 开空 | 价格: 2385.12 | 仓位: 0.5590 | 止损: 2420.90 | 止盈: 2265.86 | 原因: RSI超买(>70) | 价格触及布林上轨
2026-05-14 10:47:34 | INFO    | binance_eth.trader | [2026-05-05 03:00:00] ⬇️  平空 | 价格: 2382.43 | 盈亏: +2.26% (+22.56 USDT) | 原因: MACD金叉信号
2026-05-14 10:47:34 | INFO    | binance_eth.trader | [2026-05-06 08:00:00] 🟢 开多 | 价格: 2394.33 | 仓位: 0.5569 | 止损: 2358.42 | 止盈: 2514.05 | 原因: RSI超买(>70) | MACD金叉 | 价格触及布林上轨
2026-05-14 10:47:34 | INFO    | binance_eth.trader | [2026-05-06 09:00:00] ⬆️  平多 | 价格: 2412.76 | 盈亏: +15.39% (+153.95 USDT) | 原因: RSI超买，建议止盈
2026-05-14 10:47:34 | INFO    | binance_eth.trader | [2026-05-06 10:00:00] 🔴 开空 | 价格: 2410.20 | 仓位: 0.5532 | 止损: 2446.35 | 止盈: 2289.69 | 原因: RSI超买(>70) | 价格触及布林上轨
2026-05-14 10:47:34 | INFO    | binance_eth.trader | [2026-05-06 17:00:00] ⬇️  平空 | 价格: 2349.70 | 盈亏: +50.20% (+502.03 USDT) | 原因: RSI超卖，建议止盈
2026-05-14 10:47:34 | INFO    | binance_eth.trader | [2026-05-07 13:00:00] 🔴 开空 | 价格: 2314.32 | 仓位: 0.5761 | 止损: 2349.03 | 止盈: 2198.60 | 原因: RSI超卖(<30) | MACD死叉
2026-05-14 10:47:34 | INFO    | binance_eth.trader | [2026-05-07 14:00:00] ⬇️  平空 | 价格: 2298.98 | 盈亏: +13.26% (+132.57 USDT) | 原因: RSI超卖，建议止盈
2026-05-14 10:47:34 | INFO    | binance_eth.trader | [2026-05-07 15:00:00] 🟢 开多 | 价格: 2294.82 | 仓位: 0.5810 | 止损: 2260.40 | 止盈: 2409.56 | 原因: RSI超卖(<30) | 价格触及布林下轨
2026-05-14 10:47:34 | INFO    | binance_eth.trader | [2026-05-08 18:00:00] ⬆️  平多 | 价格: 2313.49 | 盈亏: +16.27% (+162.71 USDT) | 原因: RSI超买，建议止盈
2026-05-14 10:47:34 | INFO    | binance_eth.trader | [2026-05-08 19:00:00] 🔴 开空 | 价格: 2316.05 | 仓位: 0.5757 | 止损: 2350.79 | 止盈: 2200.25 | 原因: RSI超买(>70) | 价格触及布林上轨
2026-05-14 10:47:34 | INFO    | binance_eth.trader | [2026-05-09 17:00:00] ⬇️  平空 | 价格: 2329.45 | 盈亏: -11.57% (-115.71 USDT) | 原因: MACD金叉信号
2026-05-14 10:47:34 | INFO    | binance_eth.trader | [2026-05-09 18:00:00] 🔴 开空 | 价格: 2330.22 | 仓位: 0.5722 | 止损: 2365.17 | 止盈: 2213.71 | 原因: RSI超买(>70) | 价格触及布林上轨
2026-05-14 10:47:34 | INFO    | binance_eth.trader | [2026-05-10 15:00:00] ⬇️  平空 | 价格: 2347.56 | 盈亏: -14.88% (-148.83 USDT) | 原因: MACD金叉信号
2026-05-14 10:47:34 | INFO    | binance_eth.trader | [2026-05-10 16:00:00] 🔴 开空 | 价格: 2350.00 | 仓位: 0.5674 | 止损: 2385.25 | 止盈: 2232.50 | 原因: RSI超买(>70) | 价格触及布林上轨
2026-05-14 10:47:34 | INFO    | binance_eth.trader | [2026-05-10 22:00:00] ⬇️  平空 | 价格: 2373.78 | 盈亏: -20.24% (-202.38 USDT) | 原因: MACD金叉信号
2026-05-14 10:47:34 | INFO    | binance_eth.trader | [2026-05-12 01:00:00] 🟢 开多 | 价格: 2311.41 | 仓位: 0.5768 | 止损: 2276.74 | 止盈: 2426.98 | 原因: RSI超卖(<30) | MACD死叉 | 价格触及布林下轨
2026-05-14 10:47:34 | INFO    | binance_eth.trader | [2026-05-12 13:00:00] ⬆️  平多 | 价格: 2271.99 | 盈亏: -34.11% (-341.09 USDT) | 原因: 触发止损 (入场:2311.41 止损:2276.74)
2026-05-14 10:47:34 | INFO    | binance_eth.trader | [2026-05-13 04:00:00] 🔴 开空 | 价格: 2306.67 | 仓位: 0.5780 | 止损: 2341.27 | 止盈: 2191.34 | 原因: RSI超买(>70) | 价格触及布林上轨
2026-05-14 10:47:34 | INFO    | binance_eth.trader | [2026-05-13 13:00:00] ⬇️  平空 | 价格: 2262.80 | 盈亏: +38.04% (+380.38 USDT) | 原因: RSI超卖，建议止盈
2026-05-14 10:47:34 | INFO    | binance_eth.trader | [2026-05-13 15:00:00] 🟢 开多 | 价格: 2236.49 | 仓位: 0.5962 | 止损: 2202.94 | 止盈: 2348.31 | 原因: RSI超卖(<30) | 价格触及布林下轨
2026-05-14 10:47:34 | WARNING | binance_eth.trader | 回测结束时仍有持仓，强制平仓
2026-05-14 10:47:34 | INFO    | binance_eth.trader | ================================================================================
2026-05-14 10:47:34 | INFO    | binance_eth.trader | 回测结果汇总
2026-05-14 10:47:34 | INFO    | binance_eth.trader | ================================================================================
2026-05-14 10:47:34 | INFO    | binance_eth.trader | 初始资金: 1000.00 USDT
2026-05-14 10:47:34 | INFO    | binance_eth.trader | 最终资金: 2864.54 USDT
2026-05-14 10:47:34 | INFO    | binance_eth.trader | 总收益率: +186.45%
2026-05-14 10:47:34 | INFO    | binance_eth.trader | 最大回撤: -27.42%
2026-05-14 10:47:34 | INFO    | binance_eth.trader | 
2026-05-14 10:47:34 | INFO    | binance_eth.trader | 交易统计:
2026-05-14 10:47:34 | INFO    | binance_eth.trader |   总交易次数: 20
2026-05-14 10:47:34 | INFO    | binance_eth.trader |   盈利次数: 14 | 亏损次数: 6
2026-05-14 10:47:34 | INFO    | binance_eth.trader |   胜率: 70.0%
2026-05-14 10:47:34 | INFO    | binance_eth.trader |   平均盈利: 237.70 USDT | 平均亏损: -243.89 USDT
2026-05-14 10:47:34 | INFO    | binance_eth.trader |   盈亏比: 2.27
2026-05-14 10:47:34 | INFO    | binance_eth.trader | 
2026-05-14 10:47:34 | INFO    | binance_eth.trader | 交易明细:
2026-05-14 10:47:34 | INFO    | binance_eth.trader |   #1 [LONG] 入场: 2308.09 | 出场: 2327.84 | 盈亏: +17.11% (+171.14 USDT) | RSI超买，建议止盈
2026-05-14 10:47:34 | INFO    | binance_eth.trader |   #2 [SHORT] 入场: 2329.99 | 出场: 2367.40 | 盈亏: -32.11% (-321.12 USDT) | 触发止损 (入场:2329.99 止损:2364.94)
2026-05-14 10:47:34 | INFO    | binance_eth.trader |   #3 [SHORT] 入场: 2390.76 | 出场: 2323.18 | 盈亏: +56.53% (+565.34 USDT) | RSI超卖，建议止盈
2026-05-14 10:47:34 | INFO    | binance_eth.trader |   #4 [SHORT] 入场: 2311.52 | 出场: 2272.51 | 盈亏: +33.75% (+337.53 USDT) | RSI超卖，建议止盈
2026-05-14 10:47:34 | INFO    | binance_eth.trader |   #5 [LONG] 入场: 2239.41 | 出场: 2282.87 | 盈亏: +38.81% (+388.14 USDT) | RSI超买，建议止盈
2026-05-14 10:47:34 | INFO    | binance_eth.trader |   #6 [SHORT] 入场: 2280.12 | 出场: 2318.22 | 盈亏: -33.42% (-334.19 USDT) | 触发止损 (入场:2280.12 止损:2314.32)
2026-05-14 10:47:34 | INFO    | binance_eth.trader |   #7 [LONG] 入场: 2325.62 | 出场: 2327.00 | 盈亏: +1.19% (+11.87 USDT) | RSI超买，建议止盈
2026-05-14 10:47:34 | INFO    | binance_eth.trader |   #8 [LONG] 入场: 2319.63 | 出场: 2325.71 | 盈亏: +5.24% (+52.42 USDT) | RSI超买，建议止盈
2026-05-14 10:47:34 | INFO    | binance_eth.trader |   #9 [LONG] 入场: 2351.20 | 出场: 2374.73 | 盈亏: +20.02% (+200.15 USDT) | RSI超买，建议止盈
2026-05-14 10:47:34 | INFO    | binance_eth.trader |   #10 [SHORT] 入场: 2385.12 | 出场: 2382.43 | 盈亏: +2.26% (+22.56 USDT) | MACD金叉信号
2026-05-14 10:47:34 | INFO    | binance_eth.trader |   #11 [LONG] 入场: 2394.33 | 出场: 2412.76 | 盈亏: +15.39% (+153.95 USDT) | RSI超买，建议止盈
2026-05-14 10:47:34 | INFO    | binance_eth.trader |   #12 [SHORT] 入场: 2410.20 | 出场: 2349.70 | 盈亏: +50.20% (+502.03 USDT) | RSI超卖，建议止盈
2026-05-14 10:47:34 | INFO    | binance_eth.trader |   #13 [SHORT] 入场: 2314.32 | 出场: 2298.98 | 盈亏: +13.26% (+132.57 USDT) | RSI超卖，建议止盈
2026-05-14 10:47:34 | INFO    | binance_eth.trader |   #14 [LONG] 入场: 2294.82 | 出场: 2313.49 | 盈亏: +16.27% (+162.71 USDT) | RSI超买，建议止盈
2026-05-14 10:47:34 | INFO    | binance_eth.trader |   #15 [SHORT] 入场: 2316.05 | 出场: 2329.45 | 盈亏: -11.57% (-115.71 USDT) | MACD金叉信号
2026-05-14 10:47:34 | INFO    | binance_eth.trader |   #16 [SHORT] 入场: 2330.22 | 出场: 2347.56 | 盈亏: -14.88% (-148.83 USDT) | MACD金叉信号
2026-05-14 10:47:34 | INFO    | binance_eth.trader |   #17 [SHORT] 入场: 2350.00 | 出场: 2373.78 | 盈亏: -20.24% (-202.38 USDT) | MACD金叉信号
2026-05-14 10:47:34 | INFO    | binance_eth.trader |   #18 [LONG] 入场: 2311.41 | 出场: 2271.99 | 盈亏: -34.11% (-341.09 USDT) | 触发止损 (入场:2311.41 止损:2276.74)
2026-05-14 10:47:34 | INFO    | binance_eth.trader |   #19 [SHORT] 入场: 2306.67 | 出场: 2262.80 | 盈亏: +38.04% (+380.38 USDT) | RSI超卖，建议止盈
2026-05-14 10:47:34 | INFO    | binance_eth.trader |   #20 [LONG] 入场: 2236.49 | 出场: 2264.12 | 盈亏: +24.71% (+247.08 USDT) | 回测结束强制平仓
2026-05-14 10:47:34 | INFO    | binance_eth.trader | ================================================================================
2026-05-14 10:48:15 | WARNING | binance_eth.trader | ================================================================================
2026-05-14 10:48:15 | WARNING | binance_eth.trader | ⚠️  交易策略推荐系统 - 仅供参考，不构成投资建议
2026-05-14 10:48:15 | WARNING | binance_eth.trader | ⚠️  杠杆交易风险极高，可能导致全部本金损失
2026-05-14 10:48:15 | WARNING | binance_eth.trader | ================================================================================
2026-05-14 10:48:15 | INFO    | binance_eth.trader | 交易对: ETHUSDT | K线周期: 5m
2026-05-14 10:48:15 | INFO    | binance_eth.trader | 本金: 1000.00 USDT | 杠杆: 20x | 单笔风险: 2.0%
2026-05-14 10:48:15 | INFO    | binance_eth.trader | 止损: 1.5% | 止盈: 5.0%
2026-05-14 10:48:15 | INFO    | binance_eth.trader | 检查间隔: 30 秒
2026-05-14 10:48:15 | INFO    | binance_eth.trader | ================================================================================
2026-05-14 10:48:16 | WARNING | binance_eth.trader | 🟢 开多信号 | 价格: 2256.18 | 原因: RSI超卖(<30) | 价格触及布林下轨
2026-05-14 10:48:16 | WARNING | binance_eth.trader |    建议仓位: 0.5910 ETH (约 1333.33 USDT)
2026-05-14 10:48:16 | WARNING | binance_eth.trader |    止损: 2222.34 (1.50%) | 止盈: 2368.99 (5.00%)
2026-05-14 10:48:46 | INFO    | binance_eth.trader | 持仓中 [LONG] | 入场: 2256.18 | 当前: 2254.76 | 盈亏: -1.26% (-12.59 USDT) | 爆仓价: 2154.65
2026-05-14 10:48:46 | INFO    | binance_eth.trader | 当前价格: 2254.76 | 持仓中，无平仓信号
2026-05-14 10:49:17 | INFO    | binance_eth.trader | 持仓中 [LONG] | 入场: 2256.18 | 当前: 2254.18 | 盈亏: -1.77% (-17.73 USDT) | 爆仓价: 2154.65
2026-05-14 10:49:17 | INFO    | binance_eth.trader | 当前价格: 2254.18 | 持仓中，无平仓信号
2026-05-14 10:49:47 | INFO    | binance_eth.trader | 持仓中 [LONG] | 入场: 2256.18 | 当前: 2254.33 | 盈亏: -1.64% (-16.40 USDT) | 爆仓价: 2154.65
2026-05-14 10:49:47 | INFO    | binance_eth.trader | 当前价格: 2254.33 | 持仓中，无平仓信号
2026-05-14 10:50:17 | INFO    | binance_eth.trader | 持仓中 [LONG] | 入场: 2256.18 | 当前: 2253.21 | 盈亏: -2.63% (-26.33 USDT) | 爆仓价: 2154.65
2026-05-14 10:50:17 | INFO    | binance_eth.trader | 当前价格: 2253.21 | 持仓中，无平仓信号
2026-05-14 10:50:47 | INFO    | binance_eth.trader | 持仓中 [LONG] | 入场: 2256.18 | 当前: 2253.22 | 盈亏: -2.62% (-26.24 USDT) | 爆仓价: 2154.65
2026-05-14 10:50:47 | INFO    | binance_eth.trader | 当前价格: 2253.22 | 持仓中，无平仓信号
2026-05-14 10:51:17 | INFO    | binance_eth.trader | 持仓中 [LONG] | 入场: 2256.18 | 当前: 2252.69 | 盈亏: -3.09% (-30.94 USDT) | 爆仓价: 2154.65
2026-05-14 10:51:17 | INFO    | binance_eth.trader | 当前价格: 2252.69 | 持仓中，无平仓信号
2026-05-14 10:51:48 | INFO    | binance_eth.trader | 持仓中 [LONG] | 入场: 2256.18 | 当前: 2253.55 | 盈亏: -2.33% (-23.31 USDT) | 爆仓价: 2154.65
2026-05-14 10:51:48 | INFO    | binance_eth.trader | 当前价格: 2253.55 | 持仓中，无平仓信号
2026-05-14 10:52:18 | INFO    | binance_eth.trader | 持仓中 [LONG] | 入场: 2256.18 | 当前: 2252.73 | 盈亏: -3.06% (-30.58 USDT) | 爆仓价: 2154.65
2026-05-14 10:52:18 | INFO    | binance_eth.trader | 当前价格: 2252.73 | 持仓中，无平仓信号
2026-05-14 10:52:48 | INFO    | binance_eth.trader | 持仓中 [LONG] | 入场: 2256.18 | 当前: 2251.32 | 盈亏: -4.31% (-43.08 USDT) | 爆仓价: 2154.65
2026-05-14 10:52:48 | INFO    | binance_eth.trader | 当前价格: 2251.32 | 持仓中，无平仓信号
2026-05-14 10:53:18 | INFO    | binance_eth.trader | 持仓中 [LONG] | 入场: 2256.18 | 当前: 2247.72 | 盈亏: -7.50% (-74.99 USDT) | 爆仓价: 2154.65
2026-05-14 10:53:18 | INFO    | binance_eth.trader | 当前价格: 2247.72 | 持仓中，无平仓信号
2026-05-14 10:53:48 | INFO    | binance_eth.trader | 持仓中 [LONG] | 入场: 2256.18 | 当前: 2250.10 | 盈亏: -5.39% (-53.90 USDT) | 爆仓价: 2154.65
2026-05-14 10:53:48 | INFO    | binance_eth.trader | 当前价格: 2250.10 | 持仓中，无平仓信号
2026-05-14 10:54:19 | INFO    | binance_eth.trader | 持仓中 [LONG] | 入场: 2256.18 | 当前: 2250.11 | 盈亏: -5.38% (-53.81 USDT) | 爆仓价: 2154.65
2026-05-14 10:54:19 | INFO    | binance_eth.trader | 当前价格: 2250.11 | 持仓中，无平仓信号
2026-05-14 10:54:49 | INFO    | binance_eth.trader | 持仓中 [LONG] | 入场: 2256.18 | 当前: 2250.88 | 盈亏: -4.70% (-46.98 USDT) | 爆仓价: 2154.65
2026-05-14 10:54:49 | INFO    | binance_eth.trader | 当前价格: 2250.88 | 持仓中，无平仓信号
2026-05-14 10:55:19 | INFO    | binance_eth.trader | 持仓中 [LONG] | 入场: 2256.18 | 当前: 2253.02 | 盈亏: -2.80% (-28.01 USDT) | 爆仓价: 2154.65
2026-05-14 10:55:19 | INFO    | binance_eth.trader | 当前价格: 2253.02 | 持仓中，无平仓信号
2026-05-14 10:55:50 | INFO    | binance_eth.trader | 持仓中 [LONG] | 入场: 2256.18 | 当前: 2251.74 | 盈亏: -3.94% (-39.36 USDT) | 爆仓价: 2154.65
2026-05-14 10:55:50 | INFO    | binance_eth.trader | 当前价格: 2251.74 | 持仓中，无平仓信号
2026-05-14 10:56:20 | INFO    | binance_eth.trader | 持仓中 [LONG] | 入场: 2256.18 | 当前: 2251.15 | 盈亏: -4.46% (-44.59 USDT) | 爆仓价: 2154.65
2026-05-14 10:56:20 | INFO    | binance_eth.trader | 当前价格: 2251.15 | 持仓中，无平仓信号
2026-05-14 10:56:50 | INFO    | binance_eth.trader | 持仓中 [LONG] | 入场: 2256.18 | 当前: 2251.43 | 盈亏: -4.21% (-42.11 USDT) | 爆仓价: 2154.65
2026-05-14 10:56:50 | INFO    | binance_eth.trader | 当前价格: 2251.43 | 持仓中，无平仓信号
2026-05-14 10:57:20 | INFO    | binance_eth.trader | 持仓中 [LONG] | 入场: 2256.18 | 当前: 2251.31 | 盈亏: -4.32% (-43.17 USDT) | 爆仓价: 2154.65
2026-05-14 10:57:20 | INFO    | binance_eth.trader | 当前价格: 2251.31 | 持仓中，无平仓信号
2026-05-14 10:57:51 | INFO    | binance_eth.trader | 持仓中 [LONG] | 入场: 2256.18 | 当前: 2251.15 | 盈亏: -4.46% (-44.59 USDT) | 爆仓价: 2154.65
2026-05-14 10:57:51 | INFO    | binance_eth.trader | 当前价格: 2251.15 | 持仓中，无平仓信号
2026-05-14 10:58:21 | INFO    | binance_eth.trader | 持仓中 [LONG] | 入场: 2256.18 | 当前: 2251.25 | 盈亏: -4.37% (-43.70 USDT) | 爆仓价: 2154.65
2026-05-14 10:58:21 | INFO    | binance_eth.trader | 当前价格: 2251.25 | 持仓中，无平仓信号
2026-05-14 10:58:52 | INFO    | binance_eth.trader | 持仓中 [LONG] | 入场: 2256.18 | 当前: 2251.89 | 盈亏: -3.80% (-38.03 USDT) | 爆仓价: 2154.65
2026-05-14 10:58:52 | INFO    | binance_eth.trader | 当前价格: 2251.89 | 持仓中，无平仓信号
2026-05-14 10:59:22 | INFO    | binance_eth.trader | 持仓中 [LONG] | 入场: 2256.18 | 当前: 2251.15 | 盈亏: -4.46% (-44.59 USDT) | 爆仓价: 2154.65
2026-05-14 10:59:22 | INFO    | binance_eth.trader | 当前价格: 2251.15 | 持仓中，无平仓信号
2026-05-14 10:59:52 | INFO    | binance_eth.trader | 持仓中 [LONG] | 入场: 2256.18 | 当前: 2251.53 | 盈亏: -4.12% (-41.22 USDT) | 爆仓价: 2154.65
2026-05-14 10:59:52 | INFO    | binance_eth.trader | 当前价格: 2251.53 | 持仓中，无平仓信号
2026-05-14 11:00:22 | INFO    | binance_eth.trader | 持仓中 [LONG] | 入场: 2256.18 | 当前: 2250.13 | 盈亏: -5.36% (-53.63 USDT) | 爆仓价: 2154.65
2026-05-14 11:00:22 | INFO    | binance_eth.trader | 当前价格: 2250.13 | 持仓中，无平仓信号
2026-05-14 11:00:53 | INFO    | binance_eth.trader | 持仓中 [LONG] | 入场: 2256.18 | 当前: 2251.10 | 盈亏: -4.50% (-45.03 USDT) | 爆仓价: 2154.65
2026-05-14 11:00:53 | INFO    | binance_eth.trader | 当前价格: 2251.10 | 持仓中，无平仓信号
2026-05-14 11:01:23 | INFO    | binance_eth.trader | 持仓中 [LONG] | 入场: 2256.18 | 当前: 2253.73 | 盈亏: -2.17% (-21.72 USDT) | 爆仓价: 2154.65
2026-05-14 11:01:23 | INFO    | binance_eth.trader | 当前价格: 2253.73 | 持仓中，无平仓信号
2026-05-14 11:01:53 | INFO    | binance_eth.trader | 持仓中 [LONG] | 入场: 2256.18 | 当前: 2253.98 | 盈亏: -1.95% (-19.50 USDT) | 爆仓价: 2154.65
2026-05-14 11:01:53 | INFO    | binance_eth.trader | 当前价格: 2253.98 | 持仓中，无平仓信号
2026-05-14 11:02:23 | INFO    | binance_eth.trader | 持仓中 [LONG] | 入场: 2256.18 | 当前: 2254.60 | 盈亏: -1.40% (-14.01 USDT) | 爆仓价: 2154.65
2026-05-14 11:02:23 | INFO    | binance_eth.trader | 当前价格: 2254.60 | 持仓中，无平仓信号
2026-05-14 11:02:53 | INFO    | binance_eth.trader | 持仓中 [LONG] | 入场: 2256.18 | 当前: 2254.55 | 盈亏: -1.44% (-14.45 USDT) | 爆仓价: 2154.65
2026-05-14 11:02:53 | INFO    | binance_eth.trader | 当前价格: 2254.55 | 持仓中，无平仓信号
2026-05-14 11:03:24 | INFO    | binance_eth.trader | 持仓中 [LONG] | 入场: 2256.18 | 当前: 2254.16 | 盈亏: -1.79% (-17.91 USDT) | 爆仓价: 2154.65
2026-05-14 11:03:24 | INFO    | binance_eth.trader | 当前价格: 2254.16 | 持仓中，无平仓信号
2026-05-14 11:03:55 | INFO    | binance_eth.trader | 持仓中 [LONG] | 入场: 2256.18 | 当前: 2254.41 | 盈亏: -1.57% (-15.69 USDT) | 爆仓价: 2154.65
2026-05-14 11:03:55 | INFO    | binance_eth.trader | 当前价格: 2254.41 | 持仓中，无平仓信号
2026-05-14 11:04:25 | INFO    | binance_eth.trader | 持仓中 [LONG] | 入场: 2256.18 | 当前: 2254.14 | 盈亏: -1.81% (-18.08 USDT) | 爆仓价: 2154.65
2026-05-14 11:04:25 | INFO    | binance_eth.trader | 当前价格: 2254.14 | 持仓中，无平仓信号
2026-05-14 11:04:55 | INFO    | binance_eth.trader | 持仓中 [LONG] | 入场: 2256.18 | 当前: 2253.90 | 盈亏: -2.02% (-20.21 USDT) | 爆仓价: 2154.65
2026-05-14 11:04:55 | INFO    | binance_eth.trader | 当前价格: 2253.90 | 持仓中，无平仓信号
2026-05-14 11:05:25 | INFO    | binance_eth.trader | 持仓中 [LONG] | 入场: 2256.18 | 当前: 2253.54 | 盈亏: -2.34% (-23.40 USDT) | 爆仓价: 2154.65
2026-05-14 11:05:25 | INFO    | binance_eth.trader | 当前价格: 2253.54 | 持仓中，无平仓信号
2026-05-14 11:05:55 | INFO    | binance_eth.trader | 持仓中 [LONG] | 入场: 2256.18 | 当前: 2252.84 | 盈亏: -2.96% (-29.61 USDT) | 爆仓价: 2154.65
2026-05-14 11:05:55 | INFO    | binance_eth.trader | 当前价格: 2252.84 | 持仓中，无平仓信号
2026-05-14 11:06:27 | INFO    | binance_eth.trader | 持仓中 [LONG] | 入场: 2256.18 | 当前: 2252.08 | 盈亏: -3.63% (-36.34 USDT) | 爆仓价: 2154.65
2026-05-14 11:06:27 | INFO    | binance_eth.trader | 当前价格: 2252.08 | 持仓中，无平仓信号
2026-05-14 11:06:57 | INFO    | binance_eth.trader | 持仓中 [LONG] | 入场: 2256.18 | 当前: 2250.66 | 盈亏: -4.89% (-48.93 USDT) | 爆仓价: 2154.65
2026-05-14 11:06:57 | INFO    | binance_eth.trader | 当前价格: 2250.66 | 持仓中，无平仓信号
2026-05-14 11:07:27 | INFO    | binance_eth.trader | 持仓中 [LONG] | 入场: 2256.18 | 当前: 2249.84 | 盈亏: -5.62% (-56.20 USDT) | 爆仓价: 2154.65
2026-05-14 11:07:27 | INFO    | binance_eth.trader | 当前价格: 2249.84 | 持仓中，无平仓信号
2026-05-14 11:07:57 | INFO    | binance_eth.trader | 持仓中 [LONG] | 入场: 2256.18 | 当前: 2247.63 | 盈亏: -7.58% (-75.79 USDT) | 爆仓价: 2154.65
2026-05-14 11:07:57 | INFO    | binance_eth.trader | 当前价格: 2247.63 | 持仓中，无平仓信号
2026-05-14 11:08:28 | INFO    | binance_eth.trader | 持仓中 [LONG] | 入场: 2256.18 | 当前: 2246.64 | 盈亏: -8.46% (-84.57 USDT) | 爆仓价: 2154.65
2026-05-14 11:08:28 | INFO    | binance_eth.trader | 当前价格: 2246.64 | 持仓中，无平仓信号
2026-05-14 11:08:58 | INFO    | binance_eth.trader | 持仓中 [LONG] | 入场: 2256.18 | 当前: 2244.49 | 盈亏: -10.36% (-103.63 USDT) | 爆仓价: 2154.65
2026-05-14 11:08:58 | INFO    | binance_eth.trader | 当前价格: 2244.49 | 持仓中，无平仓信号
2026-05-14 11:09:28 | INFO    | binance_eth.trader | 持仓中 [LONG] | 入场: 2256.18 | 当前: 2245.94 | 盈亏: -9.08% (-90.77 USDT) | 爆仓价: 2154.65
2026-05-14 11:09:28 | INFO    | binance_eth.trader | 当前价格: 2245.94 | 持仓中，无平仓信号
2026-05-14 11:09:58 | INFO    | binance_eth.trader | 持仓中 [LONG] | 入场: 2256.18 | 当前: 2246.13 | 盈亏: -8.91% (-89.09 USDT) | 爆仓价: 2154.65
2026-05-14 11:09:58 | INFO    | binance_eth.trader | 当前价格: 2246.13 | 持仓中，无平仓信号
2026-05-14 11:10:29 | INFO    | binance_eth.trader | 持仓中 [LONG] | 入场: 2256.18 | 当前: 2247.77 | 盈亏: -7.46% (-74.55 USDT) | 爆仓价: 2154.65
2026-05-14 11:10:29 | INFO    | binance_eth.trader | 当前价格: 2247.77 | 持仓中，无平仓信号
2026-05-14 11:10:59 | INFO    | binance_eth.trader | 持仓中 [LONG] | 入场: 2256.18 | 当前: 2248.16 | 盈亏: -7.11% (-71.09 USDT) | 爆仓价: 2154.65
2026-05-14 11:10:59 | INFO    | binance_eth.trader | 当前价格: 2248.16 | 持仓中，无平仓信号
2026-05-14 11:11:29 | INFO    | binance_eth.trader | 持仓中 [LONG] | 入场: 2256.18 | 当前: 2247.44 | 盈亏: -7.75% (-77.48 USDT) | 爆仓价: 2154.65
2026-05-14 11:11:29 | INFO    | binance_eth.trader | 当前价格: 2247.44 | 持仓中，无平仓信号
2026-05-14 11:11:59 | INFO    | binance_eth.trader | 持仓中 [LONG] | 入场: 2256.18 | 当前: 2248.13 | 盈亏: -7.14% (-71.36 USDT) | 爆仓价: 2154.65
2026-05-14 11:11:59 | INFO    | binance_eth.trader | 当前价格: 2248.13 | 持仓中，无平仓信号
2026-05-14 11:12:30 | INFO    | binance_eth.trader | 持仓中 [LONG] | 入场: 2256.18 | 当前: 2249.18 | 盈亏: -6.21% (-62.05 USDT) | 爆仓价: 2154.65
2026-05-14 11:12:30 | INFO    | binance_eth.trader | 当前价格: 2249.18 | 持仓中，无平仓信号
2026-05-14 11:13:00 | INFO    | binance_eth.trader | 持仓中 [LONG] | 入场: 2256.18 | 当前: 2249.41 | 盈亏: -6.00% (-60.01 USDT) | 爆仓价: 2154.65
2026-05-14 11:13:00 | INFO    | binance_eth.trader | 当前价格: 2249.41 | 持仓中，无平仓信号
2026-05-14 11:13:30 | INFO    | binance_eth.trader | 持仓中 [LONG] | 入场: 2256.18 | 当前: 2249.18 | 盈亏: -6.21% (-62.05 USDT) | 爆仓价: 2154.65
2026-05-14 11:13:30 | INFO    | binance_eth.trader | 当前价格: 2249.18 | 持仓中，无平仓信号
2026-05-14 11:14:00 | INFO    | binance_eth.trader | 持仓中 [LONG] | 入场: 2256.18 | 当前: 2249.86 | 盈亏: -5.60% (-56.02 USDT) | 爆仓价: 2154.65
2026-05-14 11:14:00 | INFO    | binance_eth.trader | 当前价格: 2249.86 | 持仓中，无平仓信号
2026-05-14 11:14:30 | INFO    | binance_eth.trader | 持仓中 [LONG] | 入场: 2256.18 | 当前: 2249.74 | 盈亏: -5.71% (-57.09 USDT) | 爆仓价: 2154.65
2026-05-14 11:14:30 | INFO    | binance_eth.trader | 当前价格: 2249.74 | 持仓中，无平仓信号
2026-05-14 11:15:01 | INFO    | binance_eth.trader | 持仓中 [LONG] | 入场: 2256.18 | 当前: 2249.35 | 盈亏: -6.05% (-60.54 USDT) | 爆仓价: 2154.65
2026-05-14 11:15:01 | INFO    | binance_eth.trader | 当前价格: 2249.35 | 持仓中，无平仓信号
2026-05-14 11:15:31 | INFO    | binance_eth.trader | 持仓中 [LONG] | 入场: 2256.18 | 当前: 2249.53 | 盈亏: -5.89% (-58.95 USDT) | 爆仓价: 2154.65
2026-05-14 11:15:31 | INFO    | binance_eth.trader | 当前价格: 2249.53 | 持仓中，无平仓信号
2026-05-14 11:16:01 | INFO    | binance_eth.trader | 持仓中 [LONG] | 入场: 2256.18 | 当前: 2249.00 | 盈亏: -6.36% (-63.65 USDT) | 爆仓价: 2154.65
2026-05-14 11:16:01 | INFO    | binance_eth.trader | 当前价格: 2249.00 | 持仓中，无平仓信号
2026-05-14 11:16:32 | INFO    | binance_eth.trader | 持仓中 [LONG] | 入场: 2256.18 | 当前: 2248.22 | 盈亏: -7.06% (-70.56 USDT) | 爆仓价: 2154.65
2026-05-14 11:16:32 | INFO    | binance_eth.trader | 当前价格: 2248.22 | 持仓中，无平仓信号
2026-05-14 11:17:02 | INFO    | binance_eth.trader | 持仓中 [LONG] | 入场: 2256.18 | 当前: 2247.48 | 盈亏: -7.71% (-77.12 USDT) | 爆仓价: 2154.65
2026-05-14 11:17:02 | INFO    | binance_eth.trader | 当前价格: 2247.48 | 持仓中，无平仓信号
2026-05-14 11:17:32 | INFO    | binance_eth.trader | 持仓中 [LONG] | 入场: 2256.18 | 当前: 2246.75 | 盈亏: -8.36% (-83.59 USDT) | 爆仓价: 2154.65
2026-05-14 11:17:32 | INFO    | binance_eth.trader | 当前价格: 2246.75 | 持仓中，无平仓信号
2026-05-14 11:18:02 | INFO    | binance_eth.trader | 持仓中 [LONG] | 入场: 2256.18 | 当前: 2247.75 | 盈亏: -7.47% (-74.73 USDT) | 爆仓价: 2154.65
2026-05-14 11:18:02 | INFO    | binance_eth.trader | 当前价格: 2247.75 | 持仓中，无平仓信号
2026-05-14 11:18:32 | INFO    | binance_eth.trader | 持仓中 [LONG] | 入场: 2256.18 | 当前: 2248.69 | 盈亏: -6.64% (-66.40 USDT) | 爆仓价: 2154.65
2026-05-14 11:18:32 | INFO    | binance_eth.trader | 当前价格: 2248.69 | 持仓中，无平仓信号
2026-05-14 11:19:03 | INFO    | binance_eth.trader | 持仓中 [LONG] | 入场: 2256.18 | 当前: 2249.08 | 盈亏: -6.29% (-62.94 USDT) | 爆仓价: 2154.65
2026-05-14 11:19:03 | INFO    | binance_eth.trader | 当前价格: 2249.08 | 持仓中，无平仓信号
2026-05-14 11:19:33 | INFO    | binance_eth.trader | 持仓中 [LONG] | 入场: 2256.18 | 当前: 2249.45 | 盈亏: -5.97% (-59.66 USDT) | 爆仓价: 2154.65
2026-05-14 11:19:33 | INFO    | binance_eth.trader | 当前价格: 2249.45 | 持仓中，无平仓信号
2026-05-14 11:20:03 | INFO    | binance_eth.trader | 持仓中 [LONG] | 入场: 2256.18 | 当前: 2246.39 | 盈亏: -8.68% (-86.78 USDT) | 爆仓价: 2154.65
2026-05-14 11:20:03 | INFO    | binance_eth.trader | 当前价格: 2246.39 | 持仓中，无平仓信号
2026-05-14 11:20:33 | INFO    | binance_eth.trader | 持仓中 [LONG] | 入场: 2256.18 | 当前: 2244.72 | 盈亏: -10.16% (-101.59 USDT) | 爆仓价: 2154.65
2026-05-14 11:20:33 | INFO    | binance_eth.trader | 当前价格: 2244.72 | 持仓中，无平仓信号
2026-05-14 11:21:03 | INFO    | binance_eth.trader | 持仓中 [LONG] | 入场: 2256.18 | 当前: 2242.75 | 盈亏: -11.91% (-119.05 USDT) | 爆仓价: 2154.65
2026-05-14 11:21:03 | INFO    | binance_eth.trader | 当前价格: 2242.75 | 持仓中，无平仓信号
2026-05-14 11:21:34 | INFO    | binance_eth.trader | 持仓中 [LONG] | 入场: 2256.18 | 当前: 2243.97 | 盈亏: -10.82% (-108.24 USDT) | 爆仓价: 2154.65
2026-05-14 11:21:34 | INFO    | binance_eth.trader | 当前价格: 2243.97 | 持仓中，无平仓信号
2026-05-14 11:22:05 | INFO    | binance_eth.trader | 持仓中 [LONG] | 入场: 2256.18 | 当前: 2243.86 | 盈亏: -10.92% (-109.21 USDT) | 爆仓价: 2154.65
2026-05-14 11:22:05 | INFO    | binance_eth.trader | 当前价格: 2243.86 | 持仓中，无平仓信号
2026-05-14 11:22:36 | INFO    | binance_eth.trader | 持仓中 [LONG] | 入场: 2256.18 | 当前: 2241.25 | 盈亏: -13.23% (-132.35 USDT) | 爆仓价: 2154.65
2026-05-14 11:22:36 | INFO    | binance_eth.trader | 当前价格: 2241.25 | 持仓中，无平仓信号
2026-05-14 11:23:06 | INFO    | binance_eth.trader | 持仓中 [LONG] | 入场: 2256.18 | 当前: 2239.47 | 盈亏: -14.81% (-148.13 USDT) | 爆仓价: 2154.65
2026-05-14 11:23:06 | INFO    | binance_eth.trader | 当前价格: 2239.47 | 持仓中，无平仓信号
2026-05-14 11:23:36 | INFO    | binance_eth.trader | 持仓中 [LONG] | 入场: 2256.18 | 当前: 2241.19 | 盈亏: -13.29% (-132.88 USDT) | 爆仓价: 2154.65
2026-05-14 11:23:36 | INFO    | binance_eth.trader | 当前价格: 2241.19 | 持仓中，无平仓信号
2026-05-14 11:24:06 | INFO    | binance_eth.trader | 持仓中 [LONG] | 入场: 2256.18 | 当前: 2242.75 | 盈亏: -11.91% (-119.05 USDT) | 爆仓价: 2154.65
2026-05-14 11:24:06 | INFO    | binance_eth.trader | 当前价格: 2242.75 | 持仓中，无平仓信号
2026-05-14 11:24:37 | INFO    | binance_eth.trader | 持仓中 [LONG] | 入场: 2256.18 | 当前: 2243.15 | 盈亏: -11.55% (-115.50 USDT) | 爆仓价: 2154.65
2026-05-14 11:24:37 | INFO    | binance_eth.trader | 当前价格: 2243.15 | 持仓中，无平仓信号
2026-05-14 11:25:07 | INFO    | binance_eth.trader | 持仓中 [LONG] | 入场: 2256.18 | 当前: 2245.21 | 盈亏: -9.72% (-97.24 USDT) | 爆仓价: 2154.65
2026-05-14 11:25:07 | INFO    | binance_eth.trader | 当前价格: 2245.21 | 持仓中，无平仓信号
2026-05-14 11:25:37 | INFO    | binance_eth.trader | 持仓中 [LONG] | 入场: 2256.18 | 当前: 2245.71 | 盈亏: -9.28% (-92.81 USDT) | 爆仓价: 2154.65
2026-05-14 11:25:37 | INFO    | binance_eth.trader | 当前价格: 2245.71 | 持仓中，无平仓信号
2026-05-14 11:26:07 | INFO    | binance_eth.trader | 持仓中 [LONG] | 入场: 2256.18 | 当前: 2245.00 | 盈亏: -9.91% (-99.11 USDT) | 爆仓价: 2154.65
2026-05-14 11:26:07 | INFO    | binance_eth.trader | 当前价格: 2245.00 | 持仓中，无平仓信号
2026-05-14 11:26:37 | INFO    | binance_eth.trader | 持仓中 [LONG] | 入场: 2256.18 | 当前: 2246.48 | 盈亏: -8.60% (-85.99 USDT) | 爆仓价: 2154.65
2026-05-14 11:26:37 | INFO    | binance_eth.trader | 当前价格: 2246.48 | 持仓中，无平仓信号
2026-05-14 11:27:07 | INFO    | binance_eth.trader | 持仓中 [LONG] | 入场: 2256.18 | 当前: 2247.44 | 盈亏: -7.75% (-77.48 USDT) | 爆仓价: 2154.65
2026-05-14 11:27:07 | INFO    | binance_eth.trader | 当前价格: 2247.44 | 持仓中，无平仓信号
2026-05-14 11:27:38 | INFO    | binance_eth.trader | 持仓中 [LONG] | 入场: 2256.18 | 当前: 2247.08 | 盈亏: -8.07% (-80.67 USDT) | 爆仓价: 2154.65
2026-05-14 11:27:38 | INFO    | binance_eth.trader | 当前价格: 2247.08 | 持仓中，无平仓信号
2026-05-14 11:28:08 | INFO    | binance_eth.trader | 持仓中 [LONG] | 入场: 2256.18 | 当前: 2249.48 | 盈亏: -5.94% (-59.39 USDT) | 爆仓价: 2154.65
2026-05-14 11:28:08 | INFO    | binance_eth.trader | 当前价格: 2249.48 | 持仓中，无平仓信号
2026-05-14 11:28:38 | INFO    | binance_eth.trader | 持仓中 [LONG] | 入场: 2256.18 | 当前: 2251.05 | 盈亏: -4.55% (-45.48 USDT) | 爆仓价: 2154.65
2026-05-14 11:28:38 | INFO    | binance_eth.trader | 当前价格: 2251.05 | 持仓中，无平仓信号
2026-05-14 11:29:08 | INFO    | binance_eth.trader | 持仓中 [LONG] | 入场: 2256.18 | 当前: 2251.18 | 盈亏: -4.43% (-44.32 USDT) | 爆仓价: 2154.65
2026-05-14 11:29:08 | INFO    | binance_eth.trader | 当前价格: 2251.18 | 持仓中，无平仓信号
2026-05-14 11:29:39 | INFO    | binance_eth.trader | 持仓中 [LONG] | 入场: 2256.18 | 当前: 2249.93 | 盈亏: -5.54% (-55.40 USDT) | 爆仓价: 2154.65
2026-05-14 11:29:39 | INFO    | binance_eth.trader | 当前价格: 2249.93 | 持仓中，无平仓信号
2026-05-14 11:30:09 | INFO    | binance_eth.trader | 持仓中 [LONG] | 入场: 2256.18 | 当前: 2250.31 | 盈亏: -5.20% (-52.03 USDT) | 爆仓价: 2154.65
2026-05-14 11:30:09 | INFO    | binance_eth.trader | 当前价格: 2250.31 | 持仓中，无平仓信号
2026-05-14 11:30:39 | INFO    | binance_eth.trader | 持仓中 [LONG] | 入场: 2256.18 | 当前: 2249.82 | 盈亏: -5.64% (-56.38 USDT) | 爆仓价: 2154.65
2026-05-14 11:30:39 | INFO    | binance_eth.trader | 当前价格: 2249.82 | 持仓中，无平仓信号
2026-05-14 11:31:09 | INFO    | binance_eth.trader | 持仓中 [LONG] | 入场: 2256.18 | 当前: 2249.09 | 盈亏: -6.28% (-62.85 USDT) | 爆仓价: 2154.65
2026-05-14 11:31:09 | INFO    | binance_eth.trader | 当前价格: 2249.09 | 持仓中，无平仓信号
2026-05-14 11:31:39 | INFO    | binance_eth.trader | 持仓中 [LONG] | 入场: 2256.18 | 当前: 2248.81 | 盈亏: -6.53% (-65.33 USDT) | 爆仓价: 2154.65
2026-05-14 11:31:39 | INFO    | binance_eth.trader | 当前价格: 2248.81 | 持仓中，无平仓信号
2026-05-14 11:32:10 | INFO    | binance_eth.trader | 持仓中 [LONG] | 入场: 2256.18 | 当前: 2249.99 | 盈亏: -5.49% (-54.87 USDT) | 爆仓价: 2154.65
2026-05-14 11:32:10 | INFO    | binance_eth.trader | 当前价格: 2249.99 | 持仓中，无平仓信号
2026-05-14 11:32:41 | INFO    | binance_eth.trader | 持仓中 [LONG] | 入场: 2256.18 | 当前: 2250.73 | 盈亏: -4.83% (-48.31 USDT) | 爆仓价: 2154.65
2026-05-14 11:32:41 | INFO    | binance_eth.trader | 当前价格: 2250.73 | 持仓中，无平仓信号
2026-05-14 11:33:11 | INFO    | binance_eth.trader | 持仓中 [LONG] | 入场: 2256.18 | 当前: 2250.91 | 盈亏: -4.67% (-46.72 USDT) | 爆仓价: 2154.65
2026-05-14 11:33:11 | INFO    | binance_eth.trader | 当前价格: 2250.91 | 持仓中，无平仓信号
2026-05-14 11:33:19 | INFO    | binance_eth.trader | ================================================================================
2026-05-14 11:33:19 | INFO    | binance_eth.trader | 交易策略回测报告
2026-05-14 11:33:19 | INFO    | binance_eth.trader | ================================================================================
2026-05-14 11:33:19 | INFO    | binance_eth.trader | 交易对: ETHUSDT | K线周期: 1h | 数据量: 500
2026-05-14 11:33:19 | INFO    | binance_eth.trader | 时间范围: 2026-04-23 07:00:00 至 2026-05-14 02:00:00
2026-05-14 11:33:19 | INFO    | binance_eth.trader | 初始资金: 1000.00 USDT | 杠杆: 20x
2026-05-14 11:33:19 | INFO    | binance_eth.trader | 止损: 1.5% | 止盈: 5.0% | 单笔风险: 2.0%
2026-05-14 11:33:19 | INFO    | binance_eth.trader | ================================================================================
2026-05-14 11:33:19 | INFO    | binance_eth.trader | [2026-04-25 15:00:00] 🟢 开多 | 价格: 2308.09 | 仓位: 0.5777 | 止损: 2273.47 | 止盈: 2423.49 | 原因: RSI超卖(<30) | MACD死叉 | 价格触及布林下轨
2026-05-14 11:33:20 | INFO    | binance_eth.trader | [2026-04-26 05:00:00] ⬆️  平多 | 价格: 2327.84 | 盈亏: +17.11% (+171.14 USDT) | 原因: RSI超买，建议止盈
2026-05-14 11:33:20 | INFO    | binance_eth.trader | [2026-04-26 06:00:00] 🔴 开空 | 价格: 2329.99 | 仓位: 0.5722 | 止损: 2364.94 | 止盈: 2213.49 | 原因: RSI超买(>70) | 价格触及布林上轨
2026-05-14 11:33:20 | INFO    | binance_eth.trader | [2026-04-26 19:00:00] ⬇️  平空 | 价格: 2367.40 | 盈亏: -32.11% (-321.12 USDT) | 原因: 触发止损 (入场:2329.99 止损:2364.94)
2026-05-14 11:33:20 | INFO    | binance_eth.trader | [2026-04-27 00:00:00] 🔴 开空 | 价格: 2390.76 | 仓位: 0.5577 | 止损: 2426.62 | 止盈: 2271.22 | 原因: RSI超买(>70) | 价格触及布林上轨
2026-05-14 11:33:20 | INFO    | binance_eth.trader | [2026-04-27 05:00:00] ⬇️  平空 | 价格: 2323.18 | 盈亏: +56.53% (+565.34 USDT) | 原因: RSI超卖，建议止盈
2026-05-14 11:33:20 | INFO    | binance_eth.trader | [2026-04-29 03:00:00] 🔴 开空 | 价格: 2311.52 | 仓位: 0.5768 | 止损: 2346.19 | 止盈: 2195.94 | 原因: RSI超买(>70) | 价格触及布林上轨
2026-05-14 11:33:20 | INFO    | binance_eth.trader | [2026-04-29 15:00:00] ⬇️  平空 | 价格: 2272.51 | 盈亏: +33.75% (+337.53 USDT) | 原因: RSI超卖，建议止盈
2026-05-14 11:33:20 | INFO    | binance_eth.trader | [2026-04-29 18:00:00] 🟢 开多 | 价格: 2239.41 | 仓位: 0.5954 | 止损: 2205.82 | 止盈: 2351.38 | 原因: RSI超卖(<30) | 价格触及布林下轨
2026-05-14 11:33:20 | INFO    | binance_eth.trader | [2026-05-01 03:00:00] ⬆️  平多 | 价格: 2282.87 | 盈亏: +38.81% (+388.14 USDT) | 原因: RSI超买，建议止盈
2026-05-14 11:33:20 | INFO    | binance_eth.trader | [2026-05-01 04:00:00] 🔴 开空 | 价格: 2280.12 | 仓位: 0.5848 | 止损: 2314.32 | 止盈: 2166.11 | 原因: RSI超买(>70) | 价格触及布林上轨
2026-05-14 11:33:20 | INFO    | binance_eth.trader | [2026-05-01 13:00:00] ⬇️  平空 | 价格: 2318.22 | 盈亏: -33.42% (-334.19 USDT) | 原因: 触发止损 (入场:2280.12 止损:2314.32)
2026-05-14 11:33:20 | INFO    | binance_eth.trader | [2026-05-02 21:00:00] 🟢 开多 | 价格: 2325.62 | 仓位: 0.5733 | 止损: 2290.74 | 止盈: 2441.90 | 原因: RSI超买(>70) | MACD金叉 | 价格触及布林上轨
2026-05-14 11:33:20 | INFO    | binance_eth.trader | [2026-05-02 22:00:00] ⬆️  平多 | 价格: 2327.00 | 盈亏: +1.19% (+11.87 USDT) | 原因: RSI超买，建议止盈
2026-05-14 11:33:20 | INFO    | binance_eth.trader | [2026-05-03 11:00:00] 🟢 开多 | 价格: 2319.63 | 仓位: 0.5748 | 止损: 2284.84 | 止盈: 2435.61 | 原因: MACD金叉
2026-05-14 11:33:20 | INFO    | binance_eth.trader | [2026-05-03 12:00:00] ⬆️  平多 | 价格: 2325.71 | 盈亏: +5.24% (+52.42 USDT) | 原因: RSI超买，建议止盈
2026-05-14 11:33:20 | INFO    | binance_eth.trader | [2026-05-04 01:00:00] 🟢 开多 | 价格: 2351.20 | 仓位: 0.5671 | 止损: 2315.93 | 止盈: 2468.76 | 原因: MACD金叉 | 价格触及布林上轨
2026-05-14 11:33:20 | INFO    | binance_eth.trader | [2026-05-04 02:00:00] ⬆️  平多 | 价格: 2374.73 | 盈亏: +20.02% (+200.15 USDT) | 原因: RSI超买，建议止盈
2026-05-14 11:33:20 | INFO    | binance_eth.trader | [2026-05-04 03:00:00] 🔴 开空 | 价格: 2385.12 | 仓位: 0.5590 | 止损: 2420.90 | 止盈: 2265.86 | 原因: RSI超买(>70) | 价格触及布林上轨
2026-05-14 11:33:20 | INFO    | binance_eth.trader | [2026-05-05 03:00:00] ⬇️  平空 | 价格: 2382.43 | 盈亏: +2.26% (+22.56 USDT) | 原因: MACD金叉信号
2026-05-14 11:33:20 | INFO    | binance_eth.trader | [2026-05-06 08:00:00] 🟢 开多 | 价格: 2394.33 | 仓位: 0.5569 | 止损: 2358.42 | 止盈: 2514.05 | 原因: RSI超买(>70) | MACD金叉 | 价格触及布林上轨
2026-05-14 11:33:20 | INFO    | binance_eth.trader | [2026-05-06 09:00:00] ⬆️  平多 | 价格: 2412.76 | 盈亏: +15.39% (+153.95 USDT) | 原因: RSI超买，建议止盈
2026-05-14 11:33:20 | INFO    | binance_eth.trader | [2026-05-06 10:00:00] 🔴 开空 | 价格: 2410.20 | 仓位: 0.5532 | 止损: 2446.35 | 止盈: 2289.69 | 原因: RSI超买(>70) | 价格触及布林上轨
2026-05-14 11:33:20 | INFO    | binance_eth.trader | [2026-05-06 17:00:00] ⬇️  平空 | 价格: 2349.70 | 盈亏: +50.20% (+502.03 USDT) | 原因: RSI超卖，建议止盈
2026-05-14 11:33:20 | INFO    | binance_eth.trader | [2026-05-07 13:00:00] 🔴 开空 | 价格: 2314.32 | 仓位: 0.5761 | 止损: 2349.03 | 止盈: 2198.60 | 原因: RSI超卖(<30) | MACD死叉
2026-05-14 11:33:20 | INFO    | binance_eth.trader | [2026-05-07 14:00:00] ⬇️  平空 | 价格: 2298.98 | 盈亏: +13.26% (+132.57 USDT) | 原因: RSI超卖，建议止盈
2026-05-14 11:33:20 | INFO    | binance_eth.trader | [2026-05-07 15:00:00] 🟢 开多 | 价格: 2294.82 | 仓位: 0.5810 | 止损: 2260.40 | 止盈: 2409.56 | 原因: RSI超卖(<30) | 价格触及布林下轨
2026-05-14 11:33:20 | INFO    | binance_eth.trader | [2026-05-08 18:00:00] ⬆️  平多 | 价格: 2313.49 | 盈亏: +16.27% (+162.71 USDT) | 原因: RSI超买，建议止盈
2026-05-14 11:33:20 | INFO    | binance_eth.trader | [2026-05-08 19:00:00] 🔴 开空 | 价格: 2316.05 | 仓位: 0.5757 | 止损: 2350.79 | 止盈: 2200.25 | 原因: RSI超买(>70) | 价格触及布林上轨
2026-05-14 11:33:20 | INFO    | binance_eth.trader | [2026-05-09 17:00:00] ⬇️  平空 | 价格: 2329.45 | 盈亏: -11.57% (-115.71 USDT) | 原因: MACD金叉信号
2026-05-14 11:33:20 | INFO    | binance_eth.trader | [2026-05-09 18:00:00] 🔴 开空 | 价格: 2330.22 | 仓位: 0.5722 | 止损: 2365.17 | 止盈: 2213.71 | 原因: RSI超买(>70) | 价格触及布林上轨
2026-05-14 11:33:20 | INFO    | binance_eth.trader | [2026-05-10 15:00:00] ⬇️  平空 | 价格: 2347.56 | 盈亏: -14.88% (-148.83 USDT) | 原因: MACD金叉信号
2026-05-14 11:33:20 | INFO    | binance_eth.trader | [2026-05-10 16:00:00] 🔴 开空 | 价格: 2350.00 | 仓位: 0.5674 | 止损: 2385.25 | 止盈: 2232.50 | 原因: RSI超买(>70) | 价格触及布林上轨
2026-05-14 11:33:20 | INFO    | binance_eth.trader | [2026-05-10 22:00:00] ⬇️  平空 | 价格: 2373.78 | 盈亏: -20.24% (-202.38 USDT) | 原因: MACD金叉信号
2026-05-14 11:33:21 | INFO    | binance_eth.trader | [2026-05-12 01:00:00] 🟢 开多 | 价格: 2311.41 | 仓位: 0.5768 | 止损: 2276.74 | 止盈: 2426.98 | 原因: RSI超卖(<30) | MACD死叉 | 价格触及布林下轨
2026-05-14 11:33:21 | INFO    | binance_eth.trader | [2026-05-12 13:00:00] ⬆️  平多 | 价格: 2271.99 | 盈亏: -34.11% (-341.09 USDT) | 原因: 触发止损 (入场:2311.41 止损:2276.74)
2026-05-14 11:33:21 | INFO    | binance_eth.trader | [2026-05-13 04:00:00] 🔴 开空 | 价格: 2306.67 | 仓位: 0.5780 | 止损: 2341.27 | 止盈: 2191.34 | 原因: RSI超买(>70) | 价格触及布林上轨
2026-05-14 11:33:21 | INFO    | binance_eth.trader | [2026-05-13 13:00:00] ⬇️  平空 | 价格: 2262.80 | 盈亏: +38.04% (+380.38 USDT) | 原因: RSI超卖，建议止盈
2026-05-14 11:33:21 | INFO    | binance_eth.trader | [2026-05-13 15:00:00] 🟢 开多 | 价格: 2236.49 | 仓位: 0.5962 | 止损: 2202.94 | 止盈: 2348.31 | 原因: RSI超卖(<30) | 价格触及布林下轨
2026-05-14 11:33:21 | WARNING | binance_eth.trader | 回测结束时仍有持仓，强制平仓
2026-05-14 11:33:21 | INFO    | binance_eth.trader | ================================================================================
2026-05-14 11:33:21 | INFO    | binance_eth.trader | 回测结果汇总
2026-05-14 11:33:21 | INFO    | binance_eth.trader | ================================================================================
2026-05-14 11:33:21 | INFO    | binance_eth.trader | 初始资金: 1000.00 USDT
2026-05-14 11:33:21 | INFO    | binance_eth.trader | 最终资金: 2864.54 USDT
2026-05-14 11:33:21 | INFO    | binance_eth.trader | 总收益率: +186.45%
2026-05-14 11:33:21 | INFO    | binance_eth.trader | 最大回撤: -27.42%
2026-05-14 11:33:21 | INFO    | binance_eth.trader | 
2026-05-14 11:33:21 | INFO    | binance_eth.trader | 交易统计:
2026-05-14 11:33:21 | INFO    | binance_eth.trader |   总交易次数: 20
2026-05-14 11:33:21 | INFO    | binance_eth.trader |   盈利次数: 14 | 亏损次数: 6
2026-05-14 11:33:21 | INFO    | binance_eth.trader |   胜率: 70.0%
2026-05-14 11:33:21 | INFO    | binance_eth.trader |   平均盈利: 237.70 USDT | 平均亏损: -243.89 USDT
2026-05-14 11:33:21 | INFO    | binance_eth.trader |   盈亏比: 2.27
2026-05-14 11:33:21 | INFO    | binance_eth.trader | 
2026-05-14 11:33:21 | INFO    | binance_eth.trader | 交易明细:
2026-05-14 11:33:21 | INFO    | binance_eth.trader |   #1 [LONG] 入场: 2308.09 | 出场: 2327.84 | 盈亏: +17.11% (+171.14 USDT) | RSI超买，建议止盈
2026-05-14 11:33:21 | INFO    | binance_eth.trader |   #2 [SHORT] 入场: 2329.99 | 出场: 2367.40 | 盈亏: -32.11% (-321.12 USDT) | 触发止损 (入场:2329.99 止损:2364.94)
2026-05-14 11:33:21 | INFO    | binance_eth.trader |   #3 [SHORT] 入场: 2390.76 | 出场: 2323.18 | 盈亏: +56.53% (+565.34 USDT) | RSI超卖，建议止盈
2026-05-14 11:33:21 | INFO    | binance_eth.trader |   #4 [SHORT] 入场: 2311.52 | 出场: 2272.51 | 盈亏: +33.75% (+337.53 USDT) | RSI超卖，建议止盈
2026-05-14 11:33:21 | INFO    | binance_eth.trader |   #5 [LONG] 入场: 2239.41 | 出场: 2282.87 | 盈亏: +38.81% (+388.14 USDT) | RSI超买，建议止盈
2026-05-14 11:33:21 | INFO    | binance_eth.trader |   #6 [SHORT] 入场: 2280.12 | 出场: 2318.22 | 盈亏: -33.42% (-334.19 USDT) | 触发止损 (入场:2280.12 止损:2314.32)
2026-05-14 11:33:21 | INFO    | binance_eth.trader |   #7 [LONG] 入场: 2325.62 | 出场: 2327.00 | 盈亏: +1.19% (+11.87 USDT) | RSI超买，建议止盈
2026-05-14 11:33:21 | INFO    | binance_eth.trader |   #8 [LONG] 入场: 2319.63 | 出场: 2325.71 | 盈亏: +5.24% (+52.42 USDT) | RSI超买，建议止盈
2026-05-14 11:33:21 | INFO    | binance_eth.trader |   #9 [LONG] 入场: 2351.20 | 出场: 2374.73 | 盈亏: +20.02% (+200.15 USDT) | RSI超买，建议止盈
2026-05-14 11:33:21 | INFO    | binance_eth.trader |   #10 [SHORT] 入场: 2385.12 | 出场: 2382.43 | 盈亏: +2.26% (+22.56 USDT) | MACD金叉信号
2026-05-14 11:33:21 | INFO    | binance_eth.trader |   #11 [LONG] 入场: 2394.33 | 出场: 2412.76 | 盈亏: +15.39% (+153.95 USDT) | RSI超买，建议止盈
2026-05-14 11:33:21 | INFO    | binance_eth.trader |   #12 [SHORT] 入场: 2410.20 | 出场: 2349.70 | 盈亏: +50.20% (+502.03 USDT) | RSI超卖，建议止盈
2026-05-14 11:33:21 | INFO    | binance_eth.trader |   #13 [SHORT] 入场: 2314.32 | 出场: 2298.98 | 盈亏: +13.26% (+132.57 USDT) | RSI超卖，建议止盈
2026-05-14 11:33:21 | INFO    | binance_eth.trader |   #14 [LONG] 入场: 2294.82 | 出场: 2313.49 | 盈亏: +16.27% (+162.71 USDT) | RSI超买，建议止盈
2026-05-14 11:33:21 | INFO    | binance_eth.trader |   #15 [SHORT] 入场: 2316.05 | 出场: 2329.45 | 盈亏: -11.57% (-115.71 USDT) | MACD金叉信号
2026-05-14 11:33:21 | INFO    | binance_eth.trader |   #16 [SHORT] 入场: 2330.22 | 出场: 2347.56 | 盈亏: -14.88% (-148.83 USDT) | MACD金叉信号
2026-05-14 11:33:21 | INFO    | binance_eth.trader |   #17 [SHORT] 入场: 2350.00 | 出场: 2373.78 | 盈亏: -20.24% (-202.38 USDT) | MACD金叉信号
2026-05-14 11:33:21 | INFO    | binance_eth.trader |   #18 [LONG] 入场: 2311.41 | 出场: 2271.99 | 盈亏: -34.11% (-341.09 USDT) | 触发止损 (入场:2311.41 止损:2276.74)
2026-05-14 11:33:21 | INFO    | binance_eth.trader |   #19 [SHORT] 入场: 2306.67 | 出场: 2262.80 | 盈亏: +38.04% (+380.38 USDT) | RSI超卖，建议止盈
2026-05-14 11:33:21 | INFO    | binance_eth.trader |   #20 [LONG] 入场: 2236.49 | 出场: 2264.12 | 盈亏: +24.71% (+247.08 USDT) | 回测结束强制平仓
2026-05-14 11:33:21 | INFO    | binance_eth.trader | ================================================================================
2026-05-14 11:33:41 | INFO    | binance_eth.trader | 持仓中 [LONG] | 入场: 2256.18 | 当前: 2250.50 | 盈亏: -5.04% (-50.35 USDT) | 爆仓价: 2154.65
2026-05-14 11:33:41 | INFO    | binance_eth.trader | 当前价格: 2250.50 | 持仓中，无平仓信号
2026-05-14 11:34:12 | INFO    | binance_eth.trader | 持仓中 [LONG] | 入场: 2256.18 | 当前: 2251.48 | 盈亏: -4.17% (-41.66 USDT) | 爆仓价: 2154.65
2026-05-14 11:34:12 | INFO    | binance_eth.trader | 当前价格: 2251.48 | 持仓中，无平仓信号
2026-05-14 11:34:42 | INFO    | binance_eth.trader | 持仓中 [LONG] | 入场: 2256.18 | 当前: 2250.48 | 盈亏: -5.05% (-50.53 USDT) | 爆仓价: 2154.65
2026-05-14 11:34:42 | INFO    | binance_eth.trader | 当前价格: 2250.48 | 持仓中，无平仓信号
2026-05-14 11:35:22 | WARNING | binance_eth.client | GET /api/v3/klines failed (attempt 1/3): HTTPSConnectionPool(host='api.binance.com', port=443): Max retries exceeded with url: /api/v3/klines?symbol=ETHUSDT&interval=5m&limit=100 (Caused by NewConnectionError("HTTPSConnection(host='api.binance.com', port=443): Failed to establish a new connection: [Errno 101] Network is unreachable")) — retry in 1.5s
2026-05-14 11:35:33 | WARNING | binance_eth.client | GET /api/v3/klines failed (attempt 2/3): HTTPSConnectionPool(host='api.binance.com', port=443): Max retries exceeded with url: /api/v3/klines?symbol=ETHUSDT&interval=5m&limit=100 (Caused by NewConnectionError("HTTPSConnection(host='api.binance.com', port=443): Failed to establish a new connection: [Errno 101] Network is unreachable")) — retry in 2.2s
2026-05-14 11:35:46 | WARNING | binance_eth.client | GET /api/v3/klines failed (attempt 3/3): HTTPSConnectionPool(host='api.binance.com', port=443): Max retries exceeded with url: /api/v3/klines?symbol=ETHUSDT&interval=5m&limit=100 (Caused by NewConnectionError("HTTPSConnection(host='api.binance.com', port=443): Failed to establish a new connection: [Errno 101] Network is unreachable")) — retry in 3.4s
2026-05-14 11:56:01 | INFO    | binance_eth.trader | ================================================================================
2026-05-14 11:56:01 | INFO    | binance_eth.trader | 交易策略回测报告
2026-05-14 11:56:01 | INFO    | binance_eth.trader | ================================================================================
2026-05-14 11:56:01 | INFO    | binance_eth.trader | 交易对: ETHUSDT | K线周期: 1h | 数据量: 500
2026-05-14 11:56:01 | INFO    | binance_eth.trader | 时间范围: 2026-04-23 07:00:00 至 2026-05-14 02:00:00
2026-05-14 11:56:01 | INFO    | binance_eth.trader | 初始资金: 1000.00 USDT | 杠杆: 20x
2026-05-14 11:56:01 | INFO    | binance_eth.trader | 止损: 1.5% | 止盈: 5.0% | 单笔风险: 2.0%
2026-05-14 11:56:01 | INFO    | binance_eth.trader | ================================================================================
2026-05-14 11:56:01 | INFO    | binance_eth.trader | [2026-04-25 15:00:00] 🟢 开多 | 价格: 2308.09 | 仓位: 0.5777 | 止损: 2273.47 | 止盈: 2423.49 | 原因: RSI超卖(<30) | MACD死叉 | 价格触及布林下轨
2026-05-14 11:56:01 | INFO    | binance_eth.trader | [2026-04-26 05:00:00] ⬆️  平多 | 价格: 2327.84 | 盈亏: +17.11% (+171.14 USDT) | 原因: RSI超买，建议止盈
2026-05-14 11:56:01 | INFO    | binance_eth.trader | [2026-04-26 06:00:00] 🔴 开空 | 价格: 2329.99 | 仓位: 0.5722 | 止损: 2364.94 | 止盈: 2213.49 | 原因: RSI超买(>70) | 价格触及布林上轨
2026-05-14 11:56:01 | INFO    | binance_eth.trader | [2026-04-26 19:00:00] ⬇️  平空 | 价格: 2367.40 | 盈亏: -32.11% (-321.12 USDT) | 原因: 触发止损 (入场:2329.99 止损:2364.94)
2026-05-14 11:56:01 | INFO    | binance_eth.trader | [2026-04-27 00:00:00] 🔴 开空 | 价格: 2390.76 | 仓位: 0.5577 | 止损: 2426.62 | 止盈: 2271.22 | 原因: RSI超买(>70) | 价格触及布林上轨
2026-05-14 11:56:01 | INFO    | binance_eth.trader | [2026-04-27 05:00:00] ⬇️  平空 | 价格: 2323.18 | 盈亏: +56.53% (+565.34 USDT) | 原因: RSI超卖，建议止盈
2026-05-14 11:56:02 | INFO    | binance_eth.trader | [2026-04-29 03:00:00] 🔴 开空 | 价格: 2311.52 | 仓位: 0.5768 | 止损: 2346.19 | 止盈: 2195.94 | 原因: RSI超买(>70) | 价格触及布林上轨
2026-05-14 11:56:02 | INFO    | binance_eth.trader | [2026-04-29 15:00:00] ⬇️  平空 | 价格: 2272.51 | 盈亏: +33.75% (+337.53 USDT) | 原因: RSI超卖，建议止盈
2026-05-14 11:56:02 | INFO    | binance_eth.trader | [2026-04-29 18:00:00] 🟢 开多 | 价格: 2239.41 | 仓位: 0.5954 | 止损: 2205.82 | 止盈: 2351.38 | 原因: RSI超卖(<30) | 价格触及布林下轨
2026-05-14 11:56:02 | INFO    | binance_eth.trader | [2026-05-01 03:00:00] ⬆️  平多 | 价格: 2282.87 | 盈亏: +38.81% (+388.14 USDT) | 原因: RSI超买，建议止盈
2026-05-14 11:56:02 | INFO    | binance_eth.trader | [2026-05-01 04:00:00] 🔴 开空 | 价格: 2280.12 | 仓位: 0.5848 | 止损: 2314.32 | 止盈: 2166.11 | 原因: RSI超买(>70) | 价格触及布林上轨
2026-05-14 11:56:02 | INFO    | binance_eth.trader | [2026-05-01 13:00:00] ⬇️  平空 | 价格: 2318.22 | 盈亏: -33.42% (-334.19 USDT) | 原因: 触发止损 (入场:2280.12 止损:2314.32)
2026-05-14 11:56:02 | INFO    | binance_eth.trader | [2026-05-02 21:00:00] 🟢 开多 | 价格: 2325.62 | 仓位: 0.5733 | 止损: 2290.74 | 止盈: 2441.90 | 原因: RSI超买(>70) | MACD金叉 | 价格触及布林上轨
2026-05-14 11:56:02 | INFO    | binance_eth.trader | [2026-05-02 22:00:00] ⬆️  平多 | 价格: 2327.00 | 盈亏: +1.19% (+11.87 USDT) | 原因: RSI超买，建议止盈
2026-05-14 11:56:02 | INFO    | binance_eth.trader | [2026-05-03 11:00:00] 🟢 开多 | 价格: 2319.63 | 仓位: 0.5748 | 止损: 2284.84 | 止盈: 2435.61 | 原因: MACD金叉
2026-05-14 11:56:02 | INFO    | binance_eth.trader | [2026-05-03 12:00:00] ⬆️  平多 | 价格: 2325.71 | 盈亏: +5.24% (+52.42 USDT) | 原因: RSI超买，建议止盈
2026-05-14 11:56:02 | INFO    | binance_eth.trader | [2026-05-04 01:00:00] 🟢 开多 | 价格: 2351.20 | 仓位: 0.5671 | 止损: 2315.93 | 止盈: 2468.76 | 原因: MACD金叉 | 价格触及布林上轨
2026-05-14 11:56:02 | INFO    | binance_eth.trader | [2026-05-04 02:00:00] ⬆️  平多 | 价格: 2374.73 | 盈亏: +20.02% (+200.15 USDT) | 原因: RSI超买，建议止盈
2026-05-14 11:56:02 | INFO    | binance_eth.trader | [2026-05-04 03:00:00] 🔴 开空 | 价格: 2385.12 | 仓位: 0.5590 | 止损: 2420.90 | 止盈: 2265.86 | 原因: RSI超买(>70) | 价格触及布林上轨
2026-05-14 11:56:02 | INFO    | binance_eth.trader | [2026-05-05 03:00:00] ⬇️  平空 | 价格: 2382.43 | 盈亏: +2.26% (+22.56 USDT) | 原因: MACD金叉信号
2026-05-14 11:56:02 | INFO    | binance_eth.trader | [2026-05-06 08:00:00] 🟢 开多 | 价格: 2394.33 | 仓位: 0.5569 | 止损: 2358.42 | 止盈: 2514.05 | 原因: RSI超买(>70) | MACD金叉 | 价格触及布林上轨
2026-05-14 11:56:02 | INFO    | binance_eth.trader | [2026-05-06 09:00:00] ⬆️  平多 | 价格: 2412.76 | 盈亏: +15.39% (+153.95 USDT) | 原因: RSI超买，建议止盈
2026-05-14 11:56:02 | INFO    | binance_eth.trader | [2026-05-06 10:00:00] 🔴 开空 | 价格: 2410.20 | 仓位: 0.5532 | 止损: 2446.35 | 止盈: 2289.69 | 原因: RSI超买(>70) | 价格触及布林上轨
2026-05-14 11:56:02 | INFO    | binance_eth.trader | [2026-05-06 17:00:00] ⬇️  平空 | 价格: 2349.70 | 盈亏: +50.20% (+502.03 USDT) | 原因: RSI超卖，建议止盈
2026-05-14 11:56:02 | INFO    | binance_eth.trader | [2026-05-07 13:00:00] 🔴 开空 | 价格: 2314.32 | 仓位: 0.5761 | 止损: 2349.03 | 止盈: 2198.60 | 原因: RSI超卖(<30) | MACD死叉
2026-05-14 11:56:02 | INFO    | binance_eth.trader | [2026-05-07 14:00:00] ⬇️  平空 | 价格: 2298.98 | 盈亏: +13.26% (+132.57 USDT) | 原因: RSI超卖，建议止盈
2026-05-14 11:56:02 | INFO    | binance_eth.trader | [2026-05-07 15:00:00] 🟢 开多 | 价格: 2294.82 | 仓位: 0.5810 | 止损: 2260.40 | 止盈: 2409.56 | 原因: RSI超卖(<30) | 价格触及布林下轨
2026-05-14 11:56:02 | INFO    | binance_eth.trader | [2026-05-08 18:00:00] ⬆️  平多 | 价格: 2313.49 | 盈亏: +16.27% (+162.71 USDT) | 原因: RSI超买，建议止盈
2026-05-14 11:56:02 | INFO    | binance_eth.trader | [2026-05-08 19:00:00] 🔴 开空 | 价格: 2316.05 | 仓位: 0.5757 | 止损: 2350.79 | 止盈: 2200.25 | 原因: RSI超买(>70) | 价格触及布林上轨
2026-05-14 11:56:02 | INFO    | binance_eth.trader | [2026-05-09 17:00:00] ⬇️  平空 | 价格: 2329.45 | 盈亏: -11.57% (-115.71 USDT) | 原因: MACD金叉信号
2026-05-14 11:56:02 | INFO    | binance_eth.trader | [2026-05-09 18:00:00] 🔴 开空 | 价格: 2330.22 | 仓位: 0.5722 | 止损: 2365.17 | 止盈: 2213.71 | 原因: RSI超买(>70) | 价格触及布林上轨
2026-05-14 11:56:02 | INFO    | binance_eth.trader | [2026-05-10 15:00:00] ⬇️  平空 | 价格: 2347.56 | 盈亏: -14.88% (-148.83 USDT) | 原因: MACD金叉信号
2026-05-14 11:56:02 | INFO    | binance_eth.trader | [2026-05-10 16:00:00] 🔴 开空 | 价格: 2350.00 | 仓位: 0.5674 | 止损: 2385.25 | 止盈: 2232.50 | 原因: RSI超买(>70) | 价格触及布林上轨
2026-05-14 11:56:02 | INFO    | binance_eth.trader | [2026-05-10 22:00:00] ⬇️  平空 | 价格: 2373.78 | 盈亏: -20.24% (-202.38 USDT) | 原因: MACD金叉信号
2026-05-14 11:56:02 | INFO    | binance_eth.trader | [2026-05-12 01:00:00] 🟢 开多 | 价格: 2311.41 | 仓位: 0.5768 | 止损: 2276.74 | 止盈: 2426.98 | 原因: RSI超卖(<30) | MACD死叉 | 价格触及布林下轨
2026-05-14 11:56:02 | INFO    | binance_eth.trader | [2026-05-12 13:00:00] ⬆️  平多 | 价格: 2271.99 | 盈亏: -34.11% (-341.09 USDT) | 原因: 触发止损 (入场:2311.41 止损:2276.74)
2026-05-14 11:56:02 | INFO    | binance_eth.trader | [2026-05-13 04:00:00] 🔴 开空 | 价格: 2306.67 | 仓位: 0.5780 | 止损: 2341.27 | 止盈: 2191.34 | 原因: RSI超买(>70) | 价格触及布林上轨
2026-05-14 11:56:02 | INFO    | binance_eth.trader | [2026-05-13 13:00:00] ⬇️  平空 | 价格: 2262.80 | 盈亏: +38.04% (+380.38 USDT) | 原因: RSI超卖，建议止盈
2026-05-14 11:56:02 | INFO    | binance_eth.trader | [2026-05-13 15:00:00] 🟢 开多 | 价格: 2236.49 | 仓位: 0.5962 | 止损: 2202.94 | 止盈: 2348.31 | 原因: RSI超卖(<30) | 价格触及布林下轨
2026-05-14 11:56:02 | WARNING | binance_eth.trader | 回测结束时仍有持仓，强制平仓
2026-05-14 11:56:02 | INFO    | binance_eth.trader | ================================================================================
2026-05-14 11:56:02 | INFO    | binance_eth.trader | 回测结果汇总
2026-05-14 11:56:02 | INFO    | binance_eth.trader | ================================================================================
2026-05-14 11:56:02 | INFO    | binance_eth.trader | 初始资金: 1000.00 USDT
2026-05-14 11:56:02 | INFO    | binance_eth.trader | 最终资金: 2864.54 USDT
2026-05-14 11:56:02 | INFO    | binance_eth.trader | 总收益率: +186.45%
2026-05-14 11:56:02 | INFO    | binance_eth.trader | 最大回撤: -27.42%
2026-05-14 11:56:02 | INFO    | binance_eth.trader | 
2026-05-14 11:56:02 | INFO    | binance_eth.trader | 交易统计:
2026-05-14 11:56:02 | INFO    | binance_eth.trader |   总交易次数: 20
2026-05-14 11:56:02 | INFO    | binance_eth.trader |   盈利次数: 14 | 亏损次数: 6
2026-05-14 11:56:02 | INFO    | binance_eth.trader |   胜率: 70.0%
2026-05-14 11:56:02 | INFO    | binance_eth.trader |   平均盈利: 237.70 USDT | 平均亏损: -243.89 USDT
2026-05-14 11:56:02 | INFO    | binance_eth.trader |   盈亏比: 2.27
2026-05-14 11:56:02 | INFO    | binance_eth.trader | 
2026-05-14 11:56:02 | INFO    | binance_eth.trader | 交易明细:
2026-05-14 11:56:02 | INFO    | binance_eth.trader |   #1 [LONG] 入场: 2308.09 | 出场: 2327.84 | 盈亏: +17.11% (+171.14 USDT) | RSI超买，建议止盈
2026-05-14 11:56:02 | INFO    | binance_eth.trader |   #2 [SHORT] 入场: 2329.99 | 出场: 2367.40 | 盈亏: -32.11% (-321.12 USDT) | 触发止损 (入场:2329.99 止损:2364.94)
2026-05-14 11:56:02 | INFO    | binance_eth.trader |   #3 [SHORT] 入场: 2390.76 | 出场: 2323.18 | 盈亏: +56.53% (+565.34 USDT) | RSI超卖，建议止盈
2026-05-14 11:56:02 | INFO    | binance_eth.trader |   #4 [SHORT] 入场: 2311.52 | 出场: 2272.51 | 盈亏: +33.75% (+337.53 USDT) | RSI超卖，建议止盈
2026-05-14 11:56:02 | INFO    | binance_eth.trader |   #5 [LONG] 入场: 2239.41 | 出场: 2282.87 | 盈亏: +38.81% (+388.14 USDT) | RSI超买，建议止盈
2026-05-14 11:56:02 | INFO    | binance_eth.trader |   #6 [SHORT] 入场: 2280.12 | 出场: 2318.22 | 盈亏: -33.42% (-334.19 USDT) | 触发止损 (入场:2280.12 止损:2314.32)
2026-05-14 11:56:02 | INFO    | binance_eth.trader |   #7 [LONG] 入场: 2325.62 | 出场: 2327.00 | 盈亏: +1.19% (+11.87 USDT) | RSI超买，建议止盈
2026-05-14 11:56:02 | INFO    | binance_eth.trader |   #8 [LONG] 入场: 2319.63 | 出场: 2325.71 | 盈亏: +5.24% (+52.42 USDT) | RSI超买，建议止盈
2026-05-14 11:56:02 | INFO    | binance_eth.trader |   #9 [LONG] 入场: 2351.20 | 出场: 2374.73 | 盈亏: +20.02% (+200.15 USDT) | RSI超买，建议止盈
2026-05-14 11:56:02 | INFO    | binance_eth.trader |   #10 [SHORT] 入场: 2385.12 | 出场: 2382.43 | 盈亏: +2.26% (+22.56 USDT) | MACD金叉信号
2026-05-14 11:56:02 | INFO    | binance_eth.trader |   #11 [LONG] 入场: 2394.33 | 出场: 2412.76 | 盈亏: +15.39% (+153.95 USDT) | RSI超买，建议止盈
2026-05-14 11:56:02 | INFO    | binance_eth.trader |   #12 [SHORT] 入场: 2410.20 | 出场: 2349.70 | 盈亏: +50.20% (+502.03 USDT) | RSI超卖，建议止盈
2026-05-14 11:56:02 | INFO    | binance_eth.trader |   #13 [SHORT] 入场: 2314.32 | 出场: 2298.98 | 盈亏: +13.26% (+132.57 USDT) | RSI超卖，建议止盈
2026-05-14 11:56:02 | INFO    | binance_eth.trader |   #14 [LONG] 入场: 2294.82 | 出场: 2313.49 | 盈亏: +16.27% (+162.71 USDT) | RSI超买，建议止盈
2026-05-14 11:56:02 | INFO    | binance_eth.trader |   #15 [SHORT] 入场: 2316.05 | 出场: 2329.45 | 盈亏: -11.57% (-115.71 USDT) | MACD金叉信号
2026-05-14 11:56:02 | INFO    | binance_eth.trader |   #16 [SHORT] 入场: 2330.22 | 出场: 2347.56 | 盈亏: -14.88% (-148.83 USDT) | MACD金叉信号
2026-05-14 11:56:02 | INFO    | binance_eth.trader |   #17 [SHORT] 入场: 2350.00 | 出场: 2373.78 | 盈亏: -20.24% (-202.38 USDT) | MACD金叉信号
2026-05-14 11:56:02 | INFO    | binance_eth.trader |   #18 [LONG] 入场: 2311.41 | 出场: 2271.99 | 盈亏: -34.11% (-341.09 USDT) | 触发止损 (入场:2311.41 止损:2276.74)
2026-05-14 11:56:02 | INFO    | binance_eth.trader |   #19 [SHORT] 入场: 2306.67 | 出场: 2262.80 | 盈亏: +38.04% (+380.38 USDT) | RSI超卖，建议止盈
2026-05-14 11:56:02 | INFO    | binance_eth.trader |   #20 [LONG] 入场: 2236.49 | 出场: 2264.12 | 盈亏: +24.71% (+247.08 USDT) | 回测结束强制平仓
2026-05-14 11:56:02 | INFO    | binance_eth.trader | ================================================================================
2026-05-14 11:56:28 | WARNING | binance_eth.trader | ================================================================================
2026-05-14 11:56:28 | WARNING | binance_eth.trader | ⚠️  交易策略推荐系统 - 仅供参考，不构成投资建议
2026-05-14 11:56:28 | WARNING | binance_eth.trader | ⚠️  杠杆交易风险极高，可能导致全部本金损失
2026-05-14 11:56:28 | WARNING | binance_eth.trader | ================================================================================
2026-05-14 11:56:28 | INFO    | binance_eth.trader | 交易对: ETHUSDT | K线周期: 5m
2026-05-14 11:56:28 | INFO    | binance_eth.trader | 本金: 1000.00 USDT | 杠杆: 20x | 单笔风险: 2.0%
2026-05-14 11:56:28 | INFO    | binance_eth.trader | 止损: 1.5% | 止盈: 5.0%
2026-05-14 11:56:28 | INFO    | binance_eth.trader | 检查间隔: 30 秒
2026-05-14 11:56:28 | INFO    | binance_eth.trader | ================================================================================
2026-05-14 11:56:28 | INFO    | binance_eth.trader | 交易信号邮件推送已启用，收件人: 1175371321@qq.com
2026-05-14 11:56:39 | WARNING | binance_eth.client | GET /api/v3/klines failed (attempt 1/3): HTTPSConnectionPool(host='api.binance.com', port=443): Max retries exceeded with url: /api/v3/klines?symbol=ETHUSDT&interval=5m&limit=100 (Caused by NewConnectionError("HTTPSConnection(host='api.binance.com', port=443): Failed to establish a new connection: [Errno 101] Network is unreachable")) — retry in 1.5s
2026-05-14 11:56:50 | WARNING | binance_eth.client | GET /api/v3/klines failed (attempt 2/3): HTTPSConnectionPool(host='api.binance.com', port=443): Max retries exceeded with url: /api/v3/klines?symbol=ETHUSDT&interval=5m&limit=100 (Caused by NewConnectionError("HTTPSConnection(host='api.binance.com', port=443): Failed to establish a new connection: [Errno 101] Network is unreachable")) — retry in 2.2s
2026-05-14 11:57:03 | WARNING | binance_eth.client | GET /api/v3/klines failed (attempt 3/3): HTTPSConnectionPool(host='api.binance.com', port=443): Max retries exceeded with url: /api/v3/klines?symbol=ETHUSDT&interval=5m&limit=100 (Caused by NewConnectionError("HTTPSConnection(host='api.binance.com', port=443): Failed to establish a new connection: [Errno 101] Network is unreachable")) — retry in 3.4s
2026-05-14 13:58:59 | WARNING | binance_eth.trader | ================================================================================
2026-05-14 13:58:59 | WARNING | binance_eth.trader | ⚠️  交易策略推荐系统 - 仅供参考，不构成投资建议
2026-05-14 13:58:59 | WARNING | binance_eth.trader | ⚠️  杠杆交易风险极高，可能导致全部本金损失
2026-05-14 13:58:59 | WARNING | binance_eth.trader | ================================================================================
2026-05-14 13:58:59 | INFO    | binance_eth.trader | 交易对: ETHUSDT | K线周期: 5m
2026-05-14 13:58:59 | INFO    | binance_eth.trader | 本金: 1000.00 USDT | 杠杆: 20x | 单笔风险: 2.0%
2026-05-14 13:58:59 | INFO    | binance_eth.trader | 止损: 1.5% | 止盈: 5.0%
2026-05-14 13:58:59 | INFO    | binance_eth.trader | 检查间隔: 30 秒
2026-05-14 13:58:59 | INFO    | binance_eth.trader | ================================================================================
2026-05-14 13:58:59 | INFO    | binance_eth.trader | 交易信号邮件推送已启用，收件人: 1175371321@qq.com
2026-05-14 13:59:09 | WARNING | binance_eth.client | GET /api/v3/klines failed (attempt 1/3): HTTPSConnectionPool(host='api.binance.com', port=443): Max retries exceeded with url: /api/v3/klines?symbol=ETHUSDT&interval=5m&limit=100 (Caused by NewConnectionError("HTTPSConnection(host='api.binance.com', port=443): Failed to establish a new connection: [Errno 101] Network is unreachable")) — retry in 1.5s
2026-05-14 13:59:21 | WARNING | binance_eth.client | GET /api/v3/klines failed (attempt 2/3): HTTPSConnectionPool(host='api.binance.com', port=443): Max retries exceeded with url: /api/v3/klines?symbol=ETHUSDT&interval=5m&limit=100 (Caused by NewConnectionError("HTTPSConnection(host='api.binance.com', port=443): Failed to establish a new connection: [Errno 101] Network is unreachable")) — retry in 2.2s
2026-05-14 13:59:24 | INFO    | binance_eth.trader | 交易推荐系统已停止
2026-05-14 13:59:34 | WARNING | binance_eth.trader | ================================================================================
2026-05-14 13:59:34 | WARNING | binance_eth.trader | ⚠️  交易策略推荐系统 - 仅供参考，不构成投资建议
2026-05-14 13:59:34 | WARNING | binance_eth.trader | ⚠️  杠杆交易风险极高，可能导致全部本金损失
2026-05-14 13:59:34 | WARNING | binance_eth.trader | ================================================================================
2026-05-14 13:59:34 | INFO    | binance_eth.trader | 交易对: ETHUSDT | K线周期: 5m
2026-05-14 13:59:34 | INFO    | binance_eth.trader | 本金: 1000.00 USDT | 杠杆: 20x | 单笔风险: 2.0%
2026-05-14 13:59:34 | INFO    | binance_eth.trader | 止损: 1.5% | 止盈: 5.0%
2026-05-14 13:59:34 | INFO    | binance_eth.trader | 检查间隔: 30 秒
2026-05-14 13:59:34 | INFO    | binance_eth.trader | ================================================================================
2026-05-14 13:59:34 | INFO    | binance_eth.trader | 交易信号邮件推送已启用，收件人: 1175371321@qq.com
2026-05-14 13:59:34 | INFO    | binance_eth.trader | 当前价格: 2269.27 | 信号不足
2026-05-14 14:00:05 | INFO    | binance_eth.trader | 当前价格: 2268.72 | 信号不足
2026-05-14 14:00:35 | INFO    | binance_eth.trader | 当前价格: 2269.68 | 信号不足
2026-05-14 14:01:05 | INFO    | binance_eth.trader | 当前价格: 2270.52 | 信号不足
2026-05-14 14:01:35 | INFO    | binance_eth.trader | 当前价格: 2270.22 | 信号不足
2026-05-14 14:02:05 | INFO    | binance_eth.trader | 当前价格: 2269.12 | 信号不足
2026-05-14 14:02:36 | INFO    | binance_eth.trader | 当前价格: 2267.95 | 信号不足
2026-05-14 14:03:06 | INFO    | binance_eth.trader | 当前价格: 2270.48 | 信号不足
2026-05-14 14:03:36 | INFO    | binance_eth.trader | 当前价格: 2269.61 | 信号不足
2026-05-14 14:04:06 | INFO    | binance_eth.trader | 当前价格: 2269.86 | 信号不足
2026-05-14 14:04:36 | INFO    | binance_eth.trader | 当前价格: 2270.40 | 信号不足
2026-05-14 14:05:07 | INFO    | binance_eth.trader | 当前价格: 2270.88 | 信号不足
2026-05-14 14:05:37 | INFO    | binance_eth.trader | 当前价格: 2272.17 | 信号不足
2026-05-14 14:06:07 | INFO    | binance_eth.trader | 当前价格: 2271.68 | 信号不足
2026-05-14 14:06:37 | WARNING | binance_eth.trader | 🔴 开空信号 | 价格: 2273.40 | 原因: RSI超买(>70) | 价格触及布林上轨
2026-05-14 14:06:37 | WARNING | binance_eth.trader |    建议仓位: 0.5865 ETH (约 1333.33 USDT)
2026-05-14 14:06:37 | WARNING | binance_eth.trader |    止损: 2307.50 (1.50%) | 止盈: 2159.73 (5.00%)
2026-05-14 14:06:38 | INFO    | binance_eth.email_notify | 交易信号邮件已发送: [ETHUSDT] 开空信号
2026-05-14 14:07:08 | INFO    | binance_eth.trader | 持仓中 [SHORT] | 入场: 2273.40 | 当前: 2273.19 | 盈亏: +0.18% (+1.85 USDT) | 爆仓价: 2375.70
2026-05-14 14:07:08 | INFO    | binance_eth.trader | 当前价格: 2273.19 | 持仓中，无平仓信号
2026-05-14 14:07:38 | INFO    | binance_eth.trader | 持仓中 [SHORT] | 入场: 2273.40 | 当前: 2273.63 | 盈亏: -0.20% (-2.02 USDT) | 爆仓价: 2375.70
2026-05-14 14:07:38 | INFO    | binance_eth.trader | 当前价格: 2273.63 | 持仓中，无平仓信号
2026-05-14 14:08:08 | INFO    | binance_eth.trader | 持仓中 [SHORT] | 入场: 2273.40 | 当前: 2272.61 | 盈亏: +0.69% (+6.95 USDT) | 爆仓价: 2375.70
2026-05-14 14:08:08 | INFO    | binance_eth.trader | 当前价格: 2272.61 | 持仓中，无平仓信号
2026-05-14 14:08:39 | INFO    | binance_eth.trader | 持仓中 [SHORT] | 入场: 2273.40 | 当前: 2271.37 | 盈亏: +1.79% (+17.86 USDT) | 爆仓价: 2375.70
2026-05-14 14:08:39 | INFO    | binance_eth.trader | 当前价格: 2271.37 | 持仓中，无平仓信号
2026-05-14 14:09:09 | INFO    | binance_eth.trader | 持仓中 [SHORT] | 入场: 2273.40 | 当前: 2269.87 | 盈亏: +3.11% (+31.05 USDT) | 爆仓价: 2375.70
2026-05-14 14:09:09 | INFO    | binance_eth.trader | 当前价格: 2269.87 | 持仓中，无平仓信号
2026-05-14 14:09:39 | INFO    | binance_eth.trader | 持仓中 [SHORT] | 入场: 2273.40 | 当前: 2270.43 | 盈亏: +2.61% (+26.13 USDT) | 爆仓价: 2375.70
2026-05-14 14:09:39 | INFO    | binance_eth.trader | 当前价格: 2270.43 | 持仓中，无平仓信号
2026-05-14 14:10:09 | INFO    | binance_eth.trader | 持仓中 [SHORT] | 入场: 2273.40 | 当前: 2270.06 | 盈亏: +2.94% (+29.38 USDT) | 爆仓价: 2375.70
2026-05-14 14:10:09 | INFO    | binance_eth.trader | 当前价格: 2270.06 | 持仓中，无平仓信号
2026-05-14 14:10:39 | INFO    | binance_eth.trader | 持仓中 [SHORT] | 入场: 2273.40 | 当前: 2271.68 | 盈亏: +1.51% (+15.13 USDT) | 爆仓价: 2375.70
2026-05-14 14:10:39 | INFO    | binance_eth.trader | 当前价格: 2271.68 | 持仓中，无平仓信号
2026-05-14 14:11:09 | INFO    | binance_eth.trader | 持仓中 [SHORT] | 入场: 2273.40 | 当前: 2273.19 | 盈亏: +0.18% (+1.85 USDT) | 爆仓价: 2375.70
2026-05-14 14:11:09 | INFO    | binance_eth.trader | 当前价格: 2273.19 | 持仓中，无平仓信号
2026-05-14 14:11:39 | INFO    | binance_eth.trader | 持仓中 [SHORT] | 入场: 2273.40 | 当前: 2273.34 | 盈亏: +0.05% (+0.53 USDT) | 爆仓价: 2375.70
2026-05-14 14:11:39 | INFO    | binance_eth.trader | 当前价格: 2273.34 | 持仓中，无平仓信号
2026-05-14 14:12:10 | INFO    | binance_eth.trader | 持仓中 [SHORT] | 入场: 2273.40 | 当前: 2273.27 | 盈亏: +0.11% (+1.14 USDT) | 爆仓价: 2375.70
2026-05-14 14:12:10 | INFO    | binance_eth.trader | 当前价格: 2273.27 | 持仓中，无平仓信号
2026-05-14 14:12:40 | INFO    | binance_eth.trader | 持仓中 [SHORT] | 入场: 2273.40 | 当前: 2272.72 | 盈亏: +0.60% (+5.98 USDT) | 爆仓价: 2375.70
2026-05-14 14:12:40 | INFO    | binance_eth.trader | 当前价格: 2272.72 | 持仓中，无平仓信号
2026-05-14 14:13:10 | INFO    | binance_eth.trader | 持仓中 [SHORT] | 入场: 2273.40 | 当前: 2273.59 | 盈亏: -0.17% (-1.67 USDT) | 爆仓价: 2375.70
2026-05-14 14:13:10 | INFO    | binance_eth.trader | 当前价格: 2273.59 | 持仓中，无平仓信号
2026-05-14 14:13:40 | INFO    | binance_eth.trader | 持仓中 [SHORT] | 入场: 2273.40 | 当前: 2273.13 | 盈亏: +0.24% (+2.38 USDT) | 爆仓价: 2375.70
2026-05-14 14:13:40 | INFO    | binance_eth.trader | 当前价格: 2273.13 | 持仓中，无平仓信号
2026-05-14 14:14:10 | INFO    | binance_eth.trader | 持仓中 [SHORT] | 入场: 2273.40 | 当前: 2273.30 | 盈亏: +0.09% (+0.88 USDT) | 爆仓价: 2375.70
2026-05-14 14:14:10 | INFO    | binance_eth.trader | 当前价格: 2273.30 | 持仓中，无平仓信号
2026-05-14 14:14:40 | INFO    | binance_eth.trader | 持仓中 [SHORT] | 入场: 2273.40 | 当前: 2273.70 | 盈亏: -0.26% (-2.64 USDT) | 爆仓价: 2375.70
2026-05-14 14:14:40 | INFO    | binance_eth.trader | 当前价格: 2273.70 | 持仓中，无平仓信号
2026-05-14 14:15:11 | INFO    | binance_eth.trader | 持仓中 [SHORT] | 入场: 2273.40 | 当前: 2274.29 | 盈亏: -0.78% (-7.83 USDT) | 爆仓价: 2375.70
2026-05-14 14:15:11 | INFO    | binance_eth.trader | 当前价格: 2274.29 | 持仓中，无平仓信号
2026-05-14 14:15:41 | INFO    | binance_eth.trader | 持仓中 [SHORT] | 入场: 2273.40 | 当前: 2273.51 | 盈亏: -0.10% (-0.97 USDT) | 爆仓价: 2375.70
2026-05-14 14:15:41 | INFO    | binance_eth.trader | 当前价格: 2273.51 | 持仓中，无平仓信号
2026-05-14 14:16:11 | INFO    | binance_eth.trader | 持仓中 [SHORT] | 入场: 2273.40 | 当前: 2271.52 | 盈亏: +1.65% (+16.54 USDT) | 爆仓价: 2375.70
2026-05-14 14:16:11 | INFO    | binance_eth.trader | 当前价格: 2271.52 | 持仓中，无平仓信号
2026-05-14 14:16:41 | INFO    | binance_eth.trader | 持仓中 [SHORT] | 入场: 2273.40 | 当前: 2271.87 | 盈亏: +1.35% (+13.46 USDT) | 爆仓价: 2375.70
2026-05-14 14:16:41 | INFO    | binance_eth.trader | 当前价格: 2271.87 | 持仓中，无平仓信号
2026-05-14 14:17:11 | INFO    | binance_eth.trader | 持仓中 [SHORT] | 入场: 2273.40 | 当前: 2273.36 | 盈亏: +0.04% (+0.35 USDT) | 爆仓价: 2375.70
2026-05-14 14:17:11 | INFO    | binance_eth.trader | 当前价格: 2273.36 | 持仓中，无平仓信号
2026-05-14 14:17:41 | INFO    | binance_eth.trader | 持仓中 [SHORT] | 入场: 2273.40 | 当前: 2273.26 | 盈亏: +0.12% (+1.23 USDT) | 爆仓价: 2375.70
2026-05-14 14:17:41 | INFO    | binance_eth.trader | 当前价格: 2273.26 | 持仓中，无平仓信号
2026-05-14 14:18:12 | INFO    | binance_eth.trader | 持仓中 [SHORT] | 入场: 2273.40 | 当前: 2272.80 | 盈亏: +0.53% (+5.28 USDT) | 爆仓价: 2375.70
2026-05-14 14:18:12 | INFO    | binance_eth.trader | 当前价格: 2272.80 | 持仓中，无平仓信号
2026-05-14 14:18:42 | INFO    | binance_eth.trader | 持仓中 [SHORT] | 入场: 2273.40 | 当前: 2272.64 | 盈亏: +0.67% (+6.69 USDT) | 爆仓价: 2375.70
2026-05-14 14:18:42 | INFO    | binance_eth.trader | 当前价格: 2272.64 | 持仓中，无平仓信号
2026-05-14 14:19:12 | INFO    | binance_eth.trader | 持仓中 [SHORT] | 入场: 2273.40 | 当前: 2272.53 | 盈亏: +0.77% (+7.65 USDT) | 爆仓价: 2375.70
2026-05-14 14:19:12 | INFO    | binance_eth.trader | 当前价格: 2272.53 | 持仓中，无平仓信号
2026-05-14 14:19:42 | INFO    | binance_eth.trader | 持仓中 [SHORT] | 入场: 2273.40 | 当前: 2272.79 | 盈亏: +0.54% (+5.37 USDT) | 爆仓价: 2375.70
2026-05-14 14:19:42 | INFO    | binance_eth.trader | 当前价格: 2272.79 | 持仓中，无平仓信号
2026-05-14 14:20:12 | INFO    | binance_eth.trader | 持仓中 [SHORT] | 入场: 2273.40 | 当前: 2272.75 | 盈亏: +0.57% (+5.72 USDT) | 爆仓价: 2375.70
2026-05-14 14:20:12 | INFO    | binance_eth.trader | 当前价格: 2272.75 | 持仓中，无平仓信号
2026-05-14 14:20:52 | WARNING | binance_eth.client | GET /api/v3/klines failed (attempt 1/3): HTTPSConnectionPool(host='api.binance.com', port=443): Read timed out. (read timeout=10) — retry in 1.5s
2026-05-14 14:20:54 | INFO    | binance_eth.trader | 持仓中 [SHORT] | 入场: 2273.40 | 当前: 2272.63 | 盈亏: +0.68% (+6.77 USDT) | 爆仓价: 2375.70
2026-05-14 14:20:54 | INFO    | binance_eth.trader | 当前价格: 2272.63 | 持仓中，无平仓信号
2026-05-14 14:21:25 | INFO    | binance_eth.trader | 持仓中 [SHORT] | 入场: 2273.40 | 当前: 2272.65 | 盈亏: +0.66% (+6.60 USDT) | 爆仓价: 2375.70
2026-05-14 14:21:25 | INFO    | binance_eth.trader | 当前价格: 2272.65 | 持仓中，无平仓信号
2026-05-14 14:21:55 | INFO    | binance_eth.trader | 持仓中 [SHORT] | 入场: 2273.40 | 当前: 2272.49 | 盈亏: +0.80% (+8.01 USDT) | 爆仓价: 2375.70
2026-05-14 14:21:55 | INFO    | binance_eth.trader | 当前价格: 2272.49 | 持仓中，无平仓信号
2026-05-14 14:22:25 | INFO    | binance_eth.trader | 持仓中 [SHORT] | 入场: 2273.40 | 当前: 2272.98 | 盈亏: +0.37% (+3.69 USDT) | 爆仓价: 2375.70
2026-05-14 14:22:25 | INFO    | binance_eth.trader | 当前价格: 2272.98 | 持仓中，无平仓信号
2026-05-14 14:22:55 | INFO    | binance_eth.trader | 持仓中 [SHORT] | 入场: 2273.40 | 当前: 2273.19 | 盈亏: +0.18% (+1.85 USDT) | 爆仓价: 2375.70
2026-05-14 14:22:55 | INFO    | binance_eth.trader | 当前价格: 2273.19 | 持仓中，无平仓信号
2026-05-14 14:23:25 | INFO    | binance_eth.trader | 持仓中 [SHORT] | 入场: 2273.40 | 当前: 2273.08 | 盈亏: +0.28% (+2.82 USDT) | 爆仓价: 2375.70
2026-05-14 14:23:25 | INFO    | binance_eth.trader | 当前价格: 2273.08 | 持仓中，无平仓信号
2026-05-14 14:23:56 | INFO    | binance_eth.trader | 持仓中 [SHORT] | 入场: 2273.40 | 当前: 2273.19 | 盈亏: +0.18% (+1.85 USDT) | 爆仓价: 2375.70
2026-05-14 14:23:56 | INFO    | binance_eth.trader | 当前价格: 2273.19 | 持仓中，无平仓信号
2026-05-14 14:24:26 | INFO    | binance_eth.trader | 持仓中 [SHORT] | 入场: 2273.40 | 当前: 2273.08 | 盈亏: +0.28% (+2.82 USDT) | 爆仓价: 2375.70
2026-05-14 14:24:26 | INFO    | binance_eth.trader | 当前价格: 2273.08 | 持仓中，无平仓信号
2026-05-14 14:24:56 | INFO    | binance_eth.trader | 持仓中 [SHORT] | 入场: 2273.40 | 当前: 2272.56 | 盈亏: +0.74% (+7.39 USDT) | 爆仓价: 2375.70
2026-05-14 14:24:56 | INFO    | binance_eth.trader | 当前价格: 2272.56 | 持仓中，无平仓信号
2026-05-14 14:25:26 | INFO    | binance_eth.trader | 持仓中 [SHORT] | 入场: 2273.40 | 当前: 2272.66 | 盈亏: +0.65% (+6.51 USDT) | 爆仓价: 2375.70
2026-05-14 14:25:26 | INFO    | binance_eth.trader | 当前价格: 2272.66 | 持仓中，无平仓信号
2026-05-14 14:25:56 | INFO    | binance_eth.trader | 持仓中 [SHORT] | 入场: 2273.40 | 当前: 2272.25 | 盈亏: +1.01% (+10.12 USDT) | 爆仓价: 2375.70
2026-05-14 14:25:56 | INFO    | binance_eth.trader | 当前价格: 2272.25 | 持仓中，无平仓信号
2026-05-14 14:26:27 | INFO    | binance_eth.trader | 持仓中 [SHORT] | 入场: 2273.40 | 当前: 2271.54 | 盈亏: +1.64% (+16.36 USDT) | 爆仓价: 2375.70
2026-05-14 14:26:27 | INFO    | binance_eth.trader | 当前价格: 2271.54 | 持仓中，无平仓信号
2026-05-14 14:26:57 | INFO    | binance_eth.trader | 持仓中 [SHORT] | 入场: 2273.40 | 当前: 2271.09 | 盈亏: +2.03% (+20.32 USDT) | 爆仓价: 2375.70
2026-05-14 14:26:57 | INFO    | binance_eth.trader | 当前价格: 2271.09 | 持仓中，无平仓信号
2026-05-14 14:27:27 | INFO    | binance_eth.trader | 持仓中 [SHORT] | 入场: 2273.40 | 当前: 2270.73 | 盈亏: +2.35% (+23.49 USDT) | 爆仓价: 2375.70
2026-05-14 14:27:27 | INFO    | binance_eth.trader | 当前价格: 2270.73 | 持仓中，无平仓信号
2026-05-14 14:27:57 | INFO    | binance_eth.trader | 持仓中 [SHORT] | 入场: 2273.40 | 当前: 2270.55 | 盈亏: +2.51% (+25.07 USDT) | 爆仓价: 2375.70
2026-05-14 14:27:57 | INFO    | binance_eth.trader | 当前价格: 2270.55 | 持仓中，无平仓信号
2026-05-14 14:28:27 | INFO    | binance_eth.trader | 持仓中 [SHORT] | 入场: 2273.40 | 当前: 2270.99 | 盈亏: +2.12% (+21.20 USDT) | 爆仓价: 2375.70
2026-05-14 14:28:27 | INFO    | binance_eth.trader | 当前价格: 2270.99 | 持仓中，无平仓信号
2026-05-14 14:28:57 | INFO    | binance_eth.trader | 持仓中 [SHORT] | 入场: 2273.40 | 当前: 2271.23 | 盈亏: +1.91% (+19.09 USDT) | 爆仓价: 2375.70
2026-05-14 14:28:57 | INFO    | binance_eth.trader | 当前价格: 2271.23 | 持仓中，无平仓信号
2026-05-14 14:29:28 | INFO    | binance_eth.trader | 持仓中 [SHORT] | 入场: 2273.40 | 当前: 2271.22 | 盈亏: +1.92% (+19.18 USDT) | 爆仓价: 2375.70
2026-05-14 14:29:28 | INFO    | binance_eth.trader | 当前价格: 2271.22 | 持仓中，无平仓信号
2026-05-14 14:29:58 | INFO    | binance_eth.trader | 持仓中 [SHORT] | 入场: 2273.40 | 当前: 2270.01 | 盈亏: +2.98% (+29.82 USDT) | 爆仓价: 2375.70
2026-05-14 14:29:58 | INFO    | binance_eth.trader | 当前价格: 2270.01 | 持仓中，无平仓信号
2026-05-14 14:30:28 | INFO    | binance_eth.trader | 持仓中 [SHORT] | 入场: 2273.40 | 当前: 2270.25 | 盈亏: +2.77% (+27.71 USDT) | 爆仓价: 2375.70
2026-05-14 14:30:28 | INFO    | binance_eth.trader | 当前价格: 2270.25 | 持仓中，无平仓信号
2026-05-14 14:30:58 | INFO    | binance_eth.trader | 持仓中 [SHORT] | 入场: 2273.40 | 当前: 2270.89 | 盈亏: +2.21% (+22.08 USDT) | 爆仓价: 2375.70
2026-05-14 14:30:58 | INFO    | binance_eth.trader | 当前价格: 2270.89 | 持仓中，无平仓信号
2026-05-14 14:31:29 | INFO    | binance_eth.trader | 持仓中 [SHORT] | 入场: 2273.40 | 当前: 2270.14 | 盈亏: +2.87% (+28.68 USDT) | 爆仓价: 2375.70
2026-05-14 14:31:29 | INFO    | binance_eth.trader | 当前价格: 2270.14 | 持仓中，无平仓信号
2026-05-14 14:31:59 | INFO    | binance_eth.trader | 持仓中 [SHORT] | 入场: 2273.40 | 当前: 2270.00 | 盈亏: +2.99% (+29.91 USDT) | 爆仓价: 2375.70
2026-05-14 14:31:59 | INFO    | binance_eth.trader | 当前价格: 2270.00 | 持仓中，无平仓信号
2026-05-14 14:32:29 | INFO    | binance_eth.trader | 持仓中 [SHORT] | 入场: 2273.40 | 当前: 2269.74 | 盈亏: +3.22% (+32.20 USDT) | 爆仓价: 2375.70
2026-05-14 14:32:29 | INFO    | binance_eth.trader | 当前价格: 2269.74 | 持仓中，无平仓信号
2026-05-14 14:32:59 | INFO    | binance_eth.trader | 持仓中 [SHORT] | 入场: 2273.40 | 当前: 2268.27 | 盈亏: +4.51% (+45.13 USDT) | 爆仓价: 2375.70
2026-05-14 14:32:59 | INFO    | binance_eth.trader | 当前价格: 2268.27 | 持仓中，无平仓信号
2026-05-14 14:33:29 | INFO    | binance_eth.trader | 持仓中 [SHORT] | 入场: 2273.40 | 当前: 2267.00 | 盈亏: +5.63% (+56.30 USDT) | 爆仓价: 2375.70
2026-05-14 14:33:29 | INFO    | binance_eth.trader | 当前价格: 2267.00 | 持仓中，无平仓信号
2026-05-14 14:34:00 | INFO    | binance_eth.trader | 持仓中 [SHORT] | 入场: 2273.40 | 当前: 2267.40 | 盈亏: +5.28% (+52.78 USDT) | 爆仓价: 2375.70
2026-05-14 14:34:00 | INFO    | binance_eth.trader | 当前价格: 2267.40 | 持仓中，无平仓信号
2026-05-14 14:34:30 | INFO    | binance_eth.trader | 持仓中 [SHORT] | 入场: 2273.40 | 当前: 2266.94 | 盈亏: +5.68% (+56.83 USDT) | 爆仓价: 2375.70
2026-05-14 14:34:30 | INFO    | binance_eth.trader | 当前价格: 2266.94 | 持仓中，无平仓信号
2026-05-14 14:35:00 | INFO    | binance_eth.trader | 持仓中 [SHORT] | 入场: 2273.40 | 当前: 2267.35 | 盈亏: +5.32% (+53.22 USDT) | 爆仓价: 2375.70
2026-05-14 14:35:00 | INFO    | binance_eth.trader | 当前价格: 2267.35 | 持仓中，无平仓信号
2026-05-14 14:35:30 | INFO    | binance_eth.trader | 持仓中 [SHORT] | 入场: 2273.40 | 当前: 2267.97 | 盈亏: +4.78% (+47.77 USDT) | 爆仓价: 2375.70
2026-05-14 14:35:30 | INFO    | binance_eth.trader | 当前价格: 2267.97 | 持仓中，无平仓信号
2026-05-14 14:36:01 | INFO    | binance_eth.trader | 持仓中 [SHORT] | 入场: 2273.40 | 当前: 2267.71 | 盈亏: +5.01% (+50.06 USDT) | 爆仓价: 2375.70
2026-05-14 14:36:01 | INFO    | binance_eth.trader | 当前价格: 2267.71 | 持仓中，无平仓信号
2026-05-14 14:36:31 | INFO    | binance_eth.trader | 持仓中 [SHORT] | 入场: 2273.40 | 当前: 2268.34 | 盈亏: +4.45% (+44.51 USDT) | 爆仓价: 2375.70
2026-05-14 14:36:31 | INFO    | binance_eth.trader | 当前价格: 2268.34 | 持仓中，无平仓信号
2026-05-14 14:37:01 | INFO    | binance_eth.trader | 持仓中 [SHORT] | 入场: 2273.40 | 当前: 2268.79 | 盈亏: +4.06% (+40.56 USDT) | 爆仓价: 2375.70
2026-05-14 14:37:01 | INFO    | binance_eth.trader | 当前价格: 2268.79 | 持仓中，无平仓信号
2026-05-14 14:37:31 | INFO    | binance_eth.trader | 持仓中 [SHORT] | 入场: 2273.40 | 当前: 2267.89 | 盈亏: +4.85% (+48.47 USDT) | 爆仓价: 2375.70
2026-05-14 14:37:31 | INFO    | binance_eth.trader | 当前价格: 2267.89 | 持仓中，无平仓信号
2026-05-14 14:38:01 | INFO    | binance_eth.trader | 持仓中 [SHORT] | 入场: 2273.40 | 当前: 2268.74 | 盈亏: +4.10% (+41.00 USDT) | 爆仓价: 2375.70
2026-05-14 14:38:01 | INFO    | binance_eth.trader | 当前价格: 2268.74 | 持仓中，无平仓信号
2026-05-14 14:38:31 | INFO    | binance_eth.trader | 持仓中 [SHORT] | 入场: 2273.40 | 当前: 2268.64 | 盈亏: +4.19% (+41.88 USDT) | 爆仓价: 2375.70
2026-05-14 14:38:31 | INFO    | binance_eth.trader | 当前价格: 2268.64 | 持仓中，无平仓信号
2026-05-14 14:39:02 | INFO    | binance_eth.trader | 持仓中 [SHORT] | 入场: 2273.40 | 当前: 2268.92 | 盈亏: +3.94% (+39.41 USDT) | 爆仓价: 2375.70
2026-05-14 14:39:02 | INFO    | binance_eth.trader | 当前价格: 2268.92 | 持仓中，无平仓信号
2026-05-14 14:39:32 | INFO    | binance_eth.trader | 持仓中 [SHORT] | 入场: 2273.40 | 当前: 2268.55 | 盈亏: +4.27% (+42.67 USDT) | 爆仓价: 2375.70
2026-05-14 14:39:32 | INFO    | binance_eth.trader | 当前价格: 2268.55 | 持仓中，无平仓信号
2026-05-14 14:40:02 | INFO    | binance_eth.trader | 持仓中 [SHORT] | 入场: 2273.40 | 当前: 2268.91 | 盈亏: +3.95% (+39.50 USDT) | 爆仓价: 2375.70
2026-05-14 14:40:02 | INFO    | binance_eth.trader | 当前价格: 2268.91 | 持仓中，无平仓信号
2026-05-14 14:40:32 | INFO    | binance_eth.trader | 持仓中 [SHORT] | 入场: 2273.40 | 当前: 2269.78 | 盈亏: +3.18% (+31.85 USDT) | 爆仓价: 2375.70
2026-05-14 14:40:32 | INFO    | binance_eth.trader | 当前价格: 2269.78 | 持仓中，无平仓信号
2026-05-14 14:41:02 | INFO    | binance_eth.trader | 持仓中 [SHORT] | 入场: 2273.40 | 当前: 2270.59 | 盈亏: +2.47% (+24.72 USDT) | 爆仓价: 2375.70
2026-05-14 14:41:02 | INFO    | binance_eth.trader | 当前价格: 2270.59 | 持仓中，无平仓信号
2026-05-14 14:41:33 | INFO    | binance_eth.trader | 持仓中 [SHORT] | 入场: 2273.40 | 当前: 2269.89 | 盈亏: +3.09% (+30.88 USDT) | 爆仓价: 2375.70
2026-05-14 14:41:33 | INFO    | binance_eth.trader | 当前价格: 2269.89 | 持仓中，无平仓信号
2026-05-14 14:42:03 | INFO    | binance_eth.trader | 持仓中 [SHORT] | 入场: 2273.40 | 当前: 2269.79 | 盈亏: +3.18% (+31.76 USDT) | 爆仓价: 2375.70
2026-05-14 14:42:03 | INFO    | binance_eth.trader | 当前价格: 2269.79 | 持仓中，无平仓信号
2026-05-14 14:42:33 | INFO    | binance_eth.trader | 持仓中 [SHORT] | 入场: 2273.40 | 当前: 2269.21 | 盈亏: +3.69% (+36.86 USDT) | 爆仓价: 2375.70
2026-05-14 14:42:33 | INFO    | binance_eth.trader | 当前价格: 2269.21 | 持仓中，无平仓信号
2026-05-14 14:43:03 | INFO    | binance_eth.trader | 持仓中 [SHORT] | 入场: 2273.40 | 当前: 2269.53 | 盈亏: +3.40% (+34.05 USDT) | 爆仓价: 2375.70
2026-05-14 14:43:03 | INFO    | binance_eth.trader | 当前价格: 2269.53 | 持仓中，无平仓信号
2026-05-14 14:43:33 | INFO    | binance_eth.trader | 持仓中 [SHORT] | 入场: 2273.40 | 当前: 2269.27 | 盈亏: +3.63% (+36.33 USDT) | 爆仓价: 2375.70
2026-05-14 14:43:33 | INFO    | binance_eth.trader | 当前价格: 2269.27 | 持仓中，无平仓信号
2026-05-14 14:44:04 | INFO    | binance_eth.trader | 持仓中 [SHORT] | 入场: 2273.40 | 当前: 2269.02 | 盈亏: +3.85% (+38.53 USDT) | 爆仓价: 2375.70
2026-05-14 14:44:04 | INFO    | binance_eth.trader | 当前价格: 2269.02 | 持仓中，无平仓信号
2026-05-14 14:44:34 | INFO    | binance_eth.trader | 持仓中 [SHORT] | 入场: 2273.40 | 当前: 2268.82 | 盈亏: +4.03% (+40.29 USDT) | 爆仓价: 2375.70
2026-05-14 14:44:34 | INFO    | binance_eth.trader | 当前价格: 2268.82 | 持仓中，无平仓信号
2026-05-14 14:45:04 | INFO    | binance_eth.trader | 持仓中 [SHORT] | 入场: 2273.40 | 当前: 2269.37 | 盈亏: +3.55% (+35.45 USDT) | 爆仓价: 2375.70
2026-05-14 14:45:04 | INFO    | binance_eth.trader | 当前价格: 2269.37 | 持仓中，无平仓信号
2026-05-14 14:45:34 | INFO    | binance_eth.trader | 持仓中 [SHORT] | 入场: 2273.40 | 当前: 2269.36 | 盈亏: +3.55% (+35.54 USDT) | 爆仓价: 2375.70
2026-05-14 14:45:34 | INFO    | binance_eth.trader | 当前价格: 2269.36 | 持仓中，无平仓信号
2026-05-14 14:46:04 | INFO    | binance_eth.trader | 持仓中 [SHORT] | 入场: 2273.40 | 当前: 2269.50 | 盈亏: +3.43% (+34.31 USDT) | 爆仓价: 2375.70
2026-05-14 14:46:04 | INFO    | binance_eth.trader | 当前价格: 2269.50 | 持仓中，无平仓信号
2026-05-14 14:46:35 | INFO    | binance_eth.trader | 持仓中 [SHORT] | 入场: 2273.40 | 当前: 2269.50 | 盈亏: +3.43% (+34.31 USDT) | 爆仓价: 2375.70
2026-05-14 14:46:35 | INFO    | binance_eth.trader | 当前价格: 2269.50 | 持仓中，无平仓信号
2026-05-14 14:47:05 | INFO    | binance_eth.trader | 持仓中 [SHORT] | 入场: 2273.40 | 当前: 2269.51 | 盈亏: +3.42% (+34.22 USDT) | 爆仓价: 2375.70
2026-05-14 14:47:05 | INFO    | binance_eth.trader | 当前价格: 2269.51 | 持仓中，无平仓信号
2026-05-14 14:47:35 | INFO    | binance_eth.trader | 持仓中 [SHORT] | 入场: 2273.40 | 当前: 2268.59 | 盈亏: +4.23% (+42.32 USDT) | 爆仓价: 2375.70
2026-05-14 14:47:35 | INFO    | binance_eth.trader | 当前价格: 2268.59 | 持仓中，无平仓信号
2026-05-14 14:48:05 | INFO    | binance_eth.trader | 持仓中 [SHORT] | 入场: 2273.40 | 当前: 2267.89 | 盈亏: +4.85% (+48.47 USDT) | 爆仓价: 2375.70
2026-05-14 14:48:05 | INFO    | binance_eth.trader | 当前价格: 2267.89 | 持仓中，无平仓信号
2026-05-14 14:48:35 | INFO    | binance_eth.trader | 持仓中 [SHORT] | 入场: 2273.40 | 当前: 2268.12 | 盈亏: +4.65% (+46.45 USDT) | 爆仓价: 2375.70
2026-05-14 14:48:35 | INFO    | binance_eth.trader | 当前价格: 2268.12 | 持仓中，无平仓信号
2026-05-14 14:49:05 | INFO    | binance_eth.trader | 持仓中 [SHORT] | 入场: 2273.40 | 当前: 2268.59 | 盈亏: +4.23% (+42.32 USDT) | 爆仓价: 2375.70
2026-05-14 14:49:05 | INFO    | binance_eth.trader | 当前价格: 2268.59 | 持仓中，无平仓信号
2026-05-14 14:49:36 | INFO    | binance_eth.trader | 持仓中 [SHORT] | 入场: 2273.40 | 当前: 2269.13 | 盈亏: +3.76% (+37.56 USDT) | 爆仓价: 2375.70
2026-05-14 14:49:36 | INFO    | binance_eth.trader | 当前价格: 2269.13 | 持仓中，无平仓信号
2026-05-14 14:50:06 | INFO    | binance_eth.trader | 持仓中 [SHORT] | 入场: 2273.40 | 当前: 2268.62 | 盈亏: +4.21% (+42.05 USDT) | 爆仓价: 2375.70
2026-05-14 14:50:06 | INFO    | binance_eth.trader | 当前价格: 2268.62 | 持仓中，无平仓信号
2026-05-14 14:50:36 | INFO    | binance_eth.trader | 持仓中 [SHORT] | 入场: 2273.40 | 当前: 2268.99 | 盈亏: +3.88% (+38.80 USDT) | 爆仓价: 2375.70
2026-05-14 14:50:36 | INFO    | binance_eth.trader | 当前价格: 2268.99 | 持仓中，无平仓信号
2026-05-14 14:51:06 | INFO    | binance_eth.trader | 持仓中 [SHORT] | 入场: 2273.40 | 当前: 2268.75 | 盈亏: +4.09% (+40.91 USDT) | 爆仓价: 2375.70
2026-05-14 14:51:06 | INFO    | binance_eth.trader | 当前价格: 2268.75 | 持仓中，无平仓信号
2026-05-14 14:51:36 | INFO    | binance_eth.trader | 持仓中 [SHORT] | 入场: 2273.40 | 当前: 2269.40 | 盈亏: +3.52% (+35.19 USDT) | 爆仓价: 2375.70
2026-05-14 14:51:36 | INFO    | binance_eth.trader | 当前价格: 2269.40 | 持仓中，无平仓信号
2026-05-14 14:52:07 | INFO    | binance_eth.trader | 持仓中 [SHORT] | 入场: 2273.40 | 当前: 2268.78 | 盈亏: +4.06% (+40.64 USDT) | 爆仓价: 2375.70
2026-05-14 14:52:07 | INFO    | binance_eth.trader | 当前价格: 2268.78 | 持仓中，无平仓信号
2026-05-14 14:52:37 | INFO    | binance_eth.trader | 持仓中 [SHORT] | 入场: 2273.40 | 当前: 2268.86 | 盈亏: +3.99% (+39.94 USDT) | 爆仓价: 2375.70
2026-05-14 14:52:37 | INFO    | binance_eth.trader | 当前价格: 2268.86 | 持仓中，无平仓信号
2026-05-14 14:53:08 | INFO    | binance_eth.trader | 持仓中 [SHORT] | 入场: 2273.40 | 当前: 2268.78 | 盈亏: +4.06% (+40.64 USDT) | 爆仓价: 2375.70
2026-05-14 14:53:08 | INFO    | binance_eth.trader | 当前价格: 2268.78 | 持仓中，无平仓信号
2026-05-14 14:53:38 | INFO    | binance_eth.trader | 持仓中 [SHORT] | 入场: 2273.40 | 当前: 2268.71 | 盈亏: +4.13% (+41.26 USDT) | 爆仓价: 2375.70
2026-05-14 14:53:38 | INFO    | binance_eth.trader | 当前价格: 2268.71 | 持仓中，无平仓信号
2026-05-14 14:54:09 | INFO    | binance_eth.trader | 持仓中 [SHORT] | 入场: 2273.40 | 当前: 2268.71 | 盈亏: +4.13% (+41.26 USDT) | 爆仓价: 2375.70
2026-05-14 14:54:09 | INFO    | binance_eth.trader | 当前价格: 2268.71 | 持仓中，无平仓信号
2026-05-14 14:54:39 | INFO    | binance_eth.trader | 持仓中 [SHORT] | 入场: 2273.40 | 当前: 2268.95 | 盈亏: +3.91% (+39.15 USDT) | 爆仓价: 2375.70
2026-05-14 14:54:39 | INFO    | binance_eth.trader | 当前价格: 2268.95 | 持仓中，无平仓信号
2026-05-14 14:55:09 | INFO    | binance_eth.trader | 持仓中 [SHORT] | 入场: 2273.40 | 当前: 2268.71 | 盈亏: +4.13% (+41.26 USDT) | 爆仓价: 2375.70
2026-05-14 14:55:09 | INFO    | binance_eth.trader | 当前价格: 2268.71 | 持仓中，无平仓信号
2026-05-14 14:55:40 | INFO    | binance_eth.trader | 持仓中 [SHORT] | 入场: 2273.40 | 当前: 2268.43 | 盈亏: +4.37% (+43.72 USDT) | 爆仓价: 2375.70
2026-05-14 14:55:40 | INFO    | binance_eth.trader | 当前价格: 2268.43 | 持仓中，无平仓信号
2026-05-14 14:56:10 | INFO    | binance_eth.trader | 持仓中 [SHORT] | 入场: 2273.40 | 当前: 2268.26 | 盈亏: +4.52% (+45.22 USDT) | 爆仓价: 2375.70
2026-05-14 14:56:10 | INFO    | binance_eth.trader | 当前价格: 2268.26 | 持仓中，无平仓信号
2026-05-14 14:56:40 | INFO    | binance_eth.trader | 持仓中 [SHORT] | 入场: 2273.40 | 当前: 2268.26 | 盈亏: +4.52% (+45.22 USDT) | 爆仓价: 2375.70
2026-05-14 14:56:40 | INFO    | binance_eth.trader | 当前价格: 2268.26 | 持仓中，无平仓信号
2026-05-14 14:57:10 | INFO    | binance_eth.trader | 持仓中 [SHORT] | 入场: 2273.40 | 当前: 2268.26 | 盈亏: +4.52% (+45.22 USDT) | 爆仓价: 2375.70
2026-05-14 14:57:10 | INFO    | binance_eth.trader | 当前价格: 2268.26 | 持仓中，无平仓信号
2026-05-14 14:57:41 | INFO    | binance_eth.trader | 持仓中 [SHORT] | 入场: 2273.40 | 当前: 2268.26 | 盈亏: +4.52% (+45.22 USDT) | 爆仓价: 2375.70
2026-05-14 14:57:41 | INFO    | binance_eth.trader | 当前价格: 2268.26 | 持仓中，无平仓信号
2026-05-14 14:58:11 | INFO    | binance_eth.trader | 持仓中 [SHORT] | 入场: 2273.40 | 当前: 2267.97 | 盈亏: +4.78% (+47.77 USDT) | 爆仓价: 2375.70
2026-05-14 14:58:11 | INFO    | binance_eth.trader | 当前价格: 2267.97 | 持仓中，无平仓信号
2026-05-14 14:58:41 | INFO    | binance_eth.trader | 持仓中 [SHORT] | 入场: 2273.40 | 当前: 2268.25 | 盈亏: +4.53% (+45.31 USDT) | 爆仓价: 2375.70
2026-05-14 14:58:41 | INFO    | binance_eth.trader | 当前价格: 2268.25 | 持仓中，无平仓信号
2026-05-14 14:59:11 | INFO    | binance_eth.trader | 持仓中 [SHORT] | 入场: 2273.40 | 当前: 2268.37 | 盈亏: +4.43% (+44.25 USDT) | 爆仓价: 2375.70
2026-05-14 14:59:11 | INFO    | binance_eth.trader | 当前价格: 2268.37 | 持仓中，无平仓信号
2026-05-14 14:59:41 | INFO    | binance_eth.trader | 持仓中 [SHORT] | 入场: 2273.40 | 当前: 2267.97 | 盈亏: +4.78% (+47.77 USDT) | 爆仓价: 2375.70
2026-05-14 14:59:41 | INFO    | binance_eth.trader | 当前价格: 2267.97 | 持仓中，无平仓信号
2026-05-14 15:00:12 | INFO    | binance_eth.trader | 持仓中 [SHORT] | 入场: 2273.40 | 当前: 2267.91 | 盈亏: +4.83% (+48.30 USDT) | 爆仓价: 2375.70
2026-05-14 15:00:12 | INFO    | binance_eth.trader | 当前价格: 2267.91 | 持仓中，无平仓信号
2026-05-14 15:00:42 | INFO    | binance_eth.trader | 持仓中 [SHORT] | 入场: 2273.40 | 当前: 2268.52 | 盈亏: +4.29% (+42.93 USDT) | 爆仓价: 2375.70
2026-05-14 15:00:42 | INFO    | binance_eth.trader | 当前价格: 2268.52 | 持仓中，无平仓信号
2026-05-14 15:01:12 | INFO    | binance_eth.trader | 持仓中 [SHORT] | 入场: 2273.40 | 当前: 2269.54 | 盈亏: +3.40% (+33.96 USDT) | 爆仓价: 2375.70
2026-05-14 15:01:12 | INFO    | binance_eth.trader | 当前价格: 2269.54 | 持仓中，无平仓信号
2026-05-14 15:01:42 | INFO    | binance_eth.trader | 持仓中 [SHORT] | 入场: 2273.40 | 当前: 2269.68 | 盈亏: +3.27% (+32.73 USDT) | 爆仓价: 2375.70
2026-05-14 15:01:42 | INFO    | binance_eth.trader | 当前价格: 2269.68 | 持仓中，无平仓信号
2026-05-14 15:02:13 | INFO    | binance_eth.trader | 持仓中 [SHORT] | 入场: 2273.40 | 当前: 2269.40 | 盈亏: +3.52% (+35.19 USDT) | 爆仓价: 2375.70
2026-05-14 15:02:13 | INFO    | binance_eth.trader | 当前价格: 2269.40 | 持仓中，无平仓信号
2026-05-14 15:02:43 | INFO    | binance_eth.trader | 持仓中 [SHORT] | 入场: 2273.40 | 当前: 2268.93 | 盈亏: +3.93% (+39.32 USDT) | 爆仓价: 2375.70
2026-05-14 15:02:43 | INFO    | binance_eth.trader | 当前价格: 2268.93 | 持仓中，无平仓信号
2026-05-14 15:03:13 | INFO    | binance_eth.trader | 持仓中 [SHORT] | 入场: 2273.40 | 当前: 2267.73 | 盈亏: +4.99% (+49.88 USDT) | 爆仓价: 2375.70
2026-05-14 15:03:13 | INFO    | binance_eth.trader | 当前价格: 2267.73 | 持仓中，无平仓信号
2026-05-14 15:03:43 | INFO    | binance_eth.trader | 持仓中 [SHORT] | 入场: 2273.40 | 当前: 2266.74 | 盈亏: +5.86% (+58.59 USDT) | 爆仓价: 2375.70
2026-05-14 15:03:43 | INFO    | binance_eth.trader | 当前价格: 2266.74 | 持仓中，无平仓信号
2026-05-14 15:04:13 | INFO    | binance_eth.trader | 持仓中 [SHORT] | 入场: 2273.40 | 当前: 2265.82 | 盈亏: +6.67% (+66.68 USDT) | 爆仓价: 2375.70
2026-05-14 15:04:13 | INFO    | binance_eth.trader | 当前价格: 2265.82 | 持仓中，无平仓信号
2026-05-14 15:04:44 | INFO    | binance_eth.trader | 持仓中 [SHORT] | 入场: 2273.40 | 当前: 2264.92 | 盈亏: +7.46% (+74.60 USDT) | 爆仓价: 2375.70
2026-05-14 15:04:44 | INFO    | binance_eth.trader | 当前价格: 2264.92 | 持仓中，无平仓信号
2026-05-14 15:05:14 | INFO    | binance_eth.trader | 持仓中 [SHORT] | 入场: 2273.40 | 当前: 2266.04 | 盈亏: +6.47% (+64.75 USDT) | 爆仓价: 2375.70
2026-05-14 15:05:14 | INFO    | binance_eth.trader | 当前价格: 2266.04 | 持仓中，无平仓信号
2026-05-14 15:05:27 | INFO    | binance_eth.trader | ================================================================================
2026-05-14 15:05:27 | INFO    | binance_eth.trader | 交易策略回测报告
2026-05-14 15:05:27 | INFO    | binance_eth.trader | ================================================================================
2026-05-14 15:05:27 | INFO    | binance_eth.trader | 交易对: ETHUSDT | K线周期: 1h | 数据量: 500
2026-05-14 15:05:27 | INFO    | binance_eth.trader | 时间范围: 2026-04-23 07:00:00 至 2026-05-14 02:00:00
2026-05-14 15:05:27 | INFO    | binance_eth.trader | 初始资金: 1000.00 USDT | 杠杆: 20x
2026-05-14 15:05:27 | INFO    | binance_eth.trader | 止损: 1.5% | 止盈: 3.0% | 单笔风险: 2.0%
2026-05-14 15:05:27 | INFO    | binance_eth.trader | ================================================================================
2026-05-14 15:05:27 | INFO    | binance_eth.trader | [2026-04-25 15:00:00] 🟢 开多 | 价格: 2308.09 | 仓位: 0.5777 | 止损: 2273.47 | 止盈: 2377.33 | 原因: RSI超卖(<30) | MACD死叉 | 价格触及布林下轨
2026-05-14 15:05:27 | INFO    | binance_eth.trader | [2026-04-26 05:00:00] ⬆️  平多 | 价格: 2327.84 | 盈亏: +17.11% (+171.14 USDT) | 原因: RSI超买，建议止盈
2026-05-14 15:05:27 | INFO    | binance_eth.trader | [2026-04-26 06:00:00] 🔴 开空 | 价格: 2329.99 | 仓位: 0.5722 | 止损: 2364.94 | 止盈: 2260.09 | 原因: RSI超买(>70) | 价格触及布林上轨
2026-05-14 15:05:27 | INFO    | binance_eth.trader | [2026-04-26 19:00:00] ⬇️  平空 | 价格: 2367.40 | 盈亏: -32.11% (-321.12 USDT) | 原因: 触发止损 (入场:2329.99 止损:2364.94)
2026-05-14 15:05:27 | INFO    | binance_eth.trader | [2026-04-27 00:00:00] 🔴 开空 | 价格: 2390.76 | 仓位: 0.5577 | 止损: 2426.62 | 止盈: 2319.04 | 原因: RSI超买(>70) | 价格触及布林上轨
2026-05-14 15:05:27 | INFO    | binance_eth.trader | [2026-04-27 05:00:00] ⬇️  平空 | 价格: 2323.18 | 盈亏: +56.53% (+565.34 USDT) | 原因: RSI超卖，建议止盈
2026-05-14 15:05:27 | INFO    | binance_eth.trader | [2026-04-29 03:00:00] 🔴 开空 | 价格: 2311.52 | 仓位: 0.5768 | 止损: 2346.19 | 止盈: 2242.17 | 原因: RSI超买(>70) | 价格触及布林上轨
2026-05-14 15:05:27 | INFO    | binance_eth.trader | [2026-04-29 15:00:00] ⬇️  平空 | 价格: 2272.51 | 盈亏: +33.75% (+337.53 USDT) | 原因: RSI超卖，建议止盈
2026-05-14 15:05:27 | INFO    | binance_eth.trader | [2026-04-29 18:00:00] 🟢 开多 | 价格: 2239.41 | 仓位: 0.5954 | 止损: 2205.82 | 止盈: 2306.59 | 原因: RSI超卖(<30) | 价格触及布林下轨
2026-05-14 15:05:27 | INFO    | binance_eth.trader | [2026-05-01 03:00:00] ⬆️  平多 | 价格: 2282.87 | 盈亏: +38.81% (+388.14 USDT) | 原因: RSI超买，建议止盈
2026-05-14 15:05:27 | INFO    | binance_eth.trader | [2026-05-01 04:00:00] 🔴 开空 | 价格: 2280.12 | 仓位: 0.5848 | 止损: 2314.32 | 止盈: 2211.72 | 原因: RSI超买(>70) | 价格触及布林上轨
2026-05-14 15:05:27 | INFO    | binance_eth.trader | [2026-05-01 13:00:00] ⬇️  平空 | 价格: 2318.22 | 盈亏: -33.42% (-334.19 USDT) | 原因: 触发止损 (入场:2280.12 止损:2314.32)
2026-05-14 15:05:27 | INFO    | binance_eth.trader | [2026-05-02 21:00:00] 🟢 开多 | 价格: 2325.62 | 仓位: 0.5733 | 止损: 2290.74 | 止盈: 2395.39 | 原因: RSI超买(>70) | MACD金叉 | 价格触及布林上轨
2026-05-14 15:05:27 | INFO    | binance_eth.trader | [2026-05-02 22:00:00] ⬆️  平多 | 价格: 2327.00 | 盈亏: +1.19% (+11.87 USDT) | 原因: RSI超买，建议止盈
2026-05-14 15:05:27 | INFO    | binance_eth.trader | [2026-05-03 11:00:00] 🟢 开多 | 价格: 2319.63 | 仓位: 0.5748 | 止损: 2284.84 | 止盈: 2389.22 | 原因: MACD金叉
2026-05-14 15:05:27 | INFO    | binance_eth.trader | [2026-05-03 12:00:00] ⬆️  平多 | 价格: 2325.71 | 盈亏: +5.24% (+52.42 USDT) | 原因: RSI超买，建议止盈
2026-05-14 15:05:27 | INFO    | binance_eth.trader | [2026-05-04 01:00:00] 🟢 开多 | 价格: 2351.20 | 仓位: 0.5671 | 止损: 2315.93 | 止盈: 2421.74 | 原因: MACD金叉 | 价格触及布林上轨
2026-05-14 15:05:27 | INFO    | binance_eth.trader | [2026-05-04 02:00:00] ⬆️  平多 | 价格: 2374.73 | 盈亏: +20.02% (+200.15 USDT) | 原因: RSI超买，建议止盈
2026-05-14 15:05:27 | INFO    | binance_eth.trader | [2026-05-04 03:00:00] 🔴 开空 | 价格: 2385.12 | 仓位: 0.5590 | 止损: 2420.90 | 止盈: 2313.57 | 原因: RSI超买(>70) | 价格触及布林上轨
2026-05-14 15:05:27 | INFO    | binance_eth.trader | [2026-05-05 03:00:00] ⬇️  平空 | 价格: 2382.43 | 盈亏: +2.26% (+22.56 USDT) | 原因: MACD金叉信号
2026-05-14 15:05:27 | INFO    | binance_eth.trader | [2026-05-06 08:00:00] 🟢 开多 | 价格: 2394.33 | 仓位: 0.5569 | 止损: 2358.42 | 止盈: 2466.16 | 原因: RSI超买(>70) | MACD金叉 | 价格触及布林上轨
2026-05-14 15:05:27 | INFO    | binance_eth.trader | [2026-05-06 09:00:00] ⬆️  平多 | 价格: 2412.76 | 盈亏: +15.39% (+153.95 USDT) | 原因: RSI超买，建议止盈
2026-05-14 15:05:27 | INFO    | binance_eth.trader | [2026-05-06 10:00:00] 🔴 开空 | 价格: 2410.20 | 仓位: 0.5532 | 止损: 2446.35 | 止盈: 2337.89 | 原因: RSI超买(>70) | 价格触及布林上轨
2026-05-14 15:05:27 | INFO    | binance_eth.trader | [2026-05-06 17:00:00] ⬇️  平空 | 价格: 2349.70 | 盈亏: +50.20% (+502.03 USDT) | 原因: RSI超卖，建议止盈
2026-05-14 15:05:27 | INFO    | binance_eth.trader | [2026-05-07 13:00:00] 🔴 开空 | 价格: 2314.32 | 仓位: 0.5761 | 止损: 2349.03 | 止盈: 2244.89 | 原因: RSI超卖(<30) | MACD死叉
2026-05-14 15:05:27 | INFO    | binance_eth.trader | [2026-05-07 14:00:00] ⬇️  平空 | 价格: 2298.98 | 盈亏: +13.26% (+132.57 USDT) | 原因: RSI超卖，建议止盈
2026-05-14 15:05:27 | INFO    | binance_eth.trader | [2026-05-07 15:00:00] 🟢 开多 | 价格: 2294.82 | 仓位: 0.5810 | 止损: 2260.40 | 止盈: 2363.66 | 原因: RSI超卖(<30) | 价格触及布林下轨
2026-05-14 15:05:27 | INFO    | binance_eth.trader | [2026-05-08 18:00:00] ⬆️  平多 | 价格: 2313.49 | 盈亏: +16.27% (+162.71 USDT) | 原因: RSI超买，建议止盈
2026-05-14 15:05:27 | INFO    | binance_eth.trader | [2026-05-08 19:00:00] 🔴 开空 | 价格: 2316.05 | 仓位: 0.5757 | 止损: 2350.79 | 止盈: 2246.57 | 原因: RSI超买(>70) | 价格触及布林上轨
2026-05-14 15:05:28 | INFO    | binance_eth.trader | [2026-05-09 17:00:00] ⬇️  平空 | 价格: 2329.45 | 盈亏: -11.57% (-115.71 USDT) | 原因: MACD金叉信号
2026-05-14 15:05:28 | INFO    | binance_eth.trader | [2026-05-09 18:00:00] 🔴 开空 | 价格: 2330.22 | 仓位: 0.5722 | 止损: 2365.17 | 止盈: 2260.31 | 原因: RSI超买(>70) | 价格触及布林上轨
2026-05-14 15:05:28 | INFO    | binance_eth.trader | [2026-05-10 15:00:00] ⬇️  平空 | 价格: 2347.56 | 盈亏: -14.88% (-148.83 USDT) | 原因: MACD金叉信号
2026-05-14 15:05:28 | INFO    | binance_eth.trader | [2026-05-10 16:00:00] 🔴 开空 | 价格: 2350.00 | 仓位: 0.5674 | 止损: 2385.25 | 止盈: 2279.50 | 原因: RSI超买(>70) | 价格触及布林上轨
2026-05-14 15:05:28 | INFO    | binance_eth.trader | [2026-05-10 22:00:00] ⬇️  平空 | 价格: 2373.78 | 盈亏: -20.24% (-202.38 USDT) | 原因: MACD金叉信号
2026-05-14 15:05:28 | INFO    | binance_eth.trader | [2026-05-12 01:00:00] 🟢 开多 | 价格: 2311.41 | 仓位: 0.5768 | 止损: 2276.74 | 止盈: 2380.75 | 原因: RSI超卖(<30) | MACD死叉 | 价格触及布林下轨
2026-05-14 15:05:28 | INFO    | binance_eth.trader | [2026-05-12 13:00:00] ⬆️  平多 | 价格: 2271.99 | 盈亏: -34.11% (-341.09 USDT) | 原因: 触发止损 (入场:2311.41 止损:2276.74)
2026-05-14 15:05:28 | INFO    | binance_eth.trader | [2026-05-13 04:00:00] 🔴 开空 | 价格: 2306.67 | 仓位: 0.5780 | 止损: 2341.27 | 止盈: 2237.47 | 原因: RSI超买(>70) | 价格触及布林上轨
2026-05-14 15:05:28 | INFO    | binance_eth.trader | [2026-05-13 13:00:00] ⬇️  平空 | 价格: 2262.80 | 盈亏: +38.04% (+380.38 USDT) | 原因: RSI超卖，建议止盈
2026-05-14 15:05:28 | INFO    | binance_eth.trader | [2026-05-13 15:00:00] 🟢 开多 | 价格: 2236.49 | 仓位: 0.5962 | 止损: 2202.94 | 止盈: 2303.58 | 原因: RSI超卖(<30) | 价格触及布林下轨
2026-05-14 15:05:28 | WARNING | binance_eth.trader | 回测结束时仍有持仓，强制平仓
2026-05-14 15:05:28 | INFO    | binance_eth.trader | ================================================================================
2026-05-14 15:05:28 | INFO    | binance_eth.trader | 回测结果汇总
2026-05-14 15:05:28 | INFO    | binance_eth.trader | ================================================================================
2026-05-14 15:05:28 | INFO    | binance_eth.trader | 初始资金: 1000.00 USDT
2026-05-14 15:05:28 | INFO    | binance_eth.trader | 最终资金: 2864.54 USDT
2026-05-14 15:05:28 | INFO    | binance_eth.trader | 总收益率: +186.45%
2026-05-14 15:05:28 | INFO    | binance_eth.trader | 最大回撤: -27.42%
2026-05-14 15:05:28 | INFO    | binance_eth.trader | 
2026-05-14 15:05:28 | INFO    | binance_eth.trader | 交易统计:
2026-05-14 15:05:28 | INFO    | binance_eth.trader |   总交易次数: 20
2026-05-14 15:05:28 | INFO    | binance_eth.trader |   盈利次数: 14 | 亏损次数: 6
2026-05-14 15:05:28 | INFO    | binance_eth.trader |   胜率: 70.0%
2026-05-14 15:05:28 | INFO    | binance_eth.trader |   平均盈利: 237.70 USDT | 平均亏损: -243.89 USDT
2026-05-14 15:05:28 | INFO    | binance_eth.trader |   盈亏比: 2.27
2026-05-14 15:05:28 | INFO    | binance_eth.trader | 
2026-05-14 15:05:28 | INFO    | binance_eth.trader | 交易明细:
2026-05-14 15:05:28 | INFO    | binance_eth.trader |   #1 [LONG] 入场: 2308.09 | 出场: 2327.84 | 盈亏: +17.11% (+171.14 USDT) | RSI超买，建议止盈
2026-05-14 15:05:28 | INFO    | binance_eth.trader |   #2 [SHORT] 入场: 2329.99 | 出场: 2367.40 | 盈亏: -32.11% (-321.12 USDT) | 触发止损 (入场:2329.99 止损:2364.94)
2026-05-14 15:05:28 | INFO    | binance_eth.trader |   #3 [SHORT] 入场: 2390.76 | 出场: 2323.18 | 盈亏: +56.53% (+565.34 USDT) | RSI超卖，建议止盈
2026-05-14 15:05:28 | INFO    | binance_eth.trader |   #4 [SHORT] 入场: 2311.52 | 出场: 2272.51 | 盈亏: +33.75% (+337.53 USDT) | RSI超卖，建议止盈
2026-05-14 15:05:28 | INFO    | binance_eth.trader |   #5 [LONG] 入场: 2239.41 | 出场: 2282.87 | 盈亏: +38.81% (+388.14 USDT) | RSI超买，建议止盈
2026-05-14 15:05:28 | INFO    | binance_eth.trader |   #6 [SHORT] 入场: 2280.12 | 出场: 2318.22 | 盈亏: -33.42% (-334.19 USDT) | 触发止损 (入场:2280.12 止损:2314.32)
2026-05-14 15:05:28 | INFO    | binance_eth.trader |   #7 [LONG] 入场: 2325.62 | 出场: 2327.00 | 盈亏: +1.19% (+11.87 USDT) | RSI超买，建议止盈
2026-05-14 15:05:28 | INFO    | binance_eth.trader |   #8 [LONG] 入场: 2319.63 | 出场: 2325.71 | 盈亏: +5.24% (+52.42 USDT) | RSI超买，建议止盈
2026-05-14 15:05:28 | INFO    | binance_eth.trader |   #9 [LONG] 入场: 2351.20 | 出场: 2374.73 | 盈亏: +20.02% (+200.15 USDT) | RSI超买，建议止盈
2026-05-14 15:05:28 | INFO    | binance_eth.trader |   #10 [SHORT] 入场: 2385.12 | 出场: 2382.43 | 盈亏: +2.26% (+22.56 USDT) | MACD金叉信号
2026-05-14 15:05:28 | INFO    | binance_eth.trader |   #11 [LONG] 入场: 2394.33 | 出场: 2412.76 | 盈亏: +15.39% (+153.95 USDT) | RSI超买，建议止盈
2026-05-14 15:05:28 | INFO    | binance_eth.trader |   #12 [SHORT] 入场: 2410.20 | 出场: 2349.70 | 盈亏: +50.20% (+502.03 USDT) | RSI超卖，建议止盈
2026-05-14 15:05:28 | INFO    | binance_eth.trader |   #13 [SHORT] 入场: 2314.32 | 出场: 2298.98 | 盈亏: +13.26% (+132.57 USDT) | RSI超卖，建议止盈
2026-05-14 15:05:28 | INFO    | binance_eth.trader |   #14 [LONG] 入场: 2294.82 | 出场: 2313.49 | 盈亏: +16.27% (+162.71 USDT) | RSI超买，建议止盈
2026-05-14 15:05:28 | INFO    | binance_eth.trader |   #15 [SHORT] 入场: 2316.05 | 出场: 2329.45 | 盈亏: -11.57% (-115.71 USDT) | MACD金叉信号
2026-05-14 15:05:28 | INFO    | binance_eth.trader |   #16 [SHORT] 入场: 2330.22 | 出场: 2347.56 | 盈亏: -14.88% (-148.83 USDT) | MACD金叉信号
2026-05-14 15:05:28 | INFO    | binance_eth.trader |   #17 [SHORT] 入场: 2350.00 | 出场: 2373.78 | 盈亏: -20.24% (-202.38 USDT) | MACD金叉信号
2026-05-14 15:05:28 | INFO    | binance_eth.trader |   #18 [LONG] 入场: 2311.41 | 出场: 2271.99 | 盈亏: -34.11% (-341.09 USDT) | 触发止损 (入场:2311.41 止损:2276.74)
2026-05-14 15:05:28 | INFO    | binance_eth.trader |   #19 [SHORT] 入场: 2306.67 | 出场: 2262.80 | 盈亏: +38.04% (+380.38 USDT) | RSI超卖，建议止盈
2026-05-14 15:05:28 | INFO    | binance_eth.trader |   #20 [LONG] 入场: 2236.49 | 出场: 2264.12 | 盈亏: +24.71% (+247.08 USDT) | 回测结束强制平仓
2026-05-14 15:05:28 | INFO    | binance_eth.trader | ================================================================================
2026-05-14 15:05:44 | INFO    | binance_eth.trader | 持仓中 [SHORT] | 入场: 2273.40 | 当前: 2265.19 | 盈亏: +7.22% (+72.23 USDT) | 爆仓价: 2375.70
2026-05-14 15:05:44 | INFO    | binance_eth.trader | 当前价格: 2265.19 | 持仓中，无平仓信号
2026-05-14 15:06:15 | INFO    | binance_eth.trader | 持仓中 [SHORT] | 入场: 2273.40 | 当前: 2266.55 | 盈亏: +6.03% (+60.26 USDT) | 爆仓价: 2375.70
2026-05-14 15:06:15 | INFO    | binance_eth.trader | 当前价格: 2266.55 | 持仓中，无平仓信号
2026-05-14 15:06:45 | INFO    | binance_eth.trader | 持仓中 [SHORT] | 入场: 2273.40 | 当前: 2266.29 | 盈亏: +6.25% (+62.55 USDT) | 爆仓价: 2375.70
2026-05-14 15:06:45 | INFO    | binance_eth.trader | 当前价格: 2266.29 | 持仓中，无平仓信号
2026-05-14 15:07:15 | INFO    | binance_eth.trader | 持仓中 [SHORT] | 入场: 2273.40 | 当前: 2266.11 | 盈亏: +6.41% (+64.13 USDT) | 爆仓价: 2375.70
2026-05-14 15:07:15 | INFO    | binance_eth.trader | 当前价格: 2266.11 | 持仓中，无平仓信号
2026-05-14 15:07:45 | INFO    | binance_eth.trader | 持仓中 [SHORT] | 入场: 2273.40 | 当前: 2265.89 | 盈亏: +6.61% (+66.07 USDT) | 爆仓价: 2375.70
2026-05-14 15:07:45 | INFO    | binance_eth.trader | 当前价格: 2265.89 | 持仓中，无平仓信号
2026-05-14 15:08:15 | INFO    | binance_eth.trader | 持仓中 [SHORT] | 入场: 2273.40 | 当前: 2266.83 | 盈亏: +5.78% (+57.80 USDT) | 爆仓价: 2375.70
2026-05-14 15:08:15 | INFO    | binance_eth.trader | 当前价格: 2266.83 | 持仓中，无平仓信号
2026-05-14 15:08:46 | INFO    | binance_eth.trader | 持仓中 [SHORT] | 入场: 2273.40 | 当前: 2266.99 | 盈亏: +5.64% (+56.39 USDT) | 爆仓价: 2375.70
2026-05-14 15:08:46 | INFO    | binance_eth.trader | 当前价格: 2266.99 | 持仓中，无平仓信号
2026-05-14 15:09:16 | INFO    | binance_eth.trader | 持仓中 [SHORT] | 入场: 2273.40 | 当前: 2265.78 | 盈亏: +6.70% (+67.04 USDT) | 爆仓价: 2375.70
2026-05-14 15:09:16 | INFO    | binance_eth.trader | 当前价格: 2265.78 | 持仓中，无平仓信号
2026-05-14 15:09:46 | INFO    | binance_eth.trader | 持仓中 [SHORT] | 入场: 2273.40 | 当前: 2265.54 | 盈亏: +6.91% (+69.15 USDT) | 爆仓价: 2375.70
2026-05-14 15:09:46 | INFO    | binance_eth.trader | 当前价格: 2265.54 | 持仓中，无平仓信号
2026-05-14 15:10:16 | INFO    | binance_eth.trader | 持仓中 [SHORT] | 入场: 2273.40 | 当前: 2265.48 | 盈亏: +6.97% (+69.68 USDT) | 爆仓价: 2375.70
2026-05-14 15:10:16 | INFO    | binance_eth.trader | 当前价格: 2265.48 | 持仓中，无平仓信号
2026-05-14 15:10:46 | INFO    | binance_eth.trader | 持仓中 [SHORT] | 入场: 2273.40 | 当前: 2264.91 | 盈亏: +7.47% (+74.69 USDT) | 爆仓价: 2375.70
2026-05-14 15:10:46 | INFO    | binance_eth.trader | 当前价格: 2264.91 | 持仓中，无平仓信号
2026-05-14 15:11:17 | INFO    | binance_eth.trader | 持仓中 [SHORT] | 入场: 2273.40 | 当前: 2265.22 | 盈亏: +7.20% (+71.96 USDT) | 爆仓价: 2375.70
2026-05-14 15:11:17 | INFO    | binance_eth.trader | 当前价格: 2265.22 | 持仓中，无平仓信号
2026-05-14 15:11:47 | INFO    | binance_eth.trader | 持仓中 [SHORT] | 入场: 2273.40 | 当前: 2265.77 | 盈亏: +6.71% (+67.12 USDT) | 爆仓价: 2375.70
2026-05-14 15:11:47 | INFO    | binance_eth.trader | 当前价格: 2265.77 | 持仓中，无平仓信号
2026-05-14 15:12:17 | INFO    | binance_eth.trader | 持仓中 [SHORT] | 入场: 2273.40 | 当前: 2264.28 | 盈亏: +8.02% (+80.23 USDT) | 爆仓价: 2375.70
2026-05-14 15:12:17 | INFO    | binance_eth.trader | 当前价格: 2264.28 | 持仓中，无平仓信号
2026-05-14 15:12:47 | INFO    | binance_eth.trader | 持仓中 [SHORT] | 入场: 2273.40 | 当前: 2264.01 | 盈亏: +8.26% (+82.61 USDT) | 爆仓价: 2375.70
2026-05-14 15:12:47 | INFO    | binance_eth.trader | 当前价格: 2264.01 | 持仓中，无平仓信号
2026-05-14 15:13:17 | INFO    | binance_eth.trader | 持仓中 [SHORT] | 入场: 2273.40 | 当前: 2264.74 | 盈亏: +7.62% (+76.19 USDT) | 爆仓价: 2375.70
2026-05-14 15:13:17 | INFO    | binance_eth.trader | 当前价格: 2264.74 | 持仓中，无平仓信号
2026-05-14 15:13:48 | INFO    | binance_eth.trader | 持仓中 [SHORT] | 入场: 2273.40 | 当前: 2264.87 | 盈亏: +7.50% (+75.04 USDT) | 爆仓价: 2375.70
2026-05-14 15:13:48 | INFO    | binance_eth.trader | 当前价格: 2264.87 | 持仓中，无平仓信号
2026-05-14 15:14:18 | INFO    | binance_eth.trader | 持仓中 [SHORT] | 入场: 2273.40 | 当前: 2264.74 | 盈亏: +7.62% (+76.19 USDT) | 爆仓价: 2375.70
2026-05-14 15:14:18 | INFO    | binance_eth.trader | 当前价格: 2264.74 | 持仓中，无平仓信号
2026-05-14 15:14:48 | INFO    | binance_eth.trader | 持仓中 [SHORT] | 入场: 2273.40 | 当前: 2264.91 | 盈亏: +7.47% (+74.69 USDT) | 爆仓价: 2375.70
2026-05-14 15:14:48 | INFO    | binance_eth.trader | 当前价格: 2264.91 | 持仓中，无平仓信号
2026-05-14 15:15:18 | INFO    | binance_eth.trader | 持仓中 [SHORT] | 入场: 2273.40 | 当前: 2264.25 | 盈亏: +8.05% (+80.50 USDT) | 爆仓价: 2375.70
2026-05-14 15:15:18 | INFO    | binance_eth.trader | 当前价格: 2264.25 | 持仓中，无平仓信号
2026-05-14 15:15:49 | INFO    | binance_eth.trader | 持仓中 [SHORT] | 入场: 2273.40 | 当前: 2264.90 | 盈亏: +7.48% (+74.78 USDT) | 爆仓价: 2375.70
2026-05-14 15:15:49 | INFO    | binance_eth.trader | 当前价格: 2264.90 | 持仓中，无平仓信号
2026-05-14 15:16:19 | INFO    | binance_eth.trader | 持仓中 [SHORT] | 入场: 2273.40 | 当前: 2264.27 | 盈亏: +8.03% (+80.32 USDT) | 爆仓价: 2375.70
2026-05-14 15:16:19 | INFO    | binance_eth.trader | 当前价格: 2264.27 | 持仓中，无平仓信号
2026-05-14 15:16:49 | INFO    | binance_eth.trader | 持仓中 [SHORT] | 入场: 2273.40 | 当前: 2264.60 | 盈亏: +7.74% (+77.42 USDT) | 爆仓价: 2375.70
2026-05-14 15:16:49 | INFO    | binance_eth.trader | 当前价格: 2264.60 | 持仓中，无平仓信号
2026-05-14 15:17:19 | INFO    | binance_eth.trader | 持仓中 [SHORT] | 入场: 2273.40 | 当前: 2264.86 | 盈亏: +7.51% (+75.13 USDT) | 爆仓价: 2375.70
2026-05-14 15:17:19 | INFO    | binance_eth.trader | 当前价格: 2264.86 | 持仓中，无平仓信号
2026-05-14 15:17:49 | INFO    | binance_eth.trader | 持仓中 [SHORT] | 入场: 2273.40 | 当前: 2265.16 | 盈亏: +7.25% (+72.49 USDT) | 爆仓价: 2375.70
2026-05-14 15:17:49 | INFO    | binance_eth.trader | 当前价格: 2265.16 | 持仓中，无平仓信号
2026-05-14 15:18:20 | INFO    | binance_eth.trader | 持仓中 [SHORT] | 入场: 2273.40 | 当前: 2264.76 | 盈亏: +7.60% (+76.01 USDT) | 爆仓价: 2375.70
2026-05-14 15:18:20 | INFO    | binance_eth.trader | 当前价格: 2264.76 | 持仓中，无平仓信号
2026-05-14 15:18:50 | INFO    | binance_eth.trader | 持仓中 [SHORT] | 入场: 2273.40 | 当前: 2264.42 | 盈亏: +7.90% (+79.00 USDT) | 爆仓价: 2375.70
2026-05-14 15:18:50 | INFO    | binance_eth.trader | 当前价格: 2264.42 | 持仓中，无平仓信号
2026-05-14 15:19:20 | INFO    | binance_eth.trader | 持仓中 [SHORT] | 入场: 2273.40 | 当前: 2265.00 | 盈亏: +7.39% (+73.90 USDT) | 爆仓价: 2375.70
2026-05-14 15:19:20 | INFO    | binance_eth.trader | 当前价格: 2265.00 | 持仓中，无平仓信号
2026-05-14 15:19:50 | INFO    | binance_eth.trader | 持仓中 [SHORT] | 入场: 2273.40 | 当前: 2264.88 | 盈亏: +7.50% (+74.95 USDT) | 爆仓价: 2375.70
2026-05-14 15:19:50 | INFO    | binance_eth.trader | 当前价格: 2264.88 | 持仓中，无平仓信号
2026-05-14 15:20:20 | INFO    | binance_eth.trader | 持仓中 [SHORT] | 入场: 2273.40 | 当前: 2265.17 | 盈亏: +7.24% (+72.40 USDT) | 爆仓价: 2375.70
2026-05-14 15:20:20 | INFO    | binance_eth.trader | 当前价格: 2265.17 | 持仓中，无平仓信号
2026-05-14 15:20:51 | INFO    | binance_eth.trader | 持仓中 [SHORT] | 入场: 2273.40 | 当前: 2265.01 | 盈亏: +7.38% (+73.81 USDT) | 爆仓价: 2375.70
2026-05-14 15:20:51 | INFO    | binance_eth.trader | 当前价格: 2265.01 | 持仓中，无平仓信号
2026-05-14 15:21:21 | INFO    | binance_eth.trader | 持仓中 [SHORT] | 入场: 2273.40 | 当前: 2264.51 | 盈亏: +7.82% (+78.21 USDT) | 爆仓价: 2375.70
2026-05-14 15:21:21 | INFO    | binance_eth.trader | 当前价格: 2264.51 | 持仓中，无平仓信号
2026-05-14 15:21:51 | INFO    | binance_eth.trader | 持仓中 [SHORT] | 入场: 2273.40 | 当前: 2265.03 | 盈亏: +7.36% (+73.63 USDT) | 爆仓价: 2375.70
2026-05-14 15:21:51 | INFO    | binance_eth.trader | 当前价格: 2265.03 | 持仓中，无平仓信号
2026-05-14 15:22:21 | INFO    | binance_eth.trader | 持仓中 [SHORT] | 入场: 2273.40 | 当前: 2265.45 | 盈亏: +6.99% (+69.94 USDT) | 爆仓价: 2375.70
2026-05-14 15:22:21 | INFO    | binance_eth.trader | 当前价格: 2265.45 | 持仓中，无平仓信号
2026-05-14 15:22:51 | INFO    | binance_eth.trader | 持仓中 [SHORT] | 入场: 2273.40 | 当前: 2266.39 | 盈亏: +6.17% (+61.67 USDT) | 爆仓价: 2375.70
2026-05-14 15:22:51 | INFO    | binance_eth.trader | 当前价格: 2266.39 | 持仓中，无平仓信号
2026-05-14 15:23:22 | INFO    | binance_eth.trader | 持仓中 [SHORT] | 入场: 2273.40 | 当前: 2266.34 | 盈亏: +6.21% (+62.11 USDT) | 爆仓价: 2375.70
2026-05-14 15:23:22 | INFO    | binance_eth.trader | 当前价格: 2266.34 | 持仓中，无平仓信号
2026-05-14 15:23:52 | INFO    | binance_eth.trader | 持仓中 [SHORT] | 入场: 2273.40 | 当前: 2266.35 | 盈亏: +6.20% (+62.02 USDT) | 爆仓价: 2375.70
2026-05-14 15:23:52 | INFO    | binance_eth.trader | 当前价格: 2266.35 | 持仓中，无平仓信号
2026-05-14 15:24:22 | INFO    | binance_eth.trader | 持仓中 [SHORT] | 入场: 2273.40 | 当前: 2266.03 | 盈亏: +6.48% (+64.84 USDT) | 爆仓价: 2375.70
2026-05-14 15:24:22 | INFO    | binance_eth.trader | 当前价格: 2266.03 | 持仓中，无平仓信号
2026-05-14 15:24:53 | INFO    | binance_eth.trader | 持仓中 [SHORT] | 入场: 2273.40 | 当前: 2266.01 | 盈亏: +6.50% (+65.01 USDT) | 爆仓价: 2375.70
2026-05-14 15:24:53 | INFO    | binance_eth.trader | 当前价格: 2266.01 | 持仓中，无平仓信号
2026-05-14 15:25:24 | INFO    | binance_eth.trader | 持仓中 [SHORT] | 入场: 2273.40 | 当前: 2266.45 | 盈亏: +6.11% (+61.14 USDT) | 爆仓价: 2375.70
2026-05-14 15:25:24 | INFO    | binance_eth.trader | 当前价格: 2266.45 | 持仓中，无平仓信号
2026-05-14 15:25:54 | INFO    | binance_eth.trader | 持仓中 [SHORT] | 入场: 2273.40 | 当前: 2266.69 | 盈亏: +5.90% (+59.03 USDT) | 爆仓价: 2375.70
2026-05-14 15:25:54 | INFO    | binance_eth.trader | 当前价格: 2266.69 | 持仓中，无平仓信号
2026-05-14 15:26:24 | INFO    | binance_eth.trader | 持仓中 [SHORT] | 入场: 2273.40 | 当前: 2267.55 | 盈亏: +5.15% (+51.46 USDT) | 爆仓价: 2375.70
2026-05-14 15:26:24 | INFO    | binance_eth.trader | 当前价格: 2267.55 | 持仓中，无平仓信号
2026-05-14 15:26:54 | INFO    | binance_eth.trader | 持仓中 [SHORT] | 入场: 2273.40 | 当前: 2267.72 | 盈亏: +5.00% (+49.97 USDT) | 爆仓价: 2375.70
2026-05-14 15:26:54 | INFO    | binance_eth.trader | 当前价格: 2267.72 | 持仓中，无平仓信号
2026-05-14 15:27:25 | INFO    | binance_eth.trader | 持仓中 [SHORT] | 入场: 2273.40 | 当前: 2267.63 | 盈亏: +5.08% (+50.76 USDT) | 爆仓价: 2375.70
2026-05-14 15:27:25 | INFO    | binance_eth.trader | 当前价格: 2267.63 | 持仓中，无平仓信号
2026-05-14 15:27:55 | INFO    | binance_eth.trader | 持仓中 [SHORT] | 入场: 2273.40 | 当前: 2267.85 | 盈亏: +4.88% (+48.83 USDT) | 爆仓价: 2375.70
2026-05-14 15:27:55 | INFO    | binance_eth.trader | 当前价格: 2267.85 | 持仓中，无平仓信号
2026-05-14 15:28:25 | INFO    | binance_eth.trader | 持仓中 [SHORT] | 入场: 2273.40 | 当前: 2267.49 | 盈亏: +5.20% (+51.99 USDT) | 爆仓价: 2375.70
2026-05-14 15:28:25 | INFO    | binance_eth.trader | 当前价格: 2267.49 | 持仓中，无平仓信号
2026-05-14 15:28:55 | INFO    | binance_eth.trader | 持仓中 [SHORT] | 入场: 2273.40 | 当前: 2267.77 | 盈亏: +4.95% (+49.53 USDT) | 爆仓价: 2375.70
2026-05-14 15:28:55 | INFO    | binance_eth.trader | 当前价格: 2267.77 | 持仓中，无平仓信号
2026-05-14 15:29:26 | INFO    | binance_eth.trader | 持仓中 [SHORT] | 入场: 2273.40 | 当前: 2267.04 | 盈亏: +5.60% (+55.95 USDT) | 爆仓价: 2375.70
2026-05-14 15:29:26 | INFO    | binance_eth.trader | 当前价格: 2267.04 | 持仓中，无平仓信号
2026-05-14 15:29:56 | INFO    | binance_eth.trader | 持仓中 [SHORT] | 入场: 2273.40 | 当前: 2266.51 | 盈亏: +6.06% (+60.61 USDT) | 爆仓价: 2375.70
2026-05-14 15:29:56 | INFO    | binance_eth.trader | 当前价格: 2266.51 | 持仓中，无平仓信号
2026-05-14 15:30:26 | INFO    | binance_eth.trader | 持仓中 [SHORT] | 入场: 2273.40 | 当前: 2266.84 | 盈亏: +5.77% (+57.71 USDT) | 爆仓价: 2375.70
2026-05-14 15:30:26 | INFO    | binance_eth.trader | 当前价格: 2266.84 | 持仓中，无平仓信号
2026-05-14 15:30:56 | INFO    | binance_eth.trader | 持仓中 [SHORT] | 入场: 2273.40 | 当前: 2267.11 | 盈亏: +5.53% (+55.34 USDT) | 爆仓价: 2375.70
2026-05-14 15:30:56 | INFO    | binance_eth.trader | 当前价格: 2267.11 | 持仓中，无平仓信号
2026-05-14 15:31:27 | INFO    | binance_eth.trader | 持仓中 [SHORT] | 入场: 2273.40 | 当前: 2267.11 | 盈亏: +5.53% (+55.34 USDT) | 爆仓价: 2375.70
2026-05-14 15:31:27 | INFO    | binance_eth.trader | 当前价格: 2267.11 | 持仓中，无平仓信号
2026-05-14 15:31:57 | INFO    | binance_eth.trader | 持仓中 [SHORT] | 入场: 2273.40 | 当前: 2267.45 | 盈亏: +5.23% (+52.34 USDT) | 爆仓价: 2375.70
2026-05-14 15:31:57 | INFO    | binance_eth.trader | 当前价格: 2267.45 | 持仓中，无平仓信号
2026-05-14 15:32:28 | INFO    | binance_eth.trader | 持仓中 [SHORT] | 入场: 2273.40 | 当前: 2268.10 | 盈亏: +4.66% (+46.63 USDT) | 爆仓价: 2375.70
2026-05-14 15:32:28 | INFO    | binance_eth.trader | 当前价格: 2268.10 | 持仓中，无平仓信号
2026-05-14 15:32:58 | INFO    | binance_eth.trader | 持仓中 [SHORT] | 入场: 2273.40 | 当前: 2269.69 | 盈亏: +3.26% (+32.64 USDT) | 爆仓价: 2375.70
2026-05-14 15:32:58 | INFO    | binance_eth.trader | 当前价格: 2269.69 | 持仓中，无平仓信号
2026-05-14 15:33:29 | INFO    | binance_eth.trader | 持仓中 [SHORT] | 入场: 2273.40 | 当前: 2269.79 | 盈亏: +3.18% (+31.76 USDT) | 爆仓价: 2375.70
2026-05-14 15:33:29 | INFO    | binance_eth.trader | 当前价格: 2269.79 | 持仓中，无平仓信号
2026-05-14 15:33:59 | INFO    | binance_eth.trader | 持仓中 [SHORT] | 入场: 2273.40 | 当前: 2270.35 | 盈亏: +2.68% (+26.83 USDT) | 爆仓价: 2375.70
2026-05-14 15:33:59 | INFO    | binance_eth.trader | 当前价格: 2270.35 | 持仓中，无平仓信号
2026-05-14 15:34:30 | INFO    | binance_eth.trader | 持仓中 [SHORT] | 入场: 2273.40 | 当前: 2270.00 | 盈亏: +2.99% (+29.91 USDT) | 爆仓价: 2375.70
2026-05-14 15:34:30 | INFO    | binance_eth.trader | 当前价格: 2270.00 | 持仓中，无平仓信号
2026-05-14 15:35:00 | INFO    | binance_eth.trader | 持仓中 [SHORT] | 入场: 2273.40 | 当前: 2270.23 | 盈亏: +2.79% (+27.89 USDT) | 爆仓价: 2375.70
2026-05-14 15:35:00 | INFO    | binance_eth.trader | 当前价格: 2270.23 | 持仓中，无平仓信号
2026-05-14 15:35:32 | INFO    | binance_eth.trader | 持仓中 [SHORT] | 入场: 2273.40 | 当前: 2270.49 | 盈亏: +2.56% (+25.60 USDT) | 爆仓价: 2375.70
2026-05-14 15:35:32 | INFO    | binance_eth.trader | 当前价格: 2270.49 | 持仓中，无平仓信号
2026-05-14 15:36:02 | INFO    | binance_eth.trader | 持仓中 [SHORT] | 入场: 2273.40 | 当前: 2270.08 | 盈亏: +2.92% (+29.21 USDT) | 爆仓价: 2375.70
2026-05-14 15:36:02 | INFO    | binance_eth.trader | 当前价格: 2270.08 | 持仓中，无平仓信号
2026-05-14 15:36:32 | INFO    | binance_eth.trader | 持仓中 [SHORT] | 入场: 2273.40 | 当前: 2270.44 | 盈亏: +2.60% (+26.04 USDT) | 爆仓价: 2375.70
2026-05-14 15:36:32 | INFO    | binance_eth.trader | 当前价格: 2270.44 | 持仓中，无平仓信号
2026-05-14 15:37:03 | INFO    | binance_eth.trader | 持仓中 [SHORT] | 入场: 2273.40 | 当前: 2269.83 | 盈亏: +3.14% (+31.41 USDT) | 爆仓价: 2375.70
2026-05-14 15:37:03 | INFO    | binance_eth.trader | 当前价格: 2269.83 | 持仓中，无平仓信号
2026-05-14 15:37:33 | INFO    | binance_eth.trader | 持仓中 [SHORT] | 入场: 2273.40 | 当前: 2270.07 | 盈亏: +2.93% (+29.30 USDT) | 爆仓价: 2375.70
2026-05-14 15:37:33 | INFO    | binance_eth.trader | 当前价格: 2270.07 | 持仓中，无平仓信号
2026-05-14 15:38:03 | INFO    | binance_eth.trader | 持仓中 [SHORT] | 入场: 2273.40 | 当前: 2269.79 | 盈亏: +3.18% (+31.76 USDT) | 爆仓价: 2375.70
2026-05-14 15:38:03 | INFO    | binance_eth.trader | 当前价格: 2269.79 | 持仓中，无平仓信号
2026-05-14 15:38:34 | INFO    | binance_eth.trader | 持仓中 [SHORT] | 入场: 2273.40 | 当前: 2270.49 | 盈亏: +2.56% (+25.60 USDT) | 爆仓价: 2375.70
2026-05-14 15:38:34 | INFO    | binance_eth.trader | 当前价格: 2270.49 | 持仓中，无平仓信号
2026-05-14 15:39:00 | INFO    | binance_eth.trader | ================================================================================
2026-05-14 15:39:00 | INFO    | binance_eth.trader | 交易策略回测报告
2026-05-14 15:39:00 | INFO    | binance_eth.trader | ================================================================================
2026-05-14 15:39:00 | INFO    | binance_eth.trader | 交易对: ETHUSDT | K线周期: 1h | 数据量: 500
2026-05-14 15:39:00 | INFO    | binance_eth.trader | 时间范围: 2026-04-23 07:00:00 至 2026-05-14 02:00:00
2026-05-14 15:39:00 | INFO    | binance_eth.trader | 初始资金: 1000.00 USDT | 杠杆: 20x
2026-05-14 15:39:00 | INFO    | binance_eth.trader | 止损: 2.0% | 止盈: 4.0%
2026-05-14 15:39:00 | INFO    | binance_eth.trader | 仓位: 全仓复投（每根K线按当前权益开仓）| 名义 < 5.0 USDT 或权益 ≤ 0 时终止回测
2026-05-14 15:39:00 | INFO    | binance_eth.trader | 成本: 吃单手续费 0.0400%/边 | 资金费 0.00010/8h（正=多头付；UTC 0/8/16）
2026-05-14 15:39:00 | INFO    | binance_eth.trader | ================================================================================
2026-05-14 15:39:00 | INFO    | binance_eth.trader | [2026-04-25 15:00:00] 🟢 开多 | 价格: 2308.09 | 仓位: 8.6652 | 止损: 2261.93 | 止盈: 2400.41 | 当前权益: 990.00 | 原因: RSI超卖(<30) | MACD死叉 | 价格触及布林下轨
2026-05-14 15:39:00 | INFO    | binance_eth.trader | [2026-04-26 05:00:00] ⬆️  平多 | 价格: 2327.84 | 盈亏(含手续费): +16.31% (+163.07 USDT) | 累计权益: 1151.06 | 原因: RSI超买，建议止盈
2026-05-14 15:39:00 | INFO    | binance_eth.trader | [2026-04-26 06:00:00] 🔴 开空 | 价格: 2329.99 | 仓位: 9.8804 | 止损: 2376.59 | 止盈: 2236.79 | 当前权益: 1141.85 | 原因: RSI超买(>70) | 价格触及布林上轨
2026-05-14 15:39:00 | INFO    | binance_eth.trader | [2026-04-27 00:00:00] ⬇️  平空 | 价格: 2390.76 | 盈亏(含手续费): -52.98% (-609.88 USDT) | 累计权益: 538.94 | 原因: 触发止损 (入场:2329.99 止损:2376.59)
2026-05-14 15:39:00 | INFO    | binance_eth.trader | [2026-04-27 01:00:00] 🔴 开空 | 价格: 2394.61 | 仓位: 4.5012 | 止损: 2442.50 | 止盈: 2298.83 | 当前权益: 534.62 | 原因: RSI超买(>70) | 价格触及布林上轨
2026-05-14 15:39:00 | INFO    | binance_eth.trader | [2026-04-27 05:00:00] ⬇️  平空 | 价格: 2323.18 | 盈亏(含手续费): +58.88% (+317.34 USDT) | 累计权益: 851.96 | 原因: RSI超卖，建议止盈
2026-05-14 15:39:00 | INFO    | binance_eth.trader | [2026-04-29 03:00:00] 🔴 开空 | 价格: 2311.52 | 仓位: 7.3715 | 止损: 2357.75 | 止盈: 2219.06 | 当前权益: 845.15 | 原因: RSI超买(>70) | 价格触及布林上轨
2026-05-14 15:39:00 | INFO    | binance_eth.trader | [2026-04-29 15:00:00] ⬇️  平空 | 价格: 2272.51 | 盈亏(含手续费): +32.97% (+280.86 USDT) | 累计权益: 1129.40 | 原因: RSI超卖，建议止盈
2026-05-14 15:39:00 | INFO    | binance_eth.trader | [2026-04-29 18:00:00] 🟢 开多 | 价格: 2239.41 | 仓位: 10.0866 | 止损: 2194.62 | 止盈: 2328.99 | 当前权益: 1120.36 | 原因: RSI超卖(<30) | 价格触及布林下轨
2026-05-14 15:39:01 | INFO    | binance_eth.trader | [2026-05-01 03:00:00] ⬆️  平多 | 价格: 2282.87 | 盈亏(含手续费): +38.00% (+429.15 USDT) | 累计权益: 1540.40 | 原因: RSI超买，建议止盈
2026-05-14 15:39:01 | INFO    | binance_eth.trader | [2026-05-01 04:00:00] 🔴 开空 | 价格: 2280.12 | 仓位: 13.5116 | 止损: 2325.72 | 止盈: 2188.92 | 当前权益: 1528.08 | 原因: RSI超买(>70) | 价格触及布林上轨
2026-05-14 15:39:01 | INFO    | binance_eth.trader | [2026-05-02 21:00:00] ⬇️  平空 | 价格: 2325.62 | 盈亏(含手续费): -40.73% (-627.35 USDT) | 累计权益: 916.26 | 原因: MACD金叉信号
2026-05-14 15:39:01 | INFO    | binance_eth.trader | [2026-05-02 22:00:00] 🔴 开空 | 价格: 2327.00 | 仓位: 7.8750 | 止损: 2373.54 | 止盈: 2233.92 | 当前权益: 908.93 | 原因: RSI超买(>70) | 价格触及布林上轨
2026-05-14 15:39:01 | INFO    | binance_eth.trader | [2026-05-03 11:00:00] ⬇️  平空 | 价格: 2319.63 | 盈亏(含手续费): +5.54% (+50.73 USDT) | 累计权益: 963.30 | 原因: MACD金叉信号
2026-05-14 15:39:01 | INFO    | binance_eth.trader | [2026-05-04 01:00:00] 🟢 开多 | 价格: 2351.20 | 仓位: 8.1942 | 止损: 2304.18 | 止盈: 2445.25 | 当前权益: 955.60 | 原因: MACD金叉 | 价格触及布林上轨
2026-05-14 15:39:01 | INFO    | binance_eth.trader | [2026-05-04 02:00:00] ⬆️  平多 | 价格: 2374.73 | 盈亏(含手续费): +19.21% (+185.02 USDT) | 累计权益: 1140.62 | 原因: RSI超买，建议止盈
2026-05-14 15:39:01 | INFO    | binance_eth.trader | [2026-05-04 03:00:00] 🔴 开空 | 价格: 2385.12 | 仓位: 9.5645 | 止损: 2432.82 | 止盈: 2289.72 | 当前权益: 1131.50 | 原因: RSI超买(>70) | 价格触及布林上轨
2026-05-14 15:39:01 | INFO    | binance_eth.trader | [2026-05-05 03:00:00] ⬇️  平空 | 价格: 2382.43 | 盈亏(含手续费): +1.46% (+16.61 USDT) | 累计权益: 1154.86 | 原因: MACD金叉信号
2026-05-14 15:39:01 | INFO    | binance_eth.trader | [2026-05-06 08:00:00] 🟢 开多 | 价格: 2394.33 | 仓位: 9.6467 | 止损: 2346.44 | 止盈: 2490.10 | 当前权益: 1145.63 | 原因: RSI超买(>70) | MACD金叉 | 价格触及布林上轨
2026-05-14 15:39:01 | INFO    | binance_eth.trader | [2026-05-06 09:00:00] ⬆️  平多 | 价格: 2412.76 | 盈亏(含手续费): +14.59% (+168.48 USDT) | 累计权益: 1314.10 | 原因: RSI超买，建议止盈
2026-05-14 15:39:01 | INFO    | binance_eth.trader | [2026-05-06 10:00:00] 🔴 开空 | 价格: 2410.20 | 仓位: 10.9045 | 止损: 2458.40 | 止盈: 2313.79 | 当前权益: 1303.59 | 原因: RSI超买(>70) | 价格触及布林上轨
2026-05-14 15:39:01 | INFO    | binance_eth.trader | [2026-05-06 17:00:00] ⬇️  平空 | 价格: 2349.70 | 盈亏(含手续费): +49.42% (+649.47 USDT) | 累计权益: 1955.64 | 原因: RSI超卖，建议止盈
2026-05-14 15:39:01 | INFO    | binance_eth.trader | [2026-05-07 13:00:00] 🔴 开空 | 价格: 2314.32 | 仓位: 16.9003 | 止损: 2360.61 | 止盈: 2221.75 | 当前权益: 1939.99 | 原因: RSI超卖(<30) | MACD死叉
2026-05-14 15:39:01 | INFO    | binance_eth.trader | [2026-05-07 14:00:00] ⬇️  平空 | 价格: 2298.98 | 盈亏(含手续费): +12.46% (+243.71 USDT) | 累计权益: 2183.70 | 原因: RSI超卖，建议止盈
2026-05-14 15:39:01 | INFO    | binance_eth.trader | [2026-05-07 15:00:00] 🟢 开多 | 价格: 2294.82 | 仓位: 19.0316 | 止损: 2248.92 | 止盈: 2386.61 | 当前权益: 2161.87 | 原因: RSI超卖(<30) | 价格触及布林下轨
2026-05-14 15:39:01 | INFO    | binance_eth.trader | [2026-05-08 18:00:00] ⬆️  平多 | 价格: 2313.49 | 盈亏(含手续费): +15.46% (+337.71 USDT) | 累计权益: 2486.51 | 原因: RSI超买，建议止盈
2026-05-14 15:39:01 | INFO    | binance_eth.trader | [2026-05-08 19:00:00] 🔴 开空 | 价格: 2316.05 | 仓位: 21.4720 | 止损: 2362.37 | 止盈: 2223.41 | 当前权益: 2466.61 | 原因: RSI超买(>70) | 价格触及布林上轨
2026-05-14 15:39:01 | INFO    | binance_eth.trader | [2026-05-09 17:00:00] ⬇️  平空 | 价格: 2329.45 | 盈亏(含手续费): -12.38% (-307.73 USDT) | 累计权益: 2173.78 | 原因: MACD金叉信号
2026-05-14 15:39:01 | INFO    | binance_eth.trader | [2026-05-09 18:00:00] 🔴 开空 | 价格: 2330.22 | 仓位: 18.6573 | 止损: 2376.82 | 止盈: 2237.01 | 当前权益: 2156.39 | 原因: RSI超买(>70) | 价格触及布林上轨
2026-05-14 15:39:01 | INFO    | binance_eth.trader | [2026-05-10 15:00:00] ⬇️  平空 | 价格: 2347.56 | 盈亏(含手续费): -15.69% (-341.04 USDT) | 累计权益: 1828.42 | 原因: MACD金叉信号
2026-05-14 15:39:01 | INFO    | binance_eth.trader | [2026-05-10 16:00:00] 🔴 开空 | 价格: 2350.00 | 仓位: 15.5610 | 止损: 2397.00 | 止盈: 2256.00 | 当前权益: 1813.79 | 原因: RSI超买(>70) | 价格触及布林上轨
2026-05-14 15:39:01 | INFO    | binance_eth.trader | [2026-05-10 22:00:00] ⬇️  平空 | 价格: 2373.78 | 盈亏(含手续费): -21.05% (-384.82 USDT) | 累计权益: 1428.97 | 原因: MACD金叉信号
2026-05-14 15:39:01 | INFO    | binance_eth.trader | [2026-05-12 01:00:00] 🟢 开多 | 价格: 2311.41 | 仓位: 12.3645 | 止损: 2265.18 | 止盈: 2403.87 | 当前权益: 1417.54 | 原因: RSI超卖(<30) | MACD死叉 | 价格触及布林下轨
2026-05-14 15:39:02 | INFO    | binance_eth.trader | [2026-05-12 15:00:00] ⬆️  平多 | 价格: 2261.85 | 盈亏(含手续费): -43.67% (-623.97 USDT) | 累计权益: 787.94 | 原因: 触发止损 (入场:2311.41 止损:2265.18)
2026-05-14 15:39:02 | INFO    | binance_eth.trader | [2026-05-13 04:00:00] 🔴 开空 | 价格: 2306.67 | 仓位: 6.8318 | 止损: 2352.80 | 止盈: 2214.40 | 当前权益: 781.63 | 原因: RSI超买(>70) | 价格触及布林上轨
2026-05-14 15:39:02 | INFO    | binance_eth.trader | [2026-05-13 13:00:00] ⬇️  平空 | 价格: 2262.80 | 盈亏(含手续费): +37.25% (+293.53 USDT) | 累计权益: 1076.73 | 原因: RSI超卖，建议止盈
2026-05-14 15:39:02 | INFO    | binance_eth.trader | [2026-05-13 15:00:00] 🟢 开多 | 价格: 2236.49 | 仓位: 9.6288 | 止损: 2191.76 | 止盈: 2325.95 | 当前权益: 1065.96 | 原因: RSI超卖(<30) | 价格触及布林下轨
2026-05-14 15:39:02 | WARNING | binance_eth.trader | 回测结束时仍有持仓，强制平仓
2026-05-14 15:39:02 | INFO    | binance_eth.trader | ================================================================================
2026-05-14 15:39:02 | INFO    | binance_eth.trader | 回测结果汇总
2026-05-14 15:39:02 | INFO    | binance_eth.trader | ================================================================================
2026-05-14 15:39:02 | INFO    | binance_eth.trader | 初始资金: 1000.00 USDT
2026-05-14 15:39:02 | INFO    | binance_eth.trader | 最终资金: 1321.11 USDT
2026-05-14 15:39:02 | INFO    | binance_eth.trader | 总收益率: +32.11%
2026-05-14 15:39:02 | INFO    | binance_eth.trader | 最大回撤: -68.57%
2026-05-14 15:39:02 | INFO    | binance_eth.trader | 累计手续费(估算): 410.47 USDT
2026-05-14 15:39:02 | INFO    | binance_eth.trader | 累计资金费(估算): +27.86 USDT
2026-05-14 15:39:02 | INFO    | binance_eth.trader | 
2026-05-14 15:39:02 | INFO    | binance_eth.trader | 交易统计:
2026-05-14 15:39:02 | INFO    | binance_eth.trader |   总交易次数: 19
2026-05-14 15:39:02 | INFO    | binance_eth.trader |   盈利次数: 13 | 亏损次数: 6
2026-05-14 15:39:02 | INFO    | binance_eth.trader |   胜率: 68.4%
2026-05-14 15:39:02 | INFO    | binance_eth.trader |   平均盈利: 261.00 USDT | 平均亏损: -482.46 USDT
2026-05-14 15:39:02 | INFO    | binance_eth.trader |   盈亏比: 1.17
2026-05-14 15:39:02 | INFO    | binance_eth.trader | 
2026-05-14 15:39:02 | INFO    | binance_eth.trader | 交易明细:
2026-05-14 15:39:02 | INFO    | binance_eth.trader |   #1 [LONG] 入场: 2308.09 | 出场: 2327.84 | 盈亏: +16.31% (+163.07 USDT) | RSI超买，建议止盈
2026-05-14 15:39:02 | INFO    | binance_eth.trader |   #2 [SHORT] 入场: 2329.99 | 出场: 2390.76 | 盈亏: -52.98% (-609.88 USDT) | 触发止损 (入场:2329.99 止损:2376.59)
2026-05-14 15:39:02 | INFO    | binance_eth.trader |   #3 [SHORT] 入场: 2394.61 | 出场: 2323.18 | 盈亏: +58.88% (+317.34 USDT) | RSI超卖，建议止盈
2026-05-14 15:39:02 | INFO    | binance_eth.trader |   #4 [SHORT] 入场: 2311.52 | 出场: 2272.51 | 盈亏: +32.97% (+280.86 USDT) | RSI超卖，建议止盈
2026-05-14 15:39:02 | INFO    | binance_eth.trader |   #5 [LONG] 入场: 2239.41 | 出场: 2282.87 | 盈亏: +38.00% (+429.15 USDT) | RSI超买，建议止盈
2026-05-14 15:39:02 | INFO    | binance_eth.trader |   #6 [SHORT] 入场: 2280.12 | 出场: 2325.62 | 盈亏: -40.73% (-627.35 USDT) | MACD金叉信号
2026-05-14 15:39:02 | INFO    | binance_eth.trader |   #7 [SHORT] 入场: 2327.00 | 出场: 2319.63 | 盈亏: +5.54% (+50.73 USDT) | MACD金叉信号
2026-05-14 15:39:02 | INFO    | binance_eth.trader |   #8 [LONG] 入场: 2351.20 | 出场: 2374.73 | 盈亏: +19.21% (+185.02 USDT) | RSI超买，建议止盈
2026-05-14 15:39:02 | INFO    | binance_eth.trader |   #9 [SHORT] 入场: 2385.12 | 出场: 2382.43 | 盈亏: +1.46% (+16.61 USDT) | MACD金叉信号
2026-05-14 15:39:02 | INFO    | binance_eth.trader |   #10 [LONG] 入场: 2394.33 | 出场: 2412.76 | 盈亏: +14.59% (+168.48 USDT) | RSI超买，建议止盈
2026-05-14 15:39:02 | INFO    | binance_eth.trader |   #11 [SHORT] 入场: 2410.20 | 出场: 2349.70 | 盈亏: +49.42% (+649.47 USDT) | RSI超卖，建议止盈
2026-05-14 15:39:02 | INFO    | binance_eth.trader |   #12 [SHORT] 入场: 2314.32 | 出场: 2298.98 | 盈亏: +12.46% (+243.71 USDT) | RSI超卖，建议止盈
2026-05-14 15:39:02 | INFO    | binance_eth.trader |   #13 [LONG] 入场: 2294.82 | 出场: 2313.49 | 盈亏: +15.46% (+337.71 USDT) | RSI超买，建议止盈
2026-05-14 15:39:02 | INFO    | binance_eth.trader |   #14 [SHORT] 入场: 2316.05 | 出场: 2329.45 | 盈亏: -12.38% (-307.73 USDT) | MACD金叉信号
2026-05-14 15:39:02 | INFO    | binance_eth.trader |   #15 [SHORT] 入场: 2330.22 | 出场: 2347.56 | 盈亏: -15.69% (-341.04 USDT) | MACD金叉信号
2026-05-14 15:39:02 | INFO    | binance_eth.trader |   #16 [SHORT] 入场: 2350.00 | 出场: 2373.78 | 盈亏: -21.05% (-384.82 USDT) | MACD金叉信号
2026-05-14 15:39:02 | INFO    | binance_eth.trader |   #17 [LONG] 入场: 2311.41 | 出场: 2261.85 | 盈亏: -43.67% (-623.97 USDT) | 触发止损 (入场:2311.41 止损:2265.18)
2026-05-14 15:39:02 | INFO    | binance_eth.trader |   #18 [SHORT] 入场: 2306.67 | 出场: 2262.80 | 盈亏: +37.25% (+293.53 USDT) | RSI超卖，建议止盈
2026-05-14 15:39:02 | INFO    | binance_eth.trader |   #19 [LONG] 入场: 2236.49 | 出场: 2264.12 | 盈亏: +23.90% (+257.32 USDT) | 回测结束强制平仓
2026-05-14 15:39:02 | INFO    | binance_eth.trader | ================================================================================
2026-05-14 15:39:04 | INFO    | binance_eth.trader | 持仓中 [SHORT] | 入场: 2273.40 | 当前: 2270.49 | 盈亏: +2.56% (+25.60 USDT) | 爆仓价: 2375.70
2026-05-14 15:39:04 | INFO    | binance_eth.trader | 当前价格: 2270.49 | 持仓中，无平仓信号
2026-05-14 15:39:34 | INFO    | binance_eth.trader | 持仓中 [SHORT] | 入场: 2273.40 | 当前: 2270.41 | 盈亏: +2.63% (+26.30 USDT) | 爆仓价: 2375.70
2026-05-14 15:39:34 | INFO    | binance_eth.trader | 当前价格: 2270.41 | 持仓中，无平仓信号
2026-05-14 15:39:54 | INFO    | binance_eth.trader | ================================================================================
2026-05-14 15:39:54 | INFO    | binance_eth.trader | 交易策略回测报告
2026-05-14 15:39:54 | INFO    | binance_eth.trader | ================================================================================
2026-05-14 15:39:54 | INFO    | binance_eth.trader | 交易对: ETHUSDT | K线周期: 1h | 数据量: 500
2026-05-14 15:39:54 | INFO    | binance_eth.trader | 时间范围: 2026-04-23 07:00:00 至 2026-05-14 02:00:00
2026-05-14 15:39:54 | INFO    | binance_eth.trader | 初始资金: 1000.00 USDT | 杠杆: 20x
2026-05-14 15:39:54 | INFO    | binance_eth.trader | 止损: 2.0% | 止盈: 4.0%
2026-05-14 15:39:54 | INFO    | binance_eth.trader | 仓位: 全仓复投（每根K线按当前权益开仓）| 名义 < 5.0 USDT 或权益 ≤ 0 时终止回测
2026-05-14 15:39:54 | INFO    | binance_eth.trader | 成本: 吃单手续费 0.0400%/边 | 资金费 0.00010/8h（正=多头付；UTC 0/8/16）
2026-05-14 15:39:54 | INFO    | binance_eth.trader | ================================================================================
2026-05-14 15:39:54 | INFO    | binance_eth.trader | [2026-04-25 15:00:00] 🟢 开多 | 价格: 2308.09 | 仓位: 8.6652 | 止损: 2261.93 | 止盈: 2400.41 | 当前权益: 990.00 | 原因: RSI超卖(<30) | MACD死叉 | 价格触及布林下轨
2026-05-14 15:39:54 | INFO    | binance_eth.trader | [2026-04-26 05:00:00] ⬆️  平多 | 价格: 2327.84 | 盈亏(含手续费): +16.31% (+163.07 USDT) | 累计权益: 1151.06 | 原因: RSI超买，建议止盈
2026-05-14 15:39:54 | INFO    | binance_eth.trader | [2026-04-26 06:00:00] 🔴 开空 | 价格: 2329.99 | 仓位: 9.8804 | 止损: 2376.59 | 止盈: 2236.79 | 当前权益: 1141.85 | 原因: RSI超买(>70) | 价格触及布林上轨
2026-05-14 15:39:54 | INFO    | binance_eth.trader | [2026-04-27 00:00:00] ⬇️  平空 | 价格: 2390.76 | 盈亏(含手续费): -52.98% (-609.88 USDT) | 累计权益: 538.94 | 原因: 触发止损 (入场:2329.99 止损:2376.59)
2026-05-14 15:39:54 | INFO    | binance_eth.trader | [2026-04-27 01:00:00] 🔴 开空 | 价格: 2394.61 | 仓位: 4.5012 | 止损: 2442.50 | 止盈: 2298.83 | 当前权益: 534.62 | 原因: RSI超买(>70) | 价格触及布林上轨
2026-05-14 15:39:54 | INFO    | binance_eth.trader | [2026-04-27 05:00:00] ⬇️  平空 | 价格: 2323.18 | 盈亏(含手续费): +58.88% (+317.34 USDT) | 累计权益: 851.96 | 原因: RSI超卖，建议止盈
2026-05-14 15:39:54 | INFO    | binance_eth.trader | [2026-04-29 03:00:00] 🔴 开空 | 价格: 2311.52 | 仓位: 7.3715 | 止损: 2357.75 | 止盈: 2219.06 | 当前权益: 845.15 | 原因: RSI超买(>70) | 价格触及布林上轨
2026-05-14 15:39:54 | INFO    | binance_eth.trader | [2026-04-29 15:00:00] ⬇️  平空 | 价格: 2272.51 | 盈亏(含手续费): +32.97% (+280.86 USDT) | 累计权益: 1129.40 | 原因: RSI超卖，建议止盈
2026-05-14 15:39:54 | INFO    | binance_eth.trader | [2026-04-29 18:00:00] 🟢 开多 | 价格: 2239.41 | 仓位: 10.0866 | 止损: 2194.62 | 止盈: 2328.99 | 当前权益: 1120.36 | 原因: RSI超卖(<30) | 价格触及布林下轨
2026-05-14 15:39:54 | INFO    | binance_eth.trader | [2026-05-01 03:00:00] ⬆️  平多 | 价格: 2282.87 | 盈亏(含手续费): +38.00% (+429.15 USDT) | 累计权益: 1540.40 | 原因: RSI超买，建议止盈
2026-05-14 15:39:54 | INFO    | binance_eth.trader | [2026-05-01 04:00:00] 🔴 开空 | 价格: 2280.12 | 仓位: 13.5116 | 止损: 2325.72 | 止盈: 2188.92 | 当前权益: 1528.08 | 原因: RSI超买(>70) | 价格触及布林上轨
2026-05-14 15:39:54 | INFO    | binance_eth.trader | [2026-05-02 21:00:00] ⬇️  平空 | 价格: 2325.62 | 盈亏(含手续费): -40.73% (-627.35 USDT) | 累计权益: 916.26 | 原因: MACD金叉信号
2026-05-14 15:39:54 | INFO    | binance_eth.trader | [2026-05-02 22:00:00] 🔴 开空 | 价格: 2327.00 | 仓位: 7.8750 | 止损: 2373.54 | 止盈: 2233.92 | 当前权益: 908.93 | 原因: RSI超买(>70) | 价格触及布林上轨
2026-05-14 15:39:54 | INFO    | binance_eth.trader | [2026-05-03 11:00:00] ⬇️  平空 | 价格: 2319.63 | 盈亏(含手续费): +5.54% (+50.73 USDT) | 累计权益: 963.30 | 原因: MACD金叉信号
2026-05-14 15:39:54 | INFO    | binance_eth.trader | [2026-05-04 01:00:00] 🟢 开多 | 价格: 2351.20 | 仓位: 8.1942 | 止损: 2304.18 | 止盈: 2445.25 | 当前权益: 955.60 | 原因: MACD金叉 | 价格触及布林上轨
2026-05-14 15:39:54 | INFO    | binance_eth.trader | [2026-05-04 02:00:00] ⬆️  平多 | 价格: 2374.73 | 盈亏(含手续费): +19.21% (+185.02 USDT) | 累计权益: 1140.62 | 原因: RSI超买，建议止盈
2026-05-14 15:39:54 | INFO    | binance_eth.trader | [2026-05-04 03:00:00] 🔴 开空 | 价格: 2385.12 | 仓位: 9.5645 | 止损: 2432.82 | 止盈: 2289.72 | 当前权益: 1131.50 | 原因: RSI超买(>70) | 价格触及布林上轨
2026-05-14 15:39:54 | INFO    | binance_eth.trader | [2026-05-05 03:00:00] ⬇️  平空 | 价格: 2382.43 | 盈亏(含手续费): +1.46% (+16.61 USDT) | 累计权益: 1154.86 | 原因: MACD金叉信号
2026-05-14 15:39:54 | INFO    | binance_eth.trader | [2026-05-06 08:00:00] 🟢 开多 | 价格: 2394.33 | 仓位: 9.6467 | 止损: 2346.44 | 止盈: 2490.10 | 当前权益: 1145.63 | 原因: RSI超买(>70) | MACD金叉 | 价格触及布林上轨
2026-05-14 15:39:54 | INFO    | binance_eth.trader | [2026-05-06 09:00:00] ⬆️  平多 | 价格: 2412.76 | 盈亏(含手续费): +14.59% (+168.48 USDT) | 累计权益: 1314.10 | 原因: RSI超买，建议止盈
2026-05-14 15:39:54 | INFO    | binance_eth.trader | [2026-05-06 10:00:00] 🔴 开空 | 价格: 2410.20 | 仓位: 10.9045 | 止损: 2458.40 | 止盈: 2313.79 | 当前权益: 1303.59 | 原因: RSI超买(>70) | 价格触及布林上轨
2026-05-14 15:39:54 | INFO    | binance_eth.trader | [2026-05-06 17:00:00] ⬇️  平空 | 价格: 2349.70 | 盈亏(含手续费): +49.42% (+649.47 USDT) | 累计权益: 1955.64 | 原因: RSI超卖，建议止盈
2026-05-14 15:39:54 | INFO    | binance_eth.trader | [2026-05-07 13:00:00] 🔴 开空 | 价格: 2314.32 | 仓位: 16.9003 | 止损: 2360.61 | 止盈: 2221.75 | 当前权益: 1939.99 | 原因: RSI超卖(<30) | MACD死叉
2026-05-14 15:39:54 | INFO    | binance_eth.trader | [2026-05-07 14:00:00] ⬇️  平空 | 价格: 2298.98 | 盈亏(含手续费): +12.46% (+243.71 USDT) | 累计权益: 2183.70 | 原因: RSI超卖，建议止盈
2026-05-14 15:39:54 | INFO    | binance_eth.trader | [2026-05-07 15:00:00] 🟢 开多 | 价格: 2294.82 | 仓位: 19.0316 | 止损: 2248.92 | 止盈: 2386.61 | 当前权益: 2161.87 | 原因: RSI超卖(<30) | 价格触及布林下轨
2026-05-14 15:39:54 | INFO    | binance_eth.trader | [2026-05-08 18:00:00] ⬆️  平多 | 价格: 2313.49 | 盈亏(含手续费): +15.46% (+337.71 USDT) | 累计权益: 2486.51 | 原因: RSI超买，建议止盈
2026-05-14 15:39:54 | INFO    | binance_eth.trader | [2026-05-08 19:00:00] 🔴 开空 | 价格: 2316.05 | 仓位: 21.4720 | 止损: 2362.37 | 止盈: 2223.41 | 当前权益: 2466.61 | 原因: RSI超买(>70) | 价格触及布林上轨
2026-05-14 15:39:55 | INFO    | binance_eth.trader | [2026-05-09 17:00:00] ⬇️  平空 | 价格: 2329.45 | 盈亏(含手续费): -12.38% (-307.73 USDT) | 累计权益: 2173.78 | 原因: MACD金叉信号
2026-05-14 15:39:55 | INFO    | binance_eth.trader | [2026-05-09 18:00:00] 🔴 开空 | 价格: 2330.22 | 仓位: 18.6573 | 止损: 2376.82 | 止盈: 2237.01 | 当前权益: 2156.39 | 原因: RSI超买(>70) | 价格触及布林上轨
2026-05-14 15:39:55 | INFO    | binance_eth.trader | [2026-05-10 15:00:00] ⬇️  平空 | 价格: 2347.56 | 盈亏(含手续费): -15.69% (-341.04 USDT) | 累计权益: 1828.42 | 原因: MACD金叉信号
2026-05-14 15:39:55 | INFO    | binance_eth.trader | [2026-05-10 16:00:00] 🔴 开空 | 价格: 2350.00 | 仓位: 15.5610 | 止损: 2397.00 | 止盈: 2256.00 | 当前权益: 1813.79 | 原因: RSI超买(>70) | 价格触及布林上轨
2026-05-14 15:39:55 | INFO    | binance_eth.trader | [2026-05-10 22:00:00] ⬇️  平空 | 价格: 2373.78 | 盈亏(含手续费): -21.05% (-384.82 USDT) | 累计权益: 1428.97 | 原因: MACD金叉信号
2026-05-14 15:39:55 | INFO    | binance_eth.trader | [2026-05-12 01:00:00] 🟢 开多 | 价格: 2311.41 | 仓位: 12.3645 | 止损: 2265.18 | 止盈: 2403.87 | 当前权益: 1417.54 | 原因: RSI超卖(<30) | MACD死叉 | 价格触及布林下轨
2026-05-14 15:39:55 | INFO    | binance_eth.trader | [2026-05-12 15:00:00] ⬆️  平多 | 价格: 2261.85 | 盈亏(含手续费): -43.67% (-623.97 USDT) | 累计权益: 787.94 | 原因: 触发止损 (入场:2311.41 止损:2265.18)
2026-05-14 15:39:55 | INFO    | binance_eth.trader | [2026-05-13 04:00:00] 🔴 开空 | 价格: 2306.67 | 仓位: 6.8318 | 止损: 2352.80 | 止盈: 2214.40 | 当前权益: 781.63 | 原因: RSI超买(>70) | 价格触及布林上轨
2026-05-14 15:39:55 | INFO    | binance_eth.trader | [2026-05-13 13:00:00] ⬇️  平空 | 价格: 2262.80 | 盈亏(含手续费): +37.25% (+293.53 USDT) | 累计权益: 1076.73 | 原因: RSI超卖，建议止盈
2026-05-14 15:39:55 | INFO    | binance_eth.trader | [2026-05-13 15:00:00] 🟢 开多 | 价格: 2236.49 | 仓位: 9.6288 | 止损: 2191.76 | 止盈: 2325.95 | 当前权益: 1065.96 | 原因: RSI超卖(<30) | 价格触及布林下轨
2026-05-14 15:39:55 | WARNING | binance_eth.trader | 回测结束时仍有持仓，强制平仓
2026-05-14 15:39:55 | INFO    | binance_eth.trader | ================================================================================
2026-05-14 15:39:55 | INFO    | binance_eth.trader | 回测结果汇总
2026-05-14 15:39:55 | INFO    | binance_eth.trader | ================================================================================
2026-05-14 15:39:55 | INFO    | binance_eth.trader | 初始资金: 1000.00 USDT
2026-05-14 15:39:55 | INFO    | binance_eth.trader | 最终资金: 1321.11 USDT
2026-05-14 15:39:55 | INFO    | binance_eth.trader | 总收益率: +32.11%
2026-05-14 15:39:55 | INFO    | binance_eth.trader | 最大回撤: -68.57%
2026-05-14 15:39:55 | INFO    | binance_eth.trader | 累计手续费(估算): 410.47 USDT
2026-05-14 15:39:55 | INFO    | binance_eth.trader | 累计资金费(估算): +27.86 USDT
2026-05-14 15:39:55 | INFO    | binance_eth.trader | 
2026-05-14 15:39:55 | INFO    | binance_eth.trader | 交易统计:
2026-05-14 15:39:55 | INFO    | binance_eth.trader |   总交易次数: 19
2026-05-14 15:39:55 | INFO    | binance_eth.trader |   盈利次数: 13 | 亏损次数: 6
2026-05-14 15:39:55 | INFO    | binance_eth.trader |   胜率: 68.4%
2026-05-14 15:39:55 | INFO    | binance_eth.trader |   平均盈利: 261.00 USDT | 平均亏损: -482.46 USDT
2026-05-14 15:39:55 | INFO    | binance_eth.trader |   盈亏比: 1.17
2026-05-14 15:39:55 | INFO    | binance_eth.trader | 
2026-05-14 15:39:55 | INFO    | binance_eth.trader | 交易明细:
2026-05-14 15:39:55 | INFO    | binance_eth.trader |   #1 [LONG] 入场: 2308.09 | 出场: 2327.84 | 盈亏: +16.31% (+163.07 USDT) | RSI超买，建议止盈
2026-05-14 15:39:55 | INFO    | binance_eth.trader |   #2 [SHORT] 入场: 2329.99 | 出场: 2390.76 | 盈亏: -52.98% (-609.88 USDT) | 触发止损 (入场:2329.99 止损:2376.59)
2026-05-14 15:39:55 | INFO    | binance_eth.trader |   #3 [SHORT] 入场: 2394.61 | 出场: 2323.18 | 盈亏: +58.88% (+317.34 USDT) | RSI超卖，建议止盈
2026-05-14 15:39:55 | INFO    | binance_eth.trader |   #4 [SHORT] 入场: 2311.52 | 出场: 2272.51 | 盈亏: +32.97% (+280.86 USDT) | RSI超卖，建议止盈
2026-05-14 15:39:55 | INFO    | binance_eth.trader |   #5 [LONG] 入场: 2239.41 | 出场: 2282.87 | 盈亏: +38.00% (+429.15 USDT) | RSI超买，建议止盈
2026-05-14 15:39:55 | INFO    | binance_eth.trader |   #6 [SHORT] 入场: 2280.12 | 出场: 2325.62 | 盈亏: -40.73% (-627.35 USDT) | MACD金叉信号
2026-05-14 15:39:55 | INFO    | binance_eth.trader |   #7 [SHORT] 入场: 2327.00 | 出场: 2319.63 | 盈亏: +5.54% (+50.73 USDT) | MACD金叉信号
2026-05-14 15:39:55 | INFO    | binance_eth.trader |   #8 [LONG] 入场: 2351.20 | 出场: 2374.73 | 盈亏: +19.21% (+185.02 USDT) | RSI超买，建议止盈
2026-05-14 15:39:55 | INFO    | binance_eth.trader |   #9 [SHORT] 入场: 2385.12 | 出场: 2382.43 | 盈亏: +1.46% (+16.61 USDT) | MACD金叉信号
2026-05-14 15:39:55 | INFO    | binance_eth.trader |   #10 [LONG] 入场: 2394.33 | 出场: 2412.76 | 盈亏: +14.59% (+168.48 USDT) | RSI超买，建议止盈
2026-05-14 15:39:55 | INFO    | binance_eth.trader |   #11 [SHORT] 入场: 2410.20 | 出场: 2349.70 | 盈亏: +49.42% (+649.47 USDT) | RSI超卖，建议止盈
2026-05-14 15:39:55 | INFO    | binance_eth.trader |   #12 [SHORT] 入场: 2314.32 | 出场: 2298.98 | 盈亏: +12.46% (+243.71 USDT) | RSI超卖，建议止盈
2026-05-14 15:39:55 | INFO    | binance_eth.trader |   #13 [LONG] 入场: 2294.82 | 出场: 2313.49 | 盈亏: +15.46% (+337.71 USDT) | RSI超买，建议止盈
2026-05-14 15:39:55 | INFO    | binance_eth.trader |   #14 [SHORT] 入场: 2316.05 | 出场: 2329.45 | 盈亏: -12.38% (-307.73 USDT) | MACD金叉信号
2026-05-14 15:39:55 | INFO    | binance_eth.trader |   #15 [SHORT] 入场: 2330.22 | 出场: 2347.56 | 盈亏: -15.69% (-341.04 USDT) | MACD金叉信号
2026-05-14 15:39:55 | INFO    | binance_eth.trader |   #16 [SHORT] 入场: 2350.00 | 出场: 2373.78 | 盈亏: -21.05% (-384.82 USDT) | MACD金叉信号
2026-05-14 15:39:55 | INFO    | binance_eth.trader |   #17 [LONG] 入场: 2311.41 | 出场: 2261.85 | 盈亏: -43.67% (-623.97 USDT) | 触发止损 (入场:2311.41 止损:2265.18)
2026-05-14 15:39:55 | INFO    | binance_eth.trader |   #18 [SHORT] 入场: 2306.67 | 出场: 2262.80 | 盈亏: +37.25% (+293.53 USDT) | RSI超卖，建议止盈
2026-05-14 15:39:55 | INFO    | binance_eth.trader |   #19 [LONG] 入场: 2236.49 | 出场: 2264.12 | 盈亏: +23.90% (+257.32 USDT) | 回测结束强制平仓
2026-05-14 15:39:55 | INFO    | binance_eth.trader | ================================================================================
2026-05-14 15:40:04 | INFO    | binance_eth.trader | 持仓中 [SHORT] | 入场: 2273.40 | 当前: 2270.41 | 盈亏: +2.63% (+26.30 USDT) | 爆仓价: 2375.70
2026-05-14 15:40:04 | INFO    | binance_eth.trader | 当前价格: 2270.41 | 持仓中，无平仓信号
2026-05-14 15:40:34 | INFO    | binance_eth.trader | 持仓中 [SHORT] | 入场: 2273.40 | 当前: 2269.41 | 盈亏: +3.51% (+35.10 USDT) | 爆仓价: 2375.70
2026-05-14 15:40:34 | INFO    | binance_eth.trader | 当前价格: 2269.41 | 持仓中，无平仓信号
2026-05-14 15:40:51 | INFO    | binance_eth.trader | ================================================================================
2026-05-14 15:40:51 | INFO    | binance_eth.trader | 交易策略回测报告
2026-05-14 15:40:51 | INFO    | binance_eth.trader | ================================================================================
2026-05-14 15:40:51 | INFO    | binance_eth.trader | 交易对: ETHUSDT | K线周期: 1h | 数据量: 500
2026-05-14 15:40:51 | INFO    | binance_eth.trader | 时间范围: 2026-04-23 07:00:00 至 2026-05-14 02:00:00
2026-05-14 15:40:51 | INFO    | binance_eth.trader | 初始资金: 1000.00 USDT | 杠杆: 20x
2026-05-14 15:40:51 | INFO    | binance_eth.trader | 止损: 1.5% | 止盈: 5.0%
2026-05-14 15:40:51 | INFO    | binance_eth.trader | 仓位: 全仓复投（每根K线按当前权益开仓）| 名义 < 5.0 USDT 或权益 ≤ 0 时终止回测
2026-05-14 15:40:51 | INFO    | binance_eth.trader | 成本: 吃单手续费 0.0400%/边 | 资金费 0.00010/8h（正=多头付；UTC 0/8/16）
2026-05-14 15:40:51 | INFO    | binance_eth.trader | ================================================================================
2026-05-14 15:40:51 | INFO    | binance_eth.trader | [2026-04-25 15:00:00] 🟢 开多 | 价格: 2308.09 | 仓位: 8.6652 | 止损: 2273.47 | 止盈: 2423.49 | 当前权益: 990.00 | 原因: RSI超卖(<30) | MACD死叉 | 价格触及布林下轨
2026-05-14 15:40:51 | INFO    | binance_eth.trader | [2026-04-26 05:00:00] ⬆️  平多 | 价格: 2327.84 | 盈亏(含手续费): +16.31% (+163.07 USDT) | 累计权益: 1151.06 | 原因: RSI超买，建议止盈
2026-05-14 15:40:51 | INFO    | binance_eth.trader | [2026-04-26 06:00:00] 🔴 开空 | 价格: 2329.99 | 仓位: 9.8804 | 止损: 2364.94 | 止盈: 2213.49 | 当前权益: 1141.85 | 原因: RSI超买(>70) | 价格触及布林上轨
2026-05-14 15:40:51 | INFO    | binance_eth.trader | [2026-04-26 19:00:00] ⬇️  平空 | 价格: 2367.40 | 盈亏(含手续费): -32.92% (-378.98 USDT) | 累计权益: 767.49 | 原因: 触发止损 (入场:2329.99 止损:2364.94)
2026-05-14 15:40:51 | INFO    | binance_eth.trader | [2026-04-27 00:00:00] 🔴 开空 | 价格: 2390.76 | 仓位: 6.4205 | 止损: 2426.62 | 止盈: 2271.22 | 当前权益: 761.35 | 原因: RSI超买(>70) | 价格触及布林上轨
2026-05-14 15:40:51 | INFO    | binance_eth.trader | [2026-04-27 05:00:00] ⬇️  平空 | 价格: 2323.18 | 盈亏(含手续费): +55.76% (+427.93 USDT) | 累计权益: 1189.28 | 原因: RSI超卖，建议止盈
2026-05-14 15:40:51 | INFO    | binance_eth.trader | [2026-04-29 03:00:00] 🔴 开空 | 价格: 2311.52 | 仓位: 10.2901 | 止损: 2346.19 | 止盈: 2195.94 | 当前权益: 1179.77 | 原因: RSI超买(>70) | 价格触及布林上轨
2026-05-14 15:40:51 | INFO    | binance_eth.trader | [2026-04-29 15:00:00] ⬇️  平空 | 价格: 2272.51 | 盈亏(含手续费): +32.97% (+392.06 USDT) | 累计权益: 1576.56 | 原因: RSI超卖，建议止盈
2026-05-14 15:40:51 | INFO    | binance_eth.trader | [2026-04-29 18:00:00] 🟢 开多 | 价格: 2239.41 | 仓位: 14.0801 | 止损: 2205.82 | 止盈: 2351.38 | 当前权益: 1563.95 | 原因: RSI超卖(<30) | 价格触及布林下轨
2026-05-14 15:40:51 | INFO    | binance_eth.trader | [2026-05-01 03:00:00] ⬆️  平多 | 价格: 2282.87 | 盈亏(含手续费): +38.00% (+599.07 USDT) | 累计权益: 2150.29 | 原因: RSI超买，建议止盈
2026-05-14 15:40:51 | INFO    | binance_eth.trader | [2026-05-01 04:00:00] 🔴 开空 | 价格: 2280.12 | 仓位: 18.8612 | 止损: 2314.32 | 止盈: 2166.11 | 当前权益: 2133.09 | 原因: RSI超买(>70) | 价格触及布林上轨
2026-05-14 15:40:51 | INFO    | binance_eth.trader | [2026-05-01 13:00:00] ⬇️  平空 | 价格: 2318.22 | 盈亏(含手续费): -34.23% (-736.10 USDT) | 累计权益: 1401.28 | 原因: 触发止损 (入场:2280.12 止损:2314.32)
2026-05-14 15:40:52 | INFO    | binance_eth.trader | [2026-05-02 21:00:00] 🟢 开多 | 价格: 2325.62 | 仓位: 12.0508 | 止损: 2290.74 | 止盈: 2441.90 | 当前权益: 1390.07 | 原因: RSI超买(>70) | MACD金叉 | 价格触及布林上轨
2026-05-14 15:40:52 | INFO    | binance_eth.trader | [2026-05-02 22:00:00] ⬆️  平多 | 价格: 2327.00 | 盈亏(含手续费): +0.39% (+5.41 USDT) | 累计权益: 1395.49 | 原因: RSI超买，建议止盈
2026-05-14 15:40:52 | INFO    | binance_eth.trader | [2026-05-03 11:00:00] 🟢 开多 | 价格: 2319.63 | 仓位: 12.0320 | 止损: 2284.84 | 止盈: 2435.61 | 当前权益: 1384.32 | 原因: MACD金叉
2026-05-14 15:40:52 | INFO    | binance_eth.trader | [2026-05-03 12:00:00] ⬆️  平多 | 价格: 2325.71 | 盈亏(含手续费): +4.44% (+61.96 USDT) | 累计权益: 1446.29 | 原因: RSI超买，建议止盈
2026-05-14 15:40:52 | INFO    | binance_eth.trader | [2026-05-04 01:00:00] 🟢 开多 | 价格: 2351.20 | 仓位: 12.3025 | 止损: 2315.93 | 止盈: 2468.76 | 当前权益: 1434.71 | 原因: MACD金叉 | 价格触及布林上轨
2026-05-14 15:40:52 | INFO    | binance_eth.trader | [2026-05-04 02:00:00] ⬆️  平多 | 价格: 2374.73 | 盈亏(含手续费): +19.21% (+277.79 USDT) | 累计权益: 1712.51 | 原因: RSI超买，建议止盈
2026-05-14 15:40:52 | INFO    | binance_eth.trader | [2026-05-04 03:00:00] 🔴 开空 | 价格: 2385.12 | 仓位: 14.3599 | 止损: 2420.90 | 止盈: 2265.86 | 当前权益: 1698.81 | 原因: RSI超买(>70) | 价格触及布林上轨
2026-05-14 15:40:52 | INFO    | binance_eth.trader | [2026-05-05 03:00:00] ⬇️  平空 | 价格: 2382.43 | 盈亏(含手续费): +1.46% (+24.94 USDT) | 累计权益: 1733.89 | 原因: MACD金叉信号
2026-05-14 15:40:52 | INFO    | binance_eth.trader | [2026-05-06 08:00:00] 🟢 开多 | 价格: 2394.33 | 仓位: 14.4833 | 止损: 2358.42 | 止盈: 2514.05 | 当前权益: 1720.02 | 原因: RSI超买(>70) | MACD金叉 | 价格触及布林上轨
2026-05-14 15:40:52 | INFO    | binance_eth.trader | [2026-05-06 09:00:00] ⬆️  平多 | 价格: 2412.76 | 盈亏(含手续费): +14.59% (+252.95 USDT) | 累计权益: 1972.97 | 原因: RSI超买，建议止盈
2026-05-14 15:40:52 | INFO    | binance_eth.trader | [2026-05-06 10:00:00] 🔴 开空 | 价格: 2410.20 | 仓位: 16.3718 | 止损: 2446.35 | 止盈: 2289.69 | 当前权益: 1957.18 | 原因: RSI超买(>70) | 价格触及布林上轨
2026-05-14 15:40:52 | INFO    | binance_eth.trader | [2026-05-06 17:00:00] ⬇️  平空 | 价格: 2349.70 | 盈亏(含手续费): +49.42% (+975.11 USDT) | 累计权益: 2936.15 | 原因: RSI超卖，建议止盈
2026-05-14 15:40:52 | INFO    | binance_eth.trader | [2026-05-07 13:00:00] 🔴 开空 | 价格: 2314.32 | 仓位: 25.3738 | 止损: 2349.03 | 止盈: 2198.60 | 当前权益: 2912.66 | 原因: RSI超卖(<30) | MACD死叉
2026-05-14 15:40:52 | INFO    | binance_eth.trader | [2026-05-07 14:00:00] ⬇️  平空 | 价格: 2298.98 | 盈亏(含手续费): +12.46% (+365.90 USDT) | 累计权益: 3278.56 | 原因: RSI超卖，建议止盈
2026-05-14 15:40:52 | INFO    | binance_eth.trader | [2026-05-07 15:00:00] 🟢 开多 | 价格: 2294.82 | 仓位: 28.5736 | 止损: 2260.40 | 止盈: 2409.56 | 当前权益: 3245.78 | 原因: RSI超卖(<30) | 价格触及布林下轨
2026-05-14 15:40:52 | INFO    | binance_eth.trader | [2026-05-08 18:00:00] ⬆️  平多 | 价格: 2313.49 | 盈亏(含手续费): +15.46% (+507.03 USDT) | 累计权益: 3733.19 | 原因: RSI超买，建议止盈
2026-05-14 15:40:52 | INFO    | binance_eth.trader | [2026-05-08 19:00:00] 🔴 开空 | 价格: 2316.05 | 仓位: 32.2375 | 止损: 2350.79 | 止盈: 2200.25 | 当前权益: 3703.32 | 原因: RSI超买(>70) | 价格触及布林上轨
2026-05-14 15:40:52 | INFO    | binance_eth.trader | [2026-05-09 17:00:00] ⬇️  平空 | 价格: 2329.45 | 盈亏(含手续费): -12.38% (-462.02 USDT) | 累计权益: 3263.67 | 原因: MACD金叉信号
2026-05-14 15:40:52 | INFO    | binance_eth.trader | [2026-05-09 18:00:00] 🔴 开空 | 价格: 2330.22 | 仓位: 28.0117 | 止损: 2365.17 | 止盈: 2213.71 | 当前权益: 3237.56 | 原因: RSI超买(>70) | 价格触及布林上轨
2026-05-14 15:40:52 | INFO    | binance_eth.trader | [2026-05-10 15:00:00] ⬇️  平空 | 价格: 2347.56 | 盈亏(含手续费): -15.69% (-512.03 USDT) | 累计权益: 2745.15 | 原因: MACD金叉信号
2026-05-14 15:40:52 | INFO    | binance_eth.trader | [2026-05-10 16:00:00] 🔴 开空 | 价格: 2350.00 | 仓位: 23.3630 | 止损: 2385.25 | 止盈: 2232.50 | 当前权益: 2723.19 | 原因: RSI超买(>70) | 价格触及布林上轨
2026-05-14 15:40:52 | INFO    | binance_eth.trader | [2026-05-10 22:00:00] ⬇️  平空 | 价格: 2373.78 | 盈亏(含手续费): -21.05% (-577.75 USDT) | 累计权益: 2145.43 | 原因: MACD金叉信号
2026-05-14 15:40:52 | INFO    | binance_eth.trader | [2026-05-12 01:00:00] 🟢 开多 | 价格: 2311.41 | 仓位: 18.5638 | 止损: 2276.74 | 止盈: 2426.98 | 当前权益: 2128.27 | 原因: RSI超卖(<30) | MACD死叉 | 价格触及布林下轨
2026-05-14 15:40:52 | INFO    | binance_eth.trader | [2026-05-12 13:00:00] ⬆️  平多 | 价格: 2271.99 | 盈亏(含手续费): -34.90% (-748.66 USDT) | 累计权益: 1375.35 | 原因: 触发止损 (入场:2311.41 止损:2276.74)
2026-05-14 15:40:52 | INFO    | binance_eth.trader | [2026-05-13 04:00:00] 🔴 开空 | 价格: 2306.67 | 仓位: 11.9250 | 止损: 2341.27 | 止盈: 2191.34 | 当前权益: 1364.35 | 原因: RSI超买(>70) | 价格触及布林上轨
2026-05-14 15:40:52 | INFO    | binance_eth.trader | [2026-05-13 13:00:00] ⬇️  平空 | 价格: 2262.80 | 盈亏(含手续费): +37.25% (+512.36 USDT) | 累计权益: 1879.45 | 原因: RSI超卖，建议止盈
2026-05-14 15:40:52 | INFO    | binance_eth.trader | [2026-05-13 15:00:00] 🟢 开多 | 价格: 2236.49 | 仓位: 16.8071 | 止损: 2202.94 | 止盈: 2348.31 | 当前权益: 1860.65 | 原因: RSI超卖(<30) | 价格触及布林下轨
2026-05-14 15:40:52 | WARNING | binance_eth.trader | 回测结束时仍有持仓，强制平仓
2026-05-14 15:40:52 | INFO    | binance_eth.trader | ================================================================================
2026-05-14 15:40:52 | INFO    | binance_eth.trader | 回测结果汇总
2026-05-14 15:40:52 | INFO    | binance_eth.trader | ================================================================================
2026-05-14 15:40:52 | INFO    | binance_eth.trader | 初始资金: 1000.00 USDT
2026-05-14 15:40:52 | INFO    | binance_eth.trader | 最终资金: 2306.02 USDT
2026-05-14 15:40:52 | INFO    | binance_eth.trader | 总收益率: +130.60%
2026-05-14 15:40:52 | INFO    | binance_eth.trader | 最大回撤: -63.45%
2026-05-14 15:40:52 | INFO    | binance_eth.trader | 累计手续费(估算): 622.26 USDT
2026-05-14 15:40:52 | INFO    | binance_eth.trader | 累计资金费(估算): +17.66 USDT
2026-05-14 15:40:52 | INFO    | binance_eth.trader | 
2026-05-14 15:40:52 | INFO    | binance_eth.trader | 交易统计:
2026-05-14 15:40:52 | INFO    | binance_eth.trader |   总交易次数: 20
2026-05-14 15:40:52 | INFO    | binance_eth.trader |   盈利次数: 14 | 亏损次数: 6
2026-05-14 15:40:52 | INFO    | binance_eth.trader |   胜率: 70.0%
2026-05-14 15:40:52 | INFO    | binance_eth.trader |   平均盈利: 358.20 USDT | 平均亏损: -569.26 USDT
2026-05-14 15:40:52 | INFO    | binance_eth.trader |   盈亏比: 1.47
2026-05-14 15:40:52 | INFO    | binance_eth.trader | 
2026-05-14 15:40:52 | INFO    | binance_eth.trader | 交易明细:
2026-05-14 15:40:52 | INFO    | binance_eth.trader |   #1 [LONG] 入场: 2308.09 | 出场: 2327.84 | 盈亏: +16.31% (+163.07 USDT) | RSI超买，建议止盈
2026-05-14 15:40:52 | INFO    | binance_eth.trader |   #2 [SHORT] 入场: 2329.99 | 出场: 2367.40 | 盈亏: -32.92% (-378.98 USDT) | 触发止损 (入场:2329.99 止损:2364.94)
2026-05-14 15:40:52 | INFO    | binance_eth.trader |   #3 [SHORT] 入场: 2390.76 | 出场: 2323.18 | 盈亏: +55.76% (+427.93 USDT) | RSI超卖，建议止盈
2026-05-14 15:40:52 | INFO    | binance_eth.trader |   #4 [SHORT] 入场: 2311.52 | 出场: 2272.51 | 盈亏: +32.97% (+392.06 USDT) | RSI超卖，建议止盈
2026-05-14 15:40:52 | INFO    | binance_eth.trader |   #5 [LONG] 入场: 2239.41 | 出场: 2282.87 | 盈亏: +38.00% (+599.07 USDT) | RSI超买，建议止盈
2026-05-14 15:40:52 | INFO    | binance_eth.trader |   #6 [SHORT] 入场: 2280.12 | 出场: 2318.22 | 盈亏: -34.23% (-736.10 USDT) | 触发止损 (入场:2280.12 止损:2314.32)
2026-05-14 15:40:52 | INFO    | binance_eth.trader |   #7 [LONG] 入场: 2325.62 | 出场: 2327.00 | 盈亏: +0.39% (+5.41 USDT) | RSI超买，建议止盈
2026-05-14 15:40:52 | INFO    | binance_eth.trader |   #8 [LONG] 入场: 2319.63 | 出场: 2325.71 | 盈亏: +4.44% (+61.96 USDT) | RSI超买，建议止盈
2026-05-14 15:40:52 | INFO    | binance_eth.trader |   #9 [LONG] 入场: 2351.20 | 出场: 2374.73 | 盈亏: +19.21% (+277.79 USDT) | RSI超买，建议止盈
2026-05-14 15:40:52 | INFO    | binance_eth.trader |   #10 [SHORT] 入场: 2385.12 | 出场: 2382.43 | 盈亏: +1.46% (+24.94 USDT) | MACD金叉信号
2026-05-14 15:40:52 | INFO    | binance_eth.trader |   #11 [LONG] 入场: 2394.33 | 出场: 2412.76 | 盈亏: +14.59% (+252.95 USDT) | RSI超买，建议止盈
2026-05-14 15:40:52 | INFO    | binance_eth.trader |   #12 [SHORT] 入场: 2410.20 | 出场: 2349.70 | 盈亏: +49.42% (+975.11 USDT) | RSI超卖，建议止盈
2026-05-14 15:40:52 | INFO    | binance_eth.trader |   #13 [SHORT] 入场: 2314.32 | 出场: 2298.98 | 盈亏: +12.46% (+365.90 USDT) | RSI超卖，建议止盈
2026-05-14 15:40:52 | INFO    | binance_eth.trader |   #14 [LONG] 入场: 2294.82 | 出场: 2313.49 | 盈亏: +15.46% (+507.03 USDT) | RSI超买，建议止盈
2026-05-14 15:40:52 | INFO    | binance_eth.trader |   #15 [SHORT] 入场: 2316.05 | 出场: 2329.45 | 盈亏: -12.38% (-462.02 USDT) | MACD金叉信号
2026-05-14 15:40:52 | INFO    | binance_eth.trader |   #16 [SHORT] 入场: 2330.22 | 出场: 2347.56 | 盈亏: -15.69% (-512.03 USDT) | MACD金叉信号
2026-05-14 15:40:52 | INFO    | binance_eth.trader |   #17 [SHORT] 入场: 2350.00 | 出场: 2373.78 | 盈亏: -21.05% (-577.75 USDT) | MACD金叉信号
2026-05-14 15:40:52 | INFO    | binance_eth.trader |   #18 [LONG] 入场: 2311.41 | 出场: 2271.99 | 盈亏: -34.90% (-748.66 USDT) | 触发止损 (入场:2311.41 止损:2276.74)
2026-05-14 15:40:52 | INFO    | binance_eth.trader |   #19 [SHORT] 入场: 2306.67 | 出场: 2262.80 | 盈亏: +37.25% (+512.36 USDT) | RSI超卖，建议止盈
2026-05-14 15:40:52 | INFO    | binance_eth.trader |   #20 [LONG] 入场: 2236.49 | 出场: 2264.12 | 盈亏: +23.90% (+449.16 USDT) | 回测结束强制平仓
2026-05-14 15:40:52 | INFO    | binance_eth.trader | ================================================================================
2026-05-14 15:41:05 | INFO    | binance_eth.trader | 持仓中 [SHORT] | 入场: 2273.40 | 当前: 2269.84 | 盈亏: +3.13% (+31.32 USDT) | 爆仓价: 2375.70
2026-05-14 15:41:05 | INFO    | binance_eth.trader | 当前价格: 2269.84 | 持仓中，无平仓信号
2026-05-14 15:41:35 | INFO    | binance_eth.trader | 持仓中 [SHORT] | 入场: 2273.40 | 当前: 2269.20 | 盈亏: +3.69% (+36.95 USDT) | 爆仓价: 2375.70
2026-05-14 15:41:35 | INFO    | binance_eth.trader | 当前价格: 2269.20 | 持仓中，无平仓信号
2026-05-14 15:42:06 | INFO    | binance_eth.trader | 持仓中 [SHORT] | 入场: 2273.40 | 当前: 2269.78 | 盈亏: +3.18% (+31.85 USDT) | 爆仓价: 2375.70
2026-05-14 15:42:06 | INFO    | binance_eth.trader | 当前价格: 2269.78 | 持仓中，无平仓信号
2026-05-14 15:42:37 | INFO    | binance_eth.trader | 持仓中 [SHORT] | 入场: 2273.40 | 当前: 2270.07 | 盈亏: +2.93% (+29.30 USDT) | 爆仓价: 2375.70
2026-05-14 15:42:37 | INFO    | binance_eth.trader | 当前价格: 2270.07 | 持仓中，无平仓信号
2026-05-14 15:42:50 | INFO    | binance_eth.trader | 交易推荐系统已停止
2026-05-14 15:42:50 | WARNING | binance_eth.trader | 注意: 当前仍有持仓 [SHORT] 入场价: 2273.40
2026-05-14 15:43:51 | WARNING | binance_eth.trader | ================================================================================
2026-05-14 15:43:51 | WARNING | binance_eth.trader | ⚠️  交易策略推荐系统 - 仅供参考，不构成投资建议
2026-05-14 15:43:51 | WARNING | binance_eth.trader | ⚠️  杠杆交易风险极高，可能导致全部本金损失
2026-05-14 15:43:51 | WARNING | binance_eth.trader | ================================================================================
2026-05-14 15:43:51 | INFO    | binance_eth.trader | 交易对: ETHUSDT | K线周期: 5m
2026-05-14 15:43:51 | INFO    | binance_eth.trader | 初始本金: 1000.00 USDT | 杠杆: 20x
2026-05-14 15:43:51 | INFO    | binance_eth.trader | 仓位模式: 全仓复投（模拟权益随平仓更新）| 最小开仓名义: 5.0 USDT
2026-05-14 15:43:51 | INFO    | binance_eth.trader | 止损: 1.5% | 止盈: 5.0%
2026-05-14 15:43:51 | INFO    | binance_eth.trader | 成本模型: 吃单手续费 0.0400%/边 | 资金费 0.00010/8h（正=多头付；UTC 0/8/16 点结算）
2026-05-14 15:43:51 | INFO    | binance_eth.trader | 检查间隔: 30 秒
2026-05-14 15:43:51 | INFO    | binance_eth.trader | ================================================================================
2026-05-14 15:43:51 | INFO    | binance_eth.trader | 交易信号邮件推送已启用，收件人: 1175371321@qq.com
2026-05-14 15:43:51 | INFO    | binance_eth.trader | 当前价格: 2269.83 | 信号不足
2026-05-14 15:44:22 | INFO    | binance_eth.trader | 当前价格: 2269.55 | 信号不足
2026-05-14 15:44:52 | INFO    | binance_eth.trader | 当前价格: 2269.58 | 信号不足
2026-05-14 15:45:22 | INFO    | binance_eth.trader | 当前价格: 2269.52 | 信号不足
2026-05-14 15:45:52 | INFO    | binance_eth.trader | 当前价格: 2269.29 | 信号不足
2026-05-14 15:46:23 | INFO    | binance_eth.trader | 当前价格: 2269.34 | 信号不足
2026-05-14 15:46:53 | INFO    | binance_eth.trader | 当前价格: 2268.99 | 信号不足
2026-05-14 15:47:23 | INFO    | binance_eth.trader | 当前价格: 2268.53 | 信号不足
2026-05-14 15:47:53 | INFO    | binance_eth.trader | 当前价格: 2268.52 | 信号不足
2026-05-14 15:48:28 | WARNING | binance_eth.client | GET /api/v3/klines failed (attempt 1/3): ('Connection aborted.', ConnectionResetError(104, 'Connection reset by peer')) — retry in 1.5s
2026-05-14 15:48:30 | INFO    | binance_eth.trader | 当前价格: 2268.74 | 信号不足
2026-05-14 15:49:00 | INFO    | binance_eth.trader | 当前价格: 2268.95 | 信号不足
2026-05-14 15:49:30 | INFO    | binance_eth.trader | 当前价格: 2268.96 | 信号不足
2026-05-14 15:50:01 | INFO    | binance_eth.trader | 当前价格: 2268.86 | 信号不足
2026-05-14 15:50:31 | INFO    | binance_eth.trader | 当前价格: 2267.90 | 信号不足
2026-05-14 15:51:01 | INFO    | binance_eth.trader | 当前价格: 2267.46 | 信号不足
2026-05-14 15:51:31 | INFO    | binance_eth.trader | 当前价格: 2268.31 | 信号不足
2026-05-14 15:52:01 | INFO    | binance_eth.trader | 当前价格: 2268.75 | 信号不足
2026-05-14 15:52:32 | INFO    | binance_eth.trader | 当前价格: 2268.97 | 信号不足
2026-05-14 15:53:02 | INFO    | binance_eth.trader | 当前价格: 2268.58 | 信号不足
2026-05-14 15:53:32 | INFO    | binance_eth.trader | 当前价格: 2268.84 | 信号不足
2026-05-14 15:54:02 | INFO    | binance_eth.trader | 当前价格: 2269.08 | 信号不足
2026-05-14 15:54:32 | INFO    | binance_eth.trader | 当前价格: 2267.97 | 信号不足
2026-05-14 15:55:03 | INFO    | binance_eth.trader | 当前价格: 2267.81 | 信号不足
2026-05-14 15:55:33 | INFO    | binance_eth.trader | 当前价格: 2268.55 | 信号不足
2026-05-14 15:56:03 | INFO    | binance_eth.trader | 当前价格: 2269.05 | 信号不足
2026-05-14 15:56:33 | INFO    | binance_eth.trader | 当前价格: 2269.23 | 信号不足
2026-05-14 15:57:03 | INFO    | binance_eth.trader | 当前价格: 2268.65 | 信号不足
2026-05-14 15:57:33 | INFO    | binance_eth.trader | 当前价格: 2268.19 | 信号不足
2026-05-14 15:58:04 | INFO    | binance_eth.trader | 当前价格: 2268.29 | 信号不足
2026-05-14 15:58:34 | INFO    | binance_eth.trader | 当前价格: 2266.89 | 信号不足
2026-05-14 15:59:04 | INFO    | binance_eth.trader | 当前价格: 2265.92 | 信号不足
2026-05-14 15:59:34 | INFO    | binance_eth.trader | 当前价格: 2265.36 | 信号不足
2026-05-14 16:00:05 | INFO    | binance_eth.trader | 当前价格: 2265.91 | 信号不足
2026-05-14 16:00:35 | INFO    | binance_eth.trader | 当前价格: 2266.98 | 信号不足
2026-05-14 16:01:05 | INFO    | binance_eth.trader | 当前价格: 2266.91 | 信号不足
2026-05-14 16:01:35 | INFO    | binance_eth.trader | 当前价格: 2266.54 | 信号不足
2026-05-14 16:02:05 | INFO    | binance_eth.trader | 当前价格: 2265.23 | 信号不足
2026-05-14 16:02:36 | INFO    | binance_eth.trader | 当前价格: 2263.88 | 信号不足
2026-05-14 16:03:06 | INFO    | binance_eth.trader | 当前价格: 2264.07 | 信号不足
2026-05-14 16:03:36 | INFO    | binance_eth.trader | 当前价格: 2263.85 | 信号不足
2026-05-14 16:04:06 | WARNING | binance_eth.trader | 🟢 开多信号 | 价格: 2262.58 | 原因: RSI超卖(<30) | 价格触及布林下轨
2026-05-14 16:04:06 | WARNING | binance_eth.trader |    建议仓位: 8.8395 ETH (约 20000.00 USDT)
2026-05-14 16:04:06 | WARNING | binance_eth.trader |    止损: 2228.64 (1.50%) | 止盈: 2375.71 (5.00%)
2026-05-14 16:04:08 | INFO    | binance_eth.email_notify | 交易信号邮件已发送: [ETHUSDT] 开多信号
2026-05-14 16:04:38 | INFO    | binance_eth.trader | 持仓中 [LONG] | 入场: 2262.58 | 当前: 2263.17 | 浮动盈亏: +0.52% (+5.22 USDT) | 模拟权益: -122564.21 | 爆仓价: 2160.76
2026-05-14 16:04:38 | INFO    | binance_eth.trader | 当前价格: 2263.17 | 持仓中，无平仓信号
2026-05-14 16:05:08 | INFO    | binance_eth.trader | 持仓中 [LONG] | 入场: 2262.58 | 当前: 2262.53 | 浮动盈亏: -0.04% (-0.44 USDT) | 模拟权益: -122564.21 | 爆仓价: 2160.76
2026-05-14 16:05:08 | INFO    | binance_eth.trader | 当前价格: 2262.53 | 持仓中，无平仓信号
2026-05-14 16:05:38 | INFO    | binance_eth.trader | 持仓中 [LONG] | 入场: 2262.58 | 当前: 2262.39 | 浮动盈亏: -0.17% (-1.68 USDT) | 模拟权益: -122564.21 | 爆仓价: 2160.76
2026-05-14 16:05:38 | INFO    | binance_eth.trader | 当前价格: 2262.39 | 持仓中，无平仓信号
2026-05-14 16:06:09 | INFO    | binance_eth.trader | 持仓中 [LONG] | 入场: 2262.58 | 当前: 2262.38 | 浮动盈亏: -0.18% (-1.77 USDT) | 模拟权益: -122564.21 | 爆仓价: 2160.76
2026-05-14 16:06:09 | INFO    | binance_eth.trader | 当前价格: 2262.38 | 持仓中，无平仓信号
2026-05-14 16:06:39 | INFO    | binance_eth.trader | 持仓中 [LONG] | 入场: 2262.58 | 当前: 2263.02 | 浮动盈亏: +0.39% (+3.89 USDT) | 模拟权益: -122564.21 | 爆仓价: 2160.76
2026-05-14 16:06:39 | INFO    | binance_eth.trader | 当前价格: 2263.02 | 持仓中，无平仓信号
2026-05-14 16:07:09 | INFO    | binance_eth.trader | 持仓中 [LONG] | 入场: 2262.58 | 当前: 2263.58 | 浮动盈亏: +0.88% (+8.84 USDT) | 模拟权益: -122564.21 | 爆仓价: 2160.76
2026-05-14 16:07:09 | INFO    | binance_eth.trader | 当前价格: 2263.58 | 持仓中，无平仓信号
2026-05-14 16:07:39 | INFO    | binance_eth.trader | 持仓中 [LONG] | 入场: 2262.58 | 当前: 2264.21 | 浮动盈亏: +1.44% (+14.41 USDT) | 模拟权益: -122564.21 | 爆仓价: 2160.76
2026-05-14 16:07:39 | INFO    | binance_eth.trader | 当前价格: 2264.21 | 持仓中，无平仓信号
2026-05-14 16:08:09 | INFO    | binance_eth.trader | 持仓中 [LONG] | 入场: 2262.58 | 当前: 2265.07 | 浮动盈亏: +2.20% (+22.01 USDT) | 模拟权益: -122564.21 | 爆仓价: 2160.76
2026-05-14 16:08:09 | INFO    | binance_eth.trader | 当前价格: 2265.07 | 持仓中，无平仓信号
2026-05-14 16:08:40 | INFO    | binance_eth.trader | 持仓中 [LONG] | 入场: 2262.58 | 当前: 2265.35 | 浮动盈亏: +2.45% (+24.49 USDT) | 模拟权益: -122564.21 | 爆仓价: 2160.76
2026-05-14 16:08:40 | INFO    | binance_eth.trader | 当前价格: 2265.35 | 持仓中，无平仓信号
2026-05-14 16:09:10 | INFO    | binance_eth.trader | 持仓中 [LONG] | 入场: 2262.58 | 当前: 2266.36 | 浮动盈亏: +3.34% (+33.41 USDT) | 模拟权益: -122564.21 | 爆仓价: 2160.76
2026-05-14 16:09:10 | INFO    | binance_eth.trader | 当前价格: 2266.36 | 持仓中，无平仓信号
2026-05-14 16:09:40 | INFO    | binance_eth.trader | 持仓中 [LONG] | 入场: 2262.58 | 当前: 2266.35 | 浮动盈亏: +3.33% (+33.32 USDT) | 模拟权益: -122564.21 | 爆仓价: 2160.76
2026-05-14 16:09:40 | INFO    | binance_eth.trader | 当前价格: 2266.35 | 持仓中，无平仓信号
2026-05-14 16:10:10 | INFO    | binance_eth.trader | 持仓中 [LONG] | 入场: 2262.58 | 当前: 2266.67 | 浮动盈亏: +3.62% (+36.15 USDT) | 模拟权益: -122564.21 | 爆仓价: 2160.76
2026-05-14 16:10:10 | INFO    | binance_eth.trader | 当前价格: 2266.67 | 持仓中，无平仓信号
2026-05-14 16:10:40 | INFO    | binance_eth.trader | 持仓中 [LONG] | 入场: 2262.58 | 当前: 2267.88 | 浮动盈亏: +4.68% (+46.85 USDT) | 模拟权益: -122564.21 | 爆仓价: 2160.76
2026-05-14 16:10:40 | INFO    | binance_eth.trader | 当前价格: 2267.88 | 持仓中，无平仓信号
2026-05-14 16:11:11 | INFO    | binance_eth.trader | 持仓中 [LONG] | 入场: 2262.58 | 当前: 2269.21 | 浮动盈亏: +5.86% (+58.61 USDT) | 模拟权益: -122564.21 | 爆仓价: 2160.76
2026-05-14 16:11:11 | INFO    | binance_eth.trader | 当前价格: 2269.21 | 持仓中，无平仓信号
2026-05-14 16:11:41 | INFO    | binance_eth.trader | 持仓中 [LONG] | 入场: 2262.58 | 当前: 2269.78 | 浮动盈亏: +6.36% (+63.64 USDT) | 模拟权益: -122564.21 | 爆仓价: 2160.76
2026-05-14 16:11:41 | INFO    | binance_eth.trader | 当前价格: 2269.78 | 持仓中，无平仓信号
2026-05-14 16:12:11 | INFO    | binance_eth.trader | 持仓中 [LONG] | 入场: 2262.58 | 当前: 2268.26 | 浮动盈亏: +5.02% (+50.21 USDT) | 模拟权益: -122564.21 | 爆仓价: 2160.76
2026-05-14 16:12:11 | INFO    | binance_eth.trader | 当前价格: 2268.26 | 持仓中，无平仓信号
2026-05-14 16:12:41 | INFO    | binance_eth.trader | 持仓中 [LONG] | 入场: 2262.58 | 当前: 2268.24 | 浮动盈亏: +5.00% (+50.03 USDT) | 模拟权益: -122564.21 | 爆仓价: 2160.76
2026-05-14 16:12:41 | INFO    | binance_eth.trader | 当前价格: 2268.24 | 持仓中，无平仓信号
2026-05-14 16:13:11 | INFO    | binance_eth.trader | 持仓中 [LONG] | 入场: 2262.58 | 当前: 2268.40 | 浮动盈亏: +5.14% (+51.45 USDT) | 模拟权益: -122564.21 | 爆仓价: 2160.76
2026-05-14 16:13:11 | INFO    | binance_eth.trader | 当前价格: 2268.40 | 持仓中，无平仓信号
2026-05-14 16:13:42 | INFO    | binance_eth.trader | 持仓中 [LONG] | 入场: 2262.58 | 当前: 2268.00 | 浮动盈亏: +4.79% (+47.91 USDT) | 模拟权益: -122564.21 | 爆仓价: 2160.76
2026-05-14 16:13:42 | INFO    | binance_eth.trader | 当前价格: 2268.00 | 持仓中，无平仓信号
2026-05-14 16:14:12 | INFO    | binance_eth.trader | 持仓中 [LONG] | 入场: 2262.58 | 当前: 2268.16 | 浮动盈亏: +4.93% (+49.32 USDT) | 模拟权益: -122564.21 | 爆仓价: 2160.76
2026-05-14 16:14:12 | INFO    | binance_eth.trader | 当前价格: 2268.16 | 持仓中，无平仓信号
2026-05-14 16:14:42 | INFO    | binance_eth.trader | 持仓中 [LONG] | 入场: 2262.58 | 当前: 2268.16 | 浮动盈亏: +4.93% (+49.32 USDT) | 模拟权益: -122564.21 | 爆仓价: 2160.76
2026-05-14 16:14:42 | INFO    | binance_eth.trader | 当前价格: 2268.16 | 持仓中，无平仓信号
2026-05-14 16:15:12 | INFO    | binance_eth.trader | 持仓中 [LONG] | 入场: 2262.58 | 当前: 2269.07 | 浮动盈亏: +5.74% (+57.37 USDT) | 模拟权益: -122564.21 | 爆仓价: 2160.76
2026-05-14 16:15:12 | INFO    | binance_eth.trader | 当前价格: 2269.07 | 持仓中，无平仓信号
2026-05-14 16:15:42 | INFO    | binance_eth.trader | 持仓中 [LONG] | 入场: 2262.58 | 当前: 2268.86 | 浮动盈亏: +5.55% (+55.51 USDT) | 模拟权益: -122564.21 | 爆仓价: 2160.76
2026-05-14 16:15:42 | INFO    | binance_eth.trader | 当前价格: 2268.86 | 持仓中，无平仓信号
2026-05-14 16:16:13 | INFO    | binance_eth.trader | 持仓中 [LONG] | 入场: 2262.58 | 当前: 2269.18 | 浮动盈亏: +5.83% (+58.34 USDT) | 模拟权益: -122564.21 | 爆仓价: 2160.76
2026-05-14 16:16:13 | INFO    | binance_eth.trader | 当前价格: 2269.18 | 持仓中，无平仓信号
2026-05-14 16:16:43 | INFO    | binance_eth.trader | 持仓中 [LONG] | 入场: 2262.58 | 当前: 2268.82 | 浮动盈亏: +5.52% (+55.16 USDT) | 模拟权益: -122564.21 | 爆仓价: 2160.76
2026-05-14 16:16:43 | INFO    | binance_eth.trader | 当前价格: 2268.82 | 持仓中，无平仓信号
2026-05-14 16:17:13 | INFO    | binance_eth.trader | 持仓中 [LONG] | 入场: 2262.58 | 当前: 2269.08 | 浮动盈亏: +5.75% (+57.46 USDT) | 模拟权益: -122564.21 | 爆仓价: 2160.76
2026-05-14 16:17:13 | INFO    | binance_eth.trader | 当前价格: 2269.08 | 持仓中，无平仓信号
2026-05-14 16:17:43 | INFO    | binance_eth.trader | 持仓中 [LONG] | 入场: 2262.58 | 当前: 2268.82 | 浮动盈亏: +5.52% (+55.16 USDT) | 模拟权益: -122564.21 | 爆仓价: 2160.76
2026-05-14 16:17:43 | INFO    | binance_eth.trader | 当前价格: 2268.82 | 持仓中，无平仓信号
2026-05-14 16:18:13 | INFO    | binance_eth.trader | 持仓中 [LONG] | 入场: 2262.58 | 当前: 2268.67 | 浮动盈亏: +5.38% (+53.83 USDT) | 模拟权益: -122564.21 | 爆仓价: 2160.76
2026-05-14 16:18:13 | INFO    | binance_eth.trader | 当前价格: 2268.67 | 持仓中，无平仓信号
2026-05-14 16:18:44 | INFO    | binance_eth.trader | 持仓中 [LONG] | 入场: 2262.58 | 当前: 2268.37 | 浮动盈亏: +5.12% (+51.18 USDT) | 模拟权益: -122564.21 | 爆仓价: 2160.76
2026-05-14 16:18:44 | INFO    | binance_eth.trader | 当前价格: 2268.37 | 持仓中，无平仓信号
2026-05-14 16:19:14 | INFO    | binance_eth.trader | 持仓中 [LONG] | 入场: 2262.58 | 当前: 2268.70 | 浮动盈亏: +5.41% (+54.10 USDT) | 模拟权益: -122564.21 | 爆仓价: 2160.76
2026-05-14 16:19:14 | INFO    | binance_eth.trader | 当前价格: 2268.70 | 持仓中，无平仓信号
2026-05-14 16:19:44 | INFO    | binance_eth.trader | 持仓中 [LONG] | 入场: 2262.58 | 当前: 2268.39 | 浮动盈亏: +5.14% (+51.36 USDT) | 模拟权益: -122564.21 | 爆仓价: 2160.76
2026-05-14 16:19:44 | INFO    | binance_eth.trader | 当前价格: 2268.39 | 持仓中，无平仓信号
2026-05-14 16:20:14 | INFO    | binance_eth.trader | 持仓中 [LONG] | 入场: 2262.58 | 当前: 2268.14 | 浮动盈亏: +4.91% (+49.15 USDT) | 模拟权益: -122564.21 | 爆仓价: 2160.76
2026-05-14 16:20:14 | INFO    | binance_eth.trader | 当前价格: 2268.14 | 持仓中，无平仓信号
2026-05-14 16:20:44 | INFO    | binance_eth.trader | 持仓中 [LONG] | 入场: 2262.58 | 当前: 2267.79 | 浮动盈亏: +4.61% (+46.05 USDT) | 模拟权益: -122564.21 | 爆仓价: 2160.76
2026-05-14 16:20:44 | INFO    | binance_eth.trader | 当前价格: 2267.79 | 持仓中，无平仓信号
2026-05-14 16:21:15 | INFO    | binance_eth.trader | 持仓中 [LONG] | 入场: 2262.58 | 当前: 2267.28 | 浮动盈亏: +4.15% (+41.55 USDT) | 模拟权益: -122564.21 | 爆仓价: 2160.76
2026-05-14 16:21:15 | INFO    | binance_eth.trader | 当前价格: 2267.28 | 持仓中，无平仓信号
2026-05-14 16:21:45 | INFO    | binance_eth.trader | 持仓中 [LONG] | 入场: 2262.58 | 当前: 2267.05 | 浮动盈亏: +3.95% (+39.51 USDT) | 模拟权益: -122564.21 | 爆仓价: 2160.76
2026-05-14 16:21:45 | INFO    | binance_eth.trader | 当前价格: 2267.05 | 持仓中，无平仓信号
2026-05-14 16:22:15 | INFO    | binance_eth.trader | 持仓中 [LONG] | 入场: 2262.58 | 当前: 2267.01 | 浮动盈亏: +3.92% (+39.16 USDT) | 模拟权益: -122564.21 | 爆仓价: 2160.76
2026-05-14 16:22:15 | INFO    | binance_eth.trader | 当前价格: 2267.01 | 持仓中，无平仓信号
2026-05-14 16:22:45 | INFO    | binance_eth.trader | 持仓中 [LONG] | 入场: 2262.58 | 当前: 2267.13 | 浮动盈亏: +4.02% (+40.22 USDT) | 模拟权益: -122564.21 | 爆仓价: 2160.76
2026-05-14 16:22:45 | INFO    | binance_eth.trader | 当前价格: 2267.13 | 持仓中，无平仓信号
2026-05-14 16:23:15 | INFO    | binance_eth.trader | 持仓中 [LONG] | 入场: 2262.58 | 当前: 2266.41 | 浮动盈亏: +3.39% (+33.86 USDT) | 模拟权益: -122564.21 | 爆仓价: 2160.76
2026-05-14 16:23:15 | INFO    | binance_eth.trader | 当前价格: 2266.41 | 持仓中，无平仓信号
2026-05-14 16:23:46 | INFO    | binance_eth.trader | 持仓中 [LONG] | 入场: 2262.58 | 当前: 2266.10 | 浮动盈亏: +3.11% (+31.11 USDT) | 模拟权益: -122564.21 | 爆仓价: 2160.76
2026-05-14 16:23:46 | INFO    | binance_eth.trader | 当前价格: 2266.10 | 持仓中，无平仓信号
2026-05-14 16:24:16 | INFO    | binance_eth.trader | 持仓中 [LONG] | 入场: 2262.58 | 当前: 2266.00 | 浮动盈亏: +3.02% (+30.23 USDT) | 模拟权益: -122564.21 | 爆仓价: 2160.76
2026-05-14 16:24:16 | INFO    | binance_eth.trader | 当前价格: 2266.00 | 持仓中，无平仓信号
2026-05-14 16:24:46 | INFO    | binance_eth.trader | 持仓中 [LONG] | 入场: 2262.58 | 当前: 2265.99 | 浮动盈亏: +3.01% (+30.14 USDT) | 模拟权益: -122564.21 | 爆仓价: 2160.76
2026-05-14 16:24:46 | INFO    | binance_eth.trader | 当前价格: 2265.99 | 持仓中，无平仓信号
2026-05-14 16:25:16 | INFO    | binance_eth.trader | 持仓中 [LONG] | 入场: 2262.58 | 当前: 2266.00 | 浮动盈亏: +3.02% (+30.23 USDT) | 模拟权益: -122564.21 | 爆仓价: 2160.76
2026-05-14 16:25:16 | INFO    | binance_eth.trader | 当前价格: 2266.00 | 持仓中，无平仓信号
2026-05-14 16:25:47 | INFO    | binance_eth.trader | 持仓中 [LONG] | 入场: 2262.58 | 当前: 2266.60 | 浮动盈亏: +3.55% (+35.53 USDT) | 模拟权益: -122564.21 | 爆仓价: 2160.76
2026-05-14 16:25:47 | INFO    | binance_eth.trader | 当前价格: 2266.60 | 持仓中，无平仓信号
2026-05-14 16:26:17 | INFO    | binance_eth.trader | 持仓中 [LONG] | 入场: 2262.58 | 当前: 2266.34 | 浮动盈亏: +3.32% (+33.24 USDT) | 模拟权益: -122564.21 | 爆仓价: 2160.76
2026-05-14 16:26:17 | INFO    | binance_eth.trader | 当前价格: 2266.34 | 持仓中，无平仓信号
2026-05-14 16:26:47 | INFO    | binance_eth.trader | 持仓中 [LONG] | 入场: 2262.58 | 当前: 2266.15 | 浮动盈亏: +3.16% (+31.56 USDT) | 模拟权益: -122564.21 | 爆仓价: 2160.76
2026-05-14 16:26:47 | INFO    | binance_eth.trader | 当前价格: 2266.15 | 持仓中，无平仓信号
2026-05-14 16:27:17 | INFO    | binance_eth.trader | 持仓中 [LONG] | 入场: 2262.58 | 当前: 2265.97 | 浮动盈亏: +3.00% (+29.97 USDT) | 模拟权益: -122564.21 | 爆仓价: 2160.76
2026-05-14 16:27:17 | INFO    | binance_eth.trader | 当前价格: 2265.97 | 持仓中，无平仓信号
2026-05-14 16:27:47 | INFO    | binance_eth.trader | 持仓中 [LONG] | 入场: 2262.58 | 当前: 2266.30 | 浮动盈亏: +3.29% (+32.88 USDT) | 模拟权益: -122564.21 | 爆仓价: 2160.76
2026-05-14 16:27:47 | INFO    | binance_eth.trader | 当前价格: 2266.30 | 持仓中，无平仓信号
2026-05-14 16:28:18 | INFO    | binance_eth.trader | 持仓中 [LONG] | 入场: 2262.58 | 当前: 2266.76 | 浮动盈亏: +3.69% (+36.95 USDT) | 模拟权益: -122564.21 | 爆仓价: 2160.76
2026-05-14 16:28:18 | INFO    | binance_eth.trader | 当前价格: 2266.76 | 持仓中，无平仓信号
2026-05-14 16:28:48 | INFO    | binance_eth.trader | 持仓中 [LONG] | 入场: 2262.58 | 当前: 2267.16 | 浮动盈亏: +4.05% (+40.48 USDT) | 模拟权益: -122564.21 | 爆仓价: 2160.76
2026-05-14 16:28:48 | INFO    | binance_eth.trader | 当前价格: 2267.16 | 持仓中，无平仓信号
2026-05-14 16:29:18 | INFO    | binance_eth.trader | 持仓中 [LONG] | 入场: 2262.58 | 当前: 2266.99 | 浮动盈亏: +3.90% (+38.98 USDT) | 模拟权益: -122564.21 | 爆仓价: 2160.76
2026-05-14 16:29:18 | INFO    | binance_eth.trader | 当前价格: 2266.99 | 持仓中，无平仓信号
2026-05-14 16:29:48 | INFO    | binance_eth.trader | 持仓中 [LONG] | 入场: 2262.58 | 当前: 2267.07 | 浮动盈亏: +3.97% (+39.69 USDT) | 模拟权益: -122564.21 | 爆仓价: 2160.76
2026-05-14 16:29:48 | INFO    | binance_eth.trader | 当前价格: 2267.07 | 持仓中，无平仓信号
2026-05-14 16:30:18 | INFO    | binance_eth.trader | 持仓中 [LONG] | 入场: 2262.58 | 当前: 2266.91 | 浮动盈亏: +3.83% (+38.27 USDT) | 模拟权益: -122564.21 | 爆仓价: 2160.76
2026-05-14 16:30:18 | INFO    | binance_eth.trader | 当前价格: 2266.91 | 持仓中，无平仓信号
2026-05-14 16:30:49 | INFO    | binance_eth.trader | 持仓中 [LONG] | 入场: 2262.58 | 当前: 2267.64 | 浮动盈亏: +4.47% (+44.73 USDT) | 模拟权益: -122564.21 | 爆仓价: 2160.76
2026-05-14 16:30:49 | INFO    | binance_eth.trader | 当前价格: 2267.64 | 持仓中，无平仓信号
2026-05-14 16:31:19 | INFO    | binance_eth.trader | 持仓中 [LONG] | 入场: 2262.58 | 当前: 2268.22 | 浮动盈亏: +4.99% (+49.85 USDT) | 模拟权益: -122564.21 | 爆仓价: 2160.76
2026-05-14 16:31:19 | INFO    | binance_eth.trader | 当前价格: 2268.22 | 持仓中，无平仓信号
2026-05-14 16:31:49 | INFO    | binance_eth.trader | 持仓中 [LONG] | 入场: 2262.58 | 当前: 2267.89 | 浮动盈亏: +4.69% (+46.94 USDT) | 模拟权益: -122564.21 | 爆仓价: 2160.76
2026-05-14 16:31:49 | INFO    | binance_eth.trader | 当前价格: 2267.89 | 持仓中，无平仓信号
2026-05-14 16:32:20 | INFO    | binance_eth.trader | 持仓中 [LONG] | 入场: 2262.58 | 当前: 2268.18 | 浮动盈亏: +4.95% (+49.50 USDT) | 模拟权益: -122564.21 | 爆仓价: 2160.76
2026-05-14 16:32:20 | INFO    | binance_eth.trader | 当前价格: 2268.18 | 持仓中，无平仓信号
2026-05-14 16:32:50 | INFO    | binance_eth.trader | 持仓中 [LONG] | 入场: 2262.58 | 当前: 2268.51 | 浮动盈亏: +5.24% (+52.42 USDT) | 模拟权益: -122564.21 | 爆仓价: 2160.76
2026-05-14 16:32:50 | INFO    | binance_eth.trader | 当前价格: 2268.51 | 持仓中，无平仓信号
2026-05-14 16:33:20 | INFO    | binance_eth.trader | 持仓中 [LONG] | 入场: 2262.58 | 当前: 2268.87 | 浮动盈亏: +5.56% (+55.60 USDT) | 模拟权益: -122564.21 | 爆仓价: 2160.76
2026-05-14 16:33:20 | INFO    | binance_eth.trader | 当前价格: 2268.87 | 持仓中，无平仓信号
2026-05-14 16:33:50 | INFO    | binance_eth.trader | 持仓中 [LONG] | 入场: 2262.58 | 当前: 2269.48 | 浮动盈亏: +6.10% (+60.99 USDT) | 模拟权益: -122564.21 | 爆仓价: 2160.76
2026-05-14 16:33:50 | INFO    | binance_eth.trader | 当前价格: 2269.48 | 持仓中，无平仓信号
2026-05-14 16:34:21 | INFO    | binance_eth.trader | 持仓中 [LONG] | 入场: 2262.58 | 当前: 2269.78 | 浮动盈亏: +6.36% (+63.64 USDT) | 模拟权益: -122564.21 | 爆仓价: 2160.76
2026-05-14 16:34:21 | INFO    | binance_eth.trader | 当前价格: 2269.78 | 持仓中，无平仓信号
2026-05-14 16:34:51 | INFO    | binance_eth.trader | 持仓中 [LONG] | 入场: 2262.58 | 当前: 2270.04 | 浮动盈亏: +6.59% (+65.94 USDT) | 模拟权益: -122564.21 | 爆仓价: 2160.76
2026-05-14 16:34:51 | INFO    | binance_eth.trader | 当前价格: 2270.04 | 持仓中，无平仓信号
2026-05-14 16:35:21 | INFO    | binance_eth.trader | 持仓中 [LONG] | 入场: 2262.58 | 当前: 2269.79 | 浮动盈亏: +6.37% (+63.73 USDT) | 模拟权益: -122564.21 | 爆仓价: 2160.76
2026-05-14 16:35:21 | INFO    | binance_eth.trader | 当前价格: 2269.79 | 持仓中，无平仓信号
2026-05-14 16:35:51 | INFO    | binance_eth.trader | 持仓中 [LONG] | 入场: 2262.58 | 当前: 2269.79 | 浮动盈亏: +6.37% (+63.73 USDT) | 模拟权益: -122564.21 | 爆仓价: 2160.76
2026-05-14 16:35:51 | INFO    | binance_eth.trader | 当前价格: 2269.79 | 持仓中，无平仓信号
2026-05-14 16:36:21 | INFO    | binance_eth.trader | 持仓中 [LONG] | 入场: 2262.58 | 当前: 2270.04 | 浮动盈亏: +6.59% (+65.94 USDT) | 模拟权益: -122564.21 | 爆仓价: 2160.76
2026-05-14 16:36:21 | INFO    | binance_eth.trader | 当前价格: 2270.04 | 持仓中，无平仓信号
2026-05-14 16:36:52 | INFO    | binance_eth.trader | 持仓中 [LONG] | 入场: 2262.58 | 当前: 2270.18 | 浮动盈亏: +6.72% (+67.18 USDT) | 模拟权益: -122564.21 | 爆仓价: 2160.76
2026-05-14 16:36:52 | INFO    | binance_eth.trader | 当前价格: 2270.18 | 持仓中，无平仓信号
2026-05-14 16:37:22 | INFO    | binance_eth.trader | 持仓中 [LONG] | 入场: 2262.58 | 当前: 2270.45 | 浮动盈亏: +6.96% (+69.57 USDT) | 模拟权益: -122564.21 | 爆仓价: 2160.76
2026-05-14 16:37:22 | INFO    | binance_eth.trader | 当前价格: 2270.45 | 持仓中，无平仓信号
2026-05-14 16:37:52 | INFO    | binance_eth.trader | 持仓中 [LONG] | 入场: 2262.58 | 当前: 2270.54 | 浮动盈亏: +7.04% (+70.36 USDT) | 模拟权益: -122564.21 | 爆仓价: 2160.76
2026-05-14 16:37:52 | INFO    | binance_eth.trader | 当前价格: 2270.54 | 持仓中，无平仓信号
2026-05-14 16:38:22 | INFO    | binance_eth.trader | 持仓中 [LONG] | 入场: 2262.58 | 当前: 2270.82 | 浮动盈亏: +7.28% (+72.84 USDT) | 模拟权益: -122564.21 | 爆仓价: 2160.76
2026-05-14 16:38:22 | INFO    | binance_eth.trader | 当前价格: 2270.82 | 持仓中，无平仓信号
2026-05-14 16:38:52 | INFO    | binance_eth.trader | 持仓中 [LONG] | 入场: 2262.58 | 当前: 2270.59 | 浮动盈亏: +7.08% (+70.80 USDT) | 模拟权益: -122564.21 | 爆仓价: 2160.76
2026-05-14 16:38:52 | INFO    | binance_eth.trader | 当前价格: 2270.59 | 持仓中，无平仓信号
2026-05-14 16:39:23 | INFO    | binance_eth.trader | 持仓中 [LONG] | 入场: 2262.58 | 当前: 2270.45 | 浮动盈亏: +6.96% (+69.57 USDT) | 模拟权益: -122564.21 | 爆仓价: 2160.76
2026-05-14 16:39:23 | INFO    | binance_eth.trader | 当前价格: 2270.45 | 持仓中，无平仓信号
2026-05-14 16:39:54 | INFO    | binance_eth.trader | 持仓中 [LONG] | 入场: 2262.58 | 当前: 2270.75 | 浮动盈亏: +7.22% (+72.22 USDT) | 模拟权益: -122564.21 | 爆仓价: 2160.76
2026-05-14 16:39:54 | INFO    | binance_eth.trader | 当前价格: 2270.75 | 持仓中，无平仓信号
2026-05-14 16:40:24 | INFO    | binance_eth.trader | 持仓中 [LONG] | 入场: 2262.58 | 当前: 2270.47 | 浮动盈亏: +6.97% (+69.74 USDT) | 模拟权益: -122564.21 | 爆仓价: 2160.76
2026-05-14 16:40:24 | INFO    | binance_eth.trader | 当前价格: 2270.47 | 持仓中，无平仓信号
2026-05-14 16:40:54 | INFO    | binance_eth.trader | 持仓中 [LONG] | 入场: 2262.58 | 当前: 2270.17 | 浮动盈亏: +6.71% (+67.09 USDT) | 模拟权益: -122564.21 | 爆仓价: 2160.76
2026-05-14 16:40:54 | INFO    | binance_eth.trader | 当前价格: 2270.17 | 持仓中，无平仓信号
2026-05-14 16:41:24 | INFO    | binance_eth.trader | 持仓中 [LONG] | 入场: 2262.58 | 当前: 2269.47 | 浮动盈亏: +6.09% (+60.90 USDT) | 模拟权益: -122564.21 | 爆仓价: 2160.76
2026-05-14 16:41:24 | INFO    | binance_eth.trader | 当前价格: 2269.47 | 持仓中，无平仓信号
2026-05-14 16:41:54 | INFO    | binance_eth.trader | 持仓中 [LONG] | 入场: 2262.58 | 当前: 2268.97 | 浮动盈亏: +5.65% (+56.48 USDT) | 模拟权益: -122564.21 | 爆仓价: 2160.76
2026-05-14 16:41:54 | INFO    | binance_eth.trader | 当前价格: 2268.97 | 持仓中，无平仓信号
2026-05-14 16:42:25 | INFO    | binance_eth.trader | 持仓中 [LONG] | 入场: 2262.58 | 当前: 2269.37 | 浮动盈亏: +6.00% (+60.02 USDT) | 模拟权益: -122564.21 | 爆仓价: 2160.76
2026-05-14 16:42:25 | INFO    | binance_eth.trader | 当前价格: 2269.37 | 持仓中，无平仓信号
2026-05-14 16:42:56 | INFO    | binance_eth.trader | 持仓中 [LONG] | 入场: 2262.58 | 当前: 2269.23 | 浮动盈亏: +5.88% (+58.78 USDT) | 模拟权益: -122564.21 | 爆仓价: 2160.76
2026-05-14 16:42:56 | INFO    | binance_eth.trader | 当前价格: 2269.23 | 持仓中，无平仓信号
2026-05-14 16:43:26 | INFO    | binance_eth.trader | 持仓中 [LONG] | 入场: 2262.58 | 当前: 2269.11 | 浮动盈亏: +5.77% (+57.72 USDT) | 模拟权益: -122564.21 | 爆仓价: 2160.76
2026-05-14 16:43:26 | INFO    | binance_eth.trader | 当前价格: 2269.11 | 持仓中，无平仓信号
2026-05-14 16:43:56 | INFO    | binance_eth.trader | 持仓中 [LONG] | 入场: 2262.58 | 当前: 2268.17 | 浮动盈亏: +4.94% (+49.41 USDT) | 模拟权益: -122564.21 | 爆仓价: 2160.76
2026-05-14 16:43:56 | INFO    | binance_eth.trader | 当前价格: 2268.17 | 持仓中，无平仓信号
2026-05-14 16:44:26 | INFO    | binance_eth.trader | 持仓中 [LONG] | 入场: 2262.58 | 当前: 2269.09 | 浮动盈亏: +5.75% (+57.54 USDT) | 模拟权益: -122564.21 | 爆仓价: 2160.76
2026-05-14 16:44:26 | INFO    | binance_eth.trader | 当前价格: 2269.09 | 持仓中，无平仓信号
2026-05-14 16:44:56 | INFO    | binance_eth.trader | 持仓中 [LONG] | 入场: 2262.58 | 当前: 2268.84 | 浮动盈亏: +5.53% (+55.34 USDT) | 模拟权益: -122564.21 | 爆仓价: 2160.76
2026-05-14 16:44:56 | INFO    | binance_eth.trader | 当前价格: 2268.84 | 持仓中，无平仓信号
2026-05-14 16:45:26 | INFO    | binance_eth.trader | 持仓中 [LONG] | 入场: 2262.58 | 当前: 2268.50 | 浮动盈亏: +5.23% (+52.33 USDT) | 模拟权益: -122564.21 | 爆仓价: 2160.76
2026-05-14 16:45:26 | INFO    | binance_eth.trader | 当前价格: 2268.50 | 持仓中，无平仓信号
2026-05-14 16:45:57 | INFO    | binance_eth.trader | 持仓中 [LONG] | 入场: 2262.58 | 当前: 2268.01 | 浮动盈亏: +4.80% (+48.00 USDT) | 模拟权益: -122564.21 | 爆仓价: 2160.76
2026-05-14 16:45:57 | WARNING | binance_eth.trader | ⬆️  平多信号 | 价格: 2268.01 | 原因: MACD死叉信号
2026-05-14 16:45:57 | WARNING | binance_eth.trader |    平仓盈亏(含手续费): +4.00% (+39.98 USDT)
2026-05-14 16:45:57 | WARNING | binance_eth.trader | 模拟权益已耗尽，停止运行
2026-05-14 16:45:58 | INFO    | binance_eth.email_notify | 交易信号邮件已发送: [ETHUSDT] 平多信号
2026-05-14 17:09:30 | WARNING | binance_eth.trader | ================================================================================
2026-05-14 17:09:30 | WARNING | binance_eth.trader | ⚠️  交易策略推荐系统 - 仅供参考，不构成投资建议
2026-05-14 17:09:30 | WARNING | binance_eth.trader | ⚠️  杠杆交易风险极高，可能导致全部本金损失
2026-05-14 17:09:30 | WARNING | binance_eth.trader | ================================================================================
2026-05-14 17:09:30 | INFO    | binance_eth.trader | 交易对: ETHUSDT | K线周期: 5m
2026-05-14 17:09:30 | INFO    | binance_eth.trader | 初始本金: 1000.00 USDT | 杠杆: 20x
2026-05-14 17:09:30 | INFO    | binance_eth.trader | 仓位模式: 全仓复投（模拟权益随平仓更新）| 最小开仓名义: 5.0 USDT
2026-05-14 17:09:30 | INFO    | binance_eth.trader | 止损: 1.5% | 止盈: 5.0%
2026-05-14 17:09:30 | INFO    | binance_eth.trader | 成本模型: 吃单手续费 0.0400%/边 | 资金费 0.00010/8h（正=多头付；UTC 0/8/16 点结算）
2026-05-14 17:09:30 | INFO    | binance_eth.trader | 检查间隔: 30 秒
2026-05-14 17:09:30 | INFO    | binance_eth.trader | ================================================================================
2026-05-14 17:09:30 | INFO    | binance_eth.trader | 交易信号邮件推送已启用，收件人: 1175371321@qq.com
2026-05-14 17:09:30 | INFO    | binance_eth.trader | 当前价格: 2265.85 | 信号不足
2026-05-14 17:10:01 | INFO    | binance_eth.trader | 当前价格: 2266.21 | 信号不足
2026-05-14 17:10:31 | INFO    | binance_eth.trader | 当前价格: 2264.95 | 信号不足
2026-05-14 17:11:01 | INFO    | binance_eth.trader | 当前价格: 2265.33 | 信号不足
2026-05-14 17:11:31 | INFO    | binance_eth.trader | 当前价格: 2264.50 | 信号不足
2026-05-14 17:12:02 | INFO    | binance_eth.trader | 当前价格: 2264.24 | 信号不足
2026-05-14 17:12:32 | INFO    | binance_eth.trader | 当前价格: 2265.11 | 信号不足
2026-05-14 17:13:02 | INFO    | binance_eth.trader | 当前价格: 2265.57 | 信号不足
2026-05-14 17:13:32 | INFO    | binance_eth.trader | 当前价格: 2265.12 | 信号不足
2026-05-14 17:14:03 | INFO    | binance_eth.trader | 当前价格: 2264.66 | 信号不足
2026-05-14 17:14:33 | INFO    | binance_eth.trader | 当前价格: 2264.42 | 信号不足
2026-05-14 17:15:03 | INFO    | binance_eth.trader | 当前价格: 2264.18 | 信号不足
2026-05-14 17:15:33 | INFO    | binance_eth.trader | 当前价格: 2264.22 | 信号不足
